"wave","RI_leafmaterial","spA_Cab","spA_Car","spA_Atn","spA_Br","spA_Cw","spA_Cm","spA_Protein","spA_nonPro"
400,1.5115,0.0648815,0.16734,0.0666747,0.5272,5.8e-05,109.7,0,127.93
401,1.5115,0.0667318,0.167607,0.0640556,0.5262,5.852e-05,103.7,0,120.933
402,1.5115,0.0685513,0.167184,0.0619332,0.5252,5.9e-05,97.98,0,114.263
403,1.5115,0.0699821,0.167207,0.0599215,0.5242,5.989e-05,92.44,0,107.802
404,1.5115,0.0709,0.167613,0.058277,0.5232,6.1e-05,87.13,0,101.609
405,1.5115,0.0713334,0.167596,0.0566994,0.5222,6.203e-05,82.31,0,95.9885
406,1.5108,0.0713202,0.167513,0.0553657,0.5212,6.3e-05,78.06,0,91.0322
407,1.5101,0.0712604,0.167426,0.0541628,0.5202,6.399e-05,74.04,0,86.3442
408,1.5095,0.0712231,0.167239,0.0531158,0.5192,6.5e-05,70.13,0,81.7844
409,1.5088,0.071228,0.166682,0.0519797,0.5182,6.603e-05,66.54,0,77.5978
410,1.5081,0.0714914,0.165882,0.0509515,0.5172,6.7e-05,63,0,73.4695
411,1.5076,0.0718877,0.165517,0.0501165,0.5162,6.79e-05,59.54,0,69.4345
412,1.5071,0.0720185,0.165446,0.0493873,0.5152,6.9e-05,56.16,0,65.4928
413,1.5065,0.0718268,0.165689,0.0486038,0.5142,7.05e-05,53,0,61.8077
414,1.506,0.0714934,0.166088,0.0478761,0.5132,7.2e-05,50.01,0,58.3208
415,1.5055,0.0711319,0.166189,0.0473795,0.5122,7.312e-05,47.23,0,55.0788
416,1.505,0.0707629,0.166288,0.0468987,0.5112,7.4e-05,44.63,0,52.0467
417,1.5046,0.0704367,0.166456,0.0465315,0.5102,7.49e-05,42.2,0,49.2129
418,1.5041,0.070094,0.166622,0.0461572,0.5092,7.6e-05,39.96,0,46.6007
419,1.5037,0.0698404,0.166873,0.0457923,0.5082,7.74e-05,37.8,0,44.0817
420,1.5032,0.0698193,0.167164,0.0454286,0.5072,7.9e-05,35.67,0,41.5977
421,1.5029,0.0700539,0.167544,0.0451439,0.5062,8.063e-05,33.62,0,39.2071
422,1.5026,0.0702815,0.16798,0.0448451,0.5052,8.2e-05,31.7,0,36.968
423,1.5022,0.070503,0.168439,0.0445356,0.5042,8.297e-05,29.93,0,34.9038
424,1.5019,0.0704727,0.168599,0.0442495,0.5032,8.4e-05,28.32,0,33.0263
425,1.5016,0.0705277,0.168474,0.0441159,0.5022,8.551e-05,26.79,0,31.242
426,1.5013,0.0708095,0.168142,0.0439576,0.5012,8.7e-05,25.35,0,29.5627
427,1.501,0.0713124,0.168,0.043874,0.5002,8.8e-05,24.02,0,28.0117
428,1.5008,0.0716223,0.167725,0.0438046,0.4992,8.9e-05,22.76,0,26.5423
429,1.5005,0.0719053,0.167413,0.0438581,0.4982,9.05e-05,21.5,0,25.0729
430,1.5002,0.0724491,0.167551,0.0438612,0.4972,9.2e-05,20.24,0,23.6035
431,1.5,0.0730907,0.167744,0.0439124,0.496,9.3e-05,19.01,0,22.1691
432,1.4997,0.0736521,0.167905,0.0439588,0.4948,9.4e-05,17.85,0,20.8164
433,1.4995,0.074047,0.167971,0.0440366,0.4936,9.55e-05,16.76,0,19.5452
434,1.4992,0.0743349,0.167937,0.0441105,0.4924,9.7e-05,15.75,0,18.3674
435,1.499,0.0745425,0.167973,0.0442029,0.4912,9.801e-05,14.81,0,17.2712
436,1.4988,0.0746911,0.168177,0.0442768,0.49,9.9e-05,13.92,0,16.2333
437,1.4986,0.0746534,0.168322,0.0443989,0.4888,0.0001005,13.12,0,15.3003
438,1.4984,0.0745703,0.168695,0.0445095,0.4876,0.000102,12.33,0,14.379
439,1.4982,0.0742853,0.169163,0.0446471,0.4864,0.0001031,11.61,0,13.5394
440,1.498,0.0737942,0.169569,0.0447865,0.4852,0.000104,10.96,0,12.7814
441,1.4977,0.072818,0.169678,0.0449193,0.484,0.000105,10.41,0,12.14
442,1.4974,0.0716223,0.169631,0.0450615,0.4829,0.000106,9.924,0,11.5732
443,1.4972,0.0704587,0.1699,0.0452269,0.4817,0.000107,9.41,0,10.9738
444,1.4969,0.0691047,0.169905,0.0454154,0.4805,0.000108,8.947,0,10.4338
445,1.4966,0.0675675,0.169815,0.0455895,0.4793,0.000109,8.508,0,9.92188
446,1.4964,0.0660264,0.16977,0.0457528,0.4781,0.00011,8.087,0,9.43092
447,1.4962,0.0644919,0.16973,0.045857,0.4769,0.000111,7.64,0,8.90964
448,1.4959,0.0626681,0.169345,0.045994,0.4757,0.000112,7.268,0,8.47582
449,1.4957,0.0607546,0.168568,0.0461954,0.4745,0.000113,6.939,0,8.09214
450,1.4955,0.0587747,0.167441,0.0464136,0.4733,0.000114,6.66,0,7.76678
451,1.4953,0.0567782,0.166023,0.0466797,0.472,0.000115,6.422,0,7.48922
452,1.4951,0.0547324,0.164464,0.046953,0.4708,0.000116,6.222,0,7.25599
453,1.4949,0.0528441,0.162899,0.0471624,0.4695,0.000117,6.01,0,7.00876
454,1.4947,0.0511254,0.161362,0.04736,0.4683,0.000118,5.782,0,6.74287
455,1.4945,0.0495729,0.15978,0.0475935,0.467,0.000119,5.573,0,6.49914
456,1.4943,0.048139,0.158224,0.0478138,0.4658,0.00012,5.37,0,6.2624
457,1.4942,0.0468009,0.156555,0.0480817,0.4645,0.000121,5.173,0,6.03266
458,1.494,0.0456455,0.154969,0.0483353,0.4633,0.000122,4.946,0,5.76794
459,1.4939,0.0446906,0.153299,0.0485953,0.462,0.000123,4.761,0,5.5522
460,1.4937,0.0438733,0.151672,0.0488393,0.4608,0.000124,4.575,0,5.33529
461,1.4935,0.0431621,0.149969,0.0491231,0.4597,0.000125,4.419,0,5.15336
462,1.4934,0.0426533,0.148319,0.0493705,0.4587,0.000126,4.259,0,4.96677
463,1.4932,0.0422062,0.146765,0.0496082,0.4577,0.000127,4.117,0,4.80117
464,1.4931,0.0417743,0.145076,0.0498409,0.4566,0.000128,4.006,0,4.67173
465,1.4929,0.0412972,0.143493,0.050136,0.4556,0.0001289,3.945,0,4.60059
466,1.4928,0.0409113,0.142004,0.0504203,0.4546,0.00013,3.853,0,4.4933
467,1.4927,0.0405705,0.14055,0.0507836,0.4535,0.0001315,3.784,0,4.41284
468,1.4925,0.0403017,0.139191,0.0511498,0.4525,0.000133,3.671,0,4.28106
469,1.4924,0.0400089,0.138023,0.0515566,0.4515,0.000134,3.554,0,4.14461
470,1.4923,0.0397273,0.137008,0.0519406,0.4504,0.000135,3.462,0,4.03732
471,1.4922,0.0395205,0.136145,0.0523872,0.4494,0.0001364,3.363,0,3.92187
472,1.492,0.039292,0.13548,0.0528197,0.4484,0.000138,3.282,0,3.82741
473,1.4919,0.0390352,0.134998,0.0534087,0.4473,0.0001396,3.184,0,3.71313
474,1.4917,0.0387726,0.134639,0.0539897,0.4463,0.000141,3.102,0,3.6175
475,1.4916,0.0385228,0.134366,0.0544621,0.4453,0.0001424,3.051,0,3.55802
476,1.4915,0.0382599,0.134169,0.0549398,0.4442,0.000144,2.983,0,3.47872
477,1.4914,0.0378812,0.133937,0.055543,0.4432,0.0001459,2.947,0,3.43674
478,1.4912,0.03751,0.133745,0.0561548,0.4422,0.000148,2.913,0,3.39709
479,1.4911,0.0371492,0.133557,0.0566378,0.4411,0.0001499,2.869,0,3.34578
480,1.491,0.0367757,0.133271,0.0571515,0.4401,0.000152,2.803,0,3.26881
481,1.4909,0.0363,0.132787,0.0576893,0.4388,0.0001544,2.777,0,3.23849
482,1.4907,0.0357606,0.132173,0.0582652,0.4375,0.000157,2.751,0,3.20817
483,1.4906,0.03521,0.131409,0.058847,0.4362,0.0001596,2.726,0,3.17901
484,1.4904,0.0345829,0.130422,0.0594778,0.435,0.000162,2.702,0,3.15103
485,1.4903,0.0339091,0.129222,0.0600537,0.4337,0.0001643,2.679,0,3.1242
486,1.4902,0.0331842,0.127818,0.0606698,0.4324,0.000167,2.656,0,3.09738
487,1.49,0.0323774,0.126314,0.061221,0.4311,0.0001704,2.634,0,3.07173
488,1.4899,0.0315189,0.124566,0.0618094,0.4298,0.000174,2.613,0,3.04724
489,1.4897,0.0305842,0.122692,0.0623585,0.4285,0.0001775,2.593,0,3.02391
490,1.4896,0.0296622,0.120655,0.0629224,0.4272,0.000181,2.573,0,3.00059
491,1.4895,0.0286992,0.118603,0.0634338,0.426,0.0001849,2.554,0,2.97843
492,1.4893,0.0276921,0.11652,0.0639703,0.4247,0.000189,2.536,0,2.95744
493,1.4892,0.0266404,0.11441,0.0644618,0.4234,0.0001934,2.519,0,2.93761
494,1.489,0.0255901,0.112274,0.0649644,0.4221,0.000198,2.502,0,2.91779
495,1.4889,0.0245165,0.110113,0.0654305,0.4208,0.0002031,2.486,0,2.89913
496,1.4887,0.0234283,0.10793,0.0659096,0.4195,0.000209,2.471,0,2.88164
497,1.4885,0.0223279,0.105726,0.0663776,0.4183,0.0002158,2.457,0,2.86531
498,1.4884,0.0212239,0.103502,0.0668519,0.417,0.000223,2.443,0,2.84898
499,1.4882,0.0201366,0.101261,0.0673086,0.4157,0.0002303,2.43,0,2.83382
500,1.488,0.0190485,0.0990044,0.0677709,0.4144,0.000238,2.417,0,2.81866
501,1.4878,0.0179798,0.0967335,0.0681326,0.4135,0.0002463,2.405,0,2.80467
502,1.4876,0.0169429,0.0944502,0.0684792,0.4127,0.000255,2.394,0,2.79184
503,1.4875,0.0159234,0.0921564,0.0688146,0.4118,0.000264,2.384,0,2.78018
504,1.4873,0.0149343,0.0898536,0.0691402,0.4109,0.000273,2.374,0,2.76852
505,1.4871,0.0139785,0.0875437,0.0693615,0.41,0.0002819,2.365,0,2.75802
506,1.4869,0.0130497,0.0852284,0.069563,0.4092,0.000291,2.356,0,2.74753
507,1.4867,0.0121542,0.0829094,0.069828,0.4083,0.0003004,2.348,0,2.7382
508,1.4865,0.0112959,0.0805884,0.0700735,0.4074,0.00031,2.341,0,2.73003
509,1.4863,0.01048,0.0782671,0.0702792,0.4065,0.0003194,2.334,0,2.72187
510,1.4861,0.00970081,0.0759473,0.0704719,0.4057,0.000329,2.328,0,2.71487
511,1.4859,0.00895396,0.0736308,0.0706789,0.4047,0.000339,2.323,0,2.70904
512,1.4856,0.0082461,0.0713191,0.0708719,0.4038,0.000349,2.318,0,2.70321
513,1.4854,0.00758,0.0690141,0.0710254,0.4028,0.0003588,2.314,0,2.69855
514,1.4851,0.00695743,0.0667175,0.0711652,0.4019,0.000368,2.31,0,2.69388
515,1.4849,0.00638669,0.064431,0.0712852,0.4009,0.0003767,2.307,0,2.69038
516,1.4846,0.00586805,0.0621564,0.0713896,0.4,0.000386,2.304,0,2.68688
517,1.4844,0.00540153,0.0598953,0.0714865,0.399,0.0003962,2.302,0,2.68455
518,1.4841,0.00499129,0.0576495,0.0715735,0.3981,0.000404,2.301,0,2.68339
519,1.4839,0.00463493,0.0554207,0.0716303,0.3971,0.0004069,2.3,0,2.68222
520,1.4836,0.00433379,0.0532106,0.0716821,0.3962,0.000409,2.3,0,2.68222
521,1.4833,0.00408503,0.0510211,0.0717393,0.3952,0.0004138,2.3,0,2.68222
522,1.483,0.00388739,0.0488537,0.0717754,0.3943,0.000416,2.3,0,2.68222
523,1.4828,0.00374206,0.0467102,0.0718152,0.3933,0.0004112,2.3,0,2.68222
524,1.4825,0.00365252,0.0445924,0.0718641,0.3924,0.000409,2.3,0,2.68222
525,1.4822,0.00361178,0.042502,0.0719587,0.3914,0.0004176,2.3,0,2.68222
526,1.4819,0.00361934,0.0404407,0.0720597,0.3905,0.000427,2.3,0,2.68222
527,1.4816,0.00367282,0.0384102,0.0721526,0.3895,0.0004268,2.3,0,2.68222
528,1.4813,0.00376967,0.0364122,0.0722403,0.3886,0.000423,2.3,0,2.68222
529,1.481,0.00390324,0.0344486,0.0722952,0.3876,0.0004237,2.3,0,2.68222
530,1.4807,0.00406899,0.0325209,0.0723492,0.3867,0.000429,2.3,0,2.68222
531,1.4804,0.00426366,0.030631,0.0724141,0.3846,0.0004371,2.3,0,2.68222
532,1.4801,0.00448428,0.0287806,0.0724758,0.3824,0.000445,2.3,0,2.68222
533,1.4797,0.00472995,0.0269713,0.0725103,0.3803,0.0004506,2.3,0,2.68222
534,1.4794,0.00499348,0.025205,0.0725285,0.3782,0.000456,2.3,0,2.68222
535,1.4791,0.00527276,0.0234833,0.0725289,0.376,0.0004631,2.3,0,2.68222
536,1.4788,0.00556455,0.0218079,0.0725061,0.3739,0.00047,2.3,0,2.68222
537,1.4784,0.00586623,0.0201807,0.0724327,0.3718,0.0004748,2.3,0,2.68222
538,1.4781,0.00617059,0.0186033,0.0723404,0.3696,0.00048,2.3,0,2.68222
539,1.4777,0.00647922,0.0170774,0.0722102,0.3675,0.0004879,2.3,0,2.68222
540,1.4774,0.0067864,0.0156048,0.0720633,0.3654,0.000495,2.3,0,2.68222
541,1.4771,0.00709,0.0141872,0.0718369,0.3639,0.0004983,2.3,0,2.68222
542,1.4767,0.007388,0.0128264,0.0716024,0.3625,0.000503,2.3,0,2.68222
543,1.4764,0.00767415,0.011524,0.0713427,0.3611,0.0005141,2.3,0,2.68222
544,1.476,0.00794833,0.0102818,0.0710671,0.3597,0.000527,2.3,0,2.68222
545,1.4757,0.00820829,0.00910146,0.0707065,0.3582,0.0005363,2.3,0,2.68222
546,1.4753,0.00845364,0.00798479,0.0703069,0.3568,0.000544,2.3,0,2.68222
547,1.475,0.00868499,0.00693348,0.0698401,0.3554,0.0005532,2.3,0,2.68222
548,1.4746,0.00890368,0.00594925,0.0693554,0.354,0.000564,2.3,0,2.68222
549,1.4743,0.0091119,0.00503384,0.0687563,0.3525,0.0005759,2.3,0,2.68222
550,1.4739,0.00930939,0.00418898,0.0681398,0.3511,0.000588,2.3,0,2.68222
551,1.4735,0.00950012,0.00341638,0.06744,0.35,0.0005998,2.3,0,2.68222
552,1.4732,0.00968213,0.00271778,0.0667326,0.3489,0.000611,2.3,0,2.68222
553,1.4728,0.00986391,0.0020949,0.0659041,0.3478,0.0006215,2.3,0,2.68222
554,1.4725,0.01004,0.00154947,0.0650612,0.3467,0.000631,2.3,0,2.68222
555,1.4721,0.0102144,0.00108322,0.0642103,0.3456,0.0006391,2.3,0,2.68222
556,1.4717,0.0103855,0.000697863,0.0633575,0.3445,0.000646,2.3,0,2.68222
557,1.4713,0.0105557,0.000395138,0.0624373,0.3434,0.000652,2.3,0,2.68222
558,1.4709,0.0107242,0.000176768,0.0615175,0.3423,0.000658,2.3,0,2.68222
559,1.4705,0.0108889,4.44797e-05,0.0605785,0.3412,0.0006647,2.3,0,2.68222
560,1.4701,0.011048,2.13163e-13,0.0596515,0.3401,0.000672,2.3,0,2.68222
561,1.4697,0.0112169,0,0.0586113,0.3383,0.0006793,2.3,0,2.68222
562,1.4693,0.0114015,0,0.057591,0.3366,0.000686,2.3,0,2.68222
563,1.4689,0.0116055,0,0.0565542,0.3348,0.000692,2.3,0,2.68222
564,1.4685,0.0118272,0,0.0555431,0.333,0.000699,2.3,0,2.68222
565,1.4681,0.0120748,0,0.0543786,0.3312,0.0007084,2.3,0,2.68222
566,1.4677,0.0123402,0,0.0532432,0.3294,0.000718,2.3,0,2.68222
567,1.4673,0.012628,0,0.052056,0.3276,0.0007257,2.3,0,2.68222
568,1.467,0.012933,0,0.0509,0.3258,0.000734,2.3,0,2.68222
569,1.4666,0.0132595,0,0.0496714,0.3241,0.0007455,2.3,0,2.68222
570,1.4662,0.0135979,0,0.0484808,0.3223,0.000759,2.3,0,2.68222
571,1.4658,0.0139469,0,0.0473085,0.3202,0.0007729,2.3,0,2.68222
572,1.4654,0.0143014,0,0.0461743,0.3182,0.000787,2.3,0,2.68222
573,1.4651,0.0146577,0,0.0450001,0.3162,0.000802,2.3,0,2.68222
574,1.4647,0.0150102,0,0.0438705,0.3141,0.000819,2.3,0,2.68222
575,1.4643,0.0153567,0,0.0427812,0.3121,0.0008386,2.3,0,2.68222
576,1.4639,0.0156935,0,0.0417338,0.31,0.000858,2.3,0,2.68222
577,1.4635,0.0160234,0,0.0406179,0.308,0.0008754,2.3,0,2.68222
578,1.4632,0.0163397,0,0.0395431,0.3059,0.000896,2.3,0,2.68222
579,1.4628,0.0166478,0,0.0384569,0.3039,0.0009238,2.3,0,2.68222
580,1.4624,0.0169452,0,0.037412,0.3019,0.000952,2.3,0,2.68222
581,1.462,0.0172407,0,0.0362003,0.2999,0.0009745,2.3,0,2.68222
582,1.4616,0.0175269,0,0.0350426,0.2979,0.001,2.3,0,2.68222
583,1.4613,0.0178005,0,0.0339189,0.2959,0.001037,2.3,0,2.68222
584,1.4609,0.0180658,0,0.0328458,0.294,0.001079,2.3,0,2.68222
585,1.4605,0.0183248,0,0.0317012,0.292,0.001119,2.3,0,2.68222
586,1.4602,0.0185679,0,0.0306065,0.29,0.001159,2.3,0,2.68222
587,1.4598,0.0188,0,0.0296161,0.2881,0.001204,2.3,0,2.68222
588,1.4595,0.0190186,0,0.0286652,0.2861,0.001253,2.3,0,2.68222
589,1.4591,0.0192278,0,0.0277151,0.2841,0.001304,2.3,0,2.68222
590,1.4588,0.0194191,0,0.0268029,0.2821,0.001356,2.3,0,2.68222
591,1.4585,0.0195991,0,0.0259512,0.2803,0.001408,2.3,0,2.68222
592,1.4582,0.0197663,0,0.0251335,0.2784,0.001459,2.3,0,2.68222
593,1.4579,0.0199222,0,0.0242929,0.2766,0.00151,2.3,0,2.68222
594,1.4576,0.0200656,0,0.0234865,0.2747,0.001567,2.3,0,2.68222
595,1.4573,0.0201988,0,0.0226866,0.2728,0.001635,2.3,0,2.68222
596,1.457,0.0203266,0,0.0219176,0.271,0.0017,2.3,0,2.68222
597,1.4567,0.0204577,0,0.0210849,0.2691,0.001758,2.3,0,2.68222
598,1.4565,0.0205849,0,0.0202843,0.2673,0.00186,2.3,0,2.68222
599,1.4562,0.0207154,0,0.0194972,0.2654,0.002042,2.3,0,2.68222
600,1.4559,0.020854,0,0.0187401,0.2636,0.002224,2.3,0,2.68222
601,1.4556,0.0210068,0,0.017977,0.2618,0.002323,2.3,0,2.68222
602,1.4553,0.0211716,0,0.0172421,0.2601,0.002366,2.3,0,2.68222
603,1.4551,0.0213477,0,0.0166044,0.2584,0.0024,2.3,0,2.68222
604,1.4548,0.0215458,0,0.015987,0.2566,0.002448,2.3,0,2.68222
605,1.4545,0.0217636,0,0.0154096,0.2549,0.002519,2.3,0,2.68222
606,1.4543,0.0220033,0,0.0148447,0.2532,0.002587,2.3,0,2.68222
607,1.454,0.022268,0,0.0143173,0.2515,0.002629,2.3,0,2.68222
608,1.4538,0.0225525,0,0.0138003,0.2497,0.002653,2.3,0,2.68222
609,1.4535,0.0228594,0,0.0132952,0.248,0.002674,2.3,0,2.68222
610,1.4533,0.0231769,0,0.0128011,0.2463,0.002691,2.3,0,2.68222
611,1.4531,0.0235022,0,0.0123363,0.2447,0.002704,2.3,0,2.68222
612,1.4528,0.0238419,0,0.0118837,0.2431,0.002715,2.3,0,2.68222
613,1.4526,0.0241985,0,0.0113936,0.2414,0.002727,2.3,0,2.68222
614,1.4523,0.024561,0,0.0109184,0.2398,0.00274,2.3,0,2.68222
615,1.4521,0.024917,0,0.0104635,0.2382,0.002753,2.3,0,2.68222
616,1.4519,0.0252691,0,0.0100219,0.2366,0.002764,2.3,0,2.68222
617,1.4517,0.0256167,0,0.00958084,0.235,0.002775,2.3,0,2.68222
618,1.4514,0.0259503,0,0.00915534,0.2334,0.002785,2.3,0,2.68222
619,1.4512,0.0262545,0,0.00877663,0.2318,0.002797,2.3,0,2.68222
620,1.451,0.0265303,0,0.00841103,0.2302,0.00281,2.3,0,2.68222
621,1.4508,0.0267861,0,0.00805235,0.2288,0.002824,2.3,0,2.68222
622,1.4506,0.0270098,0,0.00770727,0.2273,0.002839,2.3,0,2.68222
623,1.4504,0.0272066,0,0.00737548,0.2258,0.002854,2.3,0,2.68222
624,1.4502,0.0273792,0,0.00705665,0.2244,0.002868,2.3,0,2.68222
625,1.45,0.0275228,0,0.00675045,0.2229,0.002881,2.3,0,2.68222
626,1.4498,0.0276449,0,0.00645657,0.2215,0.002893,2.3,0,2.68222
627,1.4497,0.0277392,0,0.00617467,0.22,0.002907,2.3,0,2.68222
628,1.4495,0.0278211,0,0.00590444,0.2185,0.002922,2.3,0,2.68222
629,1.4494,0.0278951,0,0.00564554,0.2171,0.002938,2.3,0,2.68222
630,1.4492,0.0279776,0,0.00539765,0.2156,0.002955,2.3,0,2.68222
631,1.4491,0.0280723,0,0.00516045,0.2143,0.002972,2.3,0,2.68222
632,1.4489,0.0281944,0,0.00493362,0.2129,0.002988,2.3,0,2.68222
633,1.4488,0.0283603,0,0.00471682,0.2115,0.003,2.3,0,2.68222
634,1.4486,0.0285729,0,0.00450973,0.2102,0.003011,2.3,0,2.68222
635,1.4485,0.028846,0,0.00431204,0.2088,0.003023,2.3,0,2.68222
636,1.4484,0.0291814,0,0.00412341,0.2074,0.003038,2.3,0,2.68222
637,1.4483,0.0295993,0,0.00394352,0.2061,0.003057,2.3,0,2.68222
638,1.4482,0.0300771,0,0.00377204,0.2047,0.003076,2.3,0,2.68222
639,1.4481,0.0306343,0,0.00360865,0.2033,0.003094,2.3,0,2.68222
640,1.448,0.0312475,0,0.00345303,0.202,0.003111,2.3,0,2.68222
641,1.4479,0.0319268,0,0.00330485,0.2007,0.003127,2.3,0,2.68222
642,1.4478,0.0326585,0,0.00316378,0.1994,0.003144,2.3,0,2.68222
643,1.4478,0.0334412,0,0.00302951,0.1981,0.003162,2.3,0,2.68222
644,1.4477,0.0342546,0,0.0029017,0.1968,0.003181,2.3,0,2.68222
645,1.4476,0.0351007,0,0.00278004,0.1955,0.003202,2.3,0,2.68222
646,1.4475,0.0359489,0,0.00266419,0.1942,0.003223,2.3,0,2.68222
647,1.4475,0.0367793,0,0.00255383,0.1929,0.003242,2.3,0,2.68222
648,1.4474,0.037588,0,0.00244865,0.1916,0.003263,2.3,0,2.68222
649,1.4474,0.0383232,0,0.0023483,0.1903,0.003289,2.3,0,2.68222
650,1.4473,0.0390136,0,0.00225247,0.189,0.003315,2.3,0,2.68222
651,1.4473,0.0396312,0,0.00216084,0.1878,0.003338,2.3,0,2.68222
652,1.4472,0.0402217,0,0.00207308,0.1865,0.003362,2.3,0,2.68222
653,1.4472,0.0408042,0,0.00198886,0.1853,0.00339,2.3,0,2.68222
654,1.4471,0.0414183,0,0.00190786,0.1841,0.003423,2.3,0,2.68222
655,1.4471,0.0421067,0,0.00182975,0.1829,0.003461,2.3,0,2.68222
656,1.447,0.04288,0,0.00175422,0.1816,0.003508,2.3,0,2.68222
657,1.447,0.0438083,0,0.00168093,0.1804,0.003567,2.3,0,2.68222
658,1.4469,0.0448612,0,0.00160956,0.1792,0.003636,2.3,0,2.68222
659,1.4469,0.0461069,0,0.00153979,0.178,0.003712,2.3,0,2.68222
660,1.4468,0.0474949,0,0.00147128,0.1768,0.003791,2.3,0,2.68222
661,1.4468,0.0491126,0,0.00140373,0.1755,0.003866,2.3,0,2.68222
662,1.4468,0.0508487,0,0.0013368,0.1742,0.003931,2.3,0,2.68222
663,1.4467,0.0527301,0,0.00127016,0.1729,0.003981,2.3,0,2.68222
664,1.4467,0.0546996,0,0.0012035,0.1717,0.004019,2.3,0,2.68222
665,1.4467,0.0567611,0,0.00113648,0.1704,0.004049,2.3,0,2.68222
666,1.4466,0.0588679,0,0.00106879,0.1691,0.004072,2.3,0,2.68222
667,1.4466,0.0608295,0,0.0010001,0.1679,0.004087,2.3,0,2.68222
668,1.4465,0.06275,0,0.000930077,0.1666,0.004098,2.3,0,2.68222
669,1.4465,0.0644721,0,0.000858406,0.1653,0.004109,2.3,0,2.68222
670,1.4464,0.0661121,0,0.000784759,0.1641,0.004122,2.3,0,2.68222
671,1.4464,0.0674706,0,0.000710017,0.1627,0.004137,2.3,0,2.68222
672,1.4463,0.0686749,0,0.000638835,0.1613,0.00415,2.3,0,2.68222
673,1.4463,0.0696352,0,0.000571243,0.16,0.00416,2.3,0,2.68222
674,1.4462,0.0704652,0,0.000507271,0.1586,0.004173,2.3,0,2.68222
675,1.4462,0.0709948,0,0.000446948,0.1572,0.004196,2.3,0,2.68222
676,1.4461,0.0714015,0,0.000390303,0.1559,0.004223,2.3,0,2.68222
677,1.446,0.0713582,0,0.000337366,0.1545,0.004248,2.3,0,2.68222
678,1.446,0.0711272,0,0.000288166,0.1532,0.00427,2.3,0,2.68222
679,1.4459,0.0701854,0,0.000242734,0.1518,0.004293,2.3,0,2.68222
680,1.4458,0.0689206,0,0.000201097,0.1504,0.004318,2.3,0,2.68222
681,1.4457,0.0665762,0,0.000163286,0.1491,0.004347,2.3,0,2.68222
682,1.4457,0.0639476,0,0.00012933,0.1478,0.004381,2.3,0,2.68222
683,1.4456,0.0604821,0,9.92589e-05,0.1464,0.004418,2.3,0,2.68222
684,1.4456,0.0568583,0,7.31016e-05,0.1451,0.004458,2.3,0,2.68222
685,1.4455,0.0527473,0,5.08877e-05,0.1437,0.0045,2.3,0,2.68222
686,1.4454,0.0487258,0,3.26466e-05,0.1424,0.004545,2.3,0,2.68222
687,1.4453,0.044707,0,1.84079e-05,0.1411,0.004594,2.3,0,2.68222
688,1.4453,0.0408585,0,8.20091e-06,0.1397,0.004646,2.3,0,2.68222
689,1.4452,0.0371411,0,2.05514e-06,0.1384,0.004701,2.3,0,2.68222
690,1.4451,0.033671,0,0,0.137,0.00476,2.3,0,2.68222
691,1.445,0.0304587,0,0,0.1358,0.004827,2.3,0,2.68222
692,1.445,0.0275021,0,0,0.1345,0.004903,2.3,0,2.68222
693,1.4449,0.0247868,0,0,0.1333,0.004986,2.3,0,2.68222
694,1.4449,0.0223303,0,0,0.132,0.005071,2.3,0,2.68222
695,1.4448,0.0201436,0,0,0.1308,0.005154,2.3,0,2.68222
696,1.4447,0.0181733,0,0,0.1295,0.005244,2.3,0,2.68222
697,1.4446,0.0164205,0,0,0.1283,0.005351,2.3,0,2.68222
698,1.4446,0.0148521,0,0,0.127,0.00547,2.3,0,2.68222
699,1.4445,0.0134714,0,0,0.1258,0.005594,2.3,0,2.68222
700,1.4444,0.0122406,0,0,0.1245,0.005722,2.3,0,2.68222
701,1.4443,0.0111549,0,0,0.1234,0.005855,2.3,0,2.68222
702,1.4442,0.0101925,0,0,0.1223,0.005995,2.3,0,2.68222
703,1.4441,0.00934301,0,0,0.1212,0.006146,2.3,0,2.68222
704,1.444,0.00858695,0,0,0.12,0.006303,2.3,0,2.68222
705,1.4439,0.00791505,0,0,0.1189,0.006463,2.3,0,2.68222
706,1.4438,0.00731259,0,0,0.1178,0.006628,2.3,0,2.68222
707,1.4437,0.00677109,0,0,0.1167,0.006804,2.3,0,2.68222
708,1.4435,0.0062803,0,0,0.1156,0.006993,2.3,0,2.68222
709,1.4434,0.00583221,0,0,0.1144,0.007197,2.3,0,2.68222
710,1.4433,0.00542144,0,0,0.1133,0.007415,2.3,0,2.68222
711,1.4431,0.0050449,0,0,0.1122,0.007647,2.3,0,2.68222
712,1.443,0.00469652,0,0,0.1111,0.007893,2.3,0,2.68222
713,1.4428,0.00437346,0,0,0.11,0.008157,2.3,0,2.68222
714,1.4427,0.00407204,0,0,0.1089,0.008445,2.3,0,2.68222
715,1.4425,0.00379222,0,0,0.1078,0.008763,2.3,0,2.68222
716,1.4423,0.0035302,0,0,0.1067,0.009109,2.3,0,2.68222
717,1.4422,0.00328562,0,0,0.1056,0.009479,2.3,0,2.68222
718,1.442,0.00305749,0,0,0.1046,0.009871,2.3,0,2.68222
719,1.4419,0.00284347,0,0,0.1035,0.01029,2.3,0,2.68222
720,1.4417,0.0026434,0,0,0.1024,0.01072,2.3,0,2.68222
721,1.4415,0.00245633,0,0,0.1013,0.01119,2.3,0,2.68222
722,1.4413,0.00228092,0,0,0.1003,0.01168,2.3,0,2.68222
723,1.4411,0.0021168,0,0,0.09931,0.01218,2.3,0,2.68222
724,1.4409,0.00196361,0,0,0.09829,0.01268,2.3,0,2.68222
725,1.4407,0.00182056,0,0,0.09727,0.01319,2.3,0,2.68222
726,1.4405,0.00168688,0,0,0.09625,0.01372,2.3,0,2.68222
727,1.4403,0.00156284,0,0,0.09524,0.01428,2.3,0,2.68222
728,1.4402,0.00144677,0,0,0.09422,0.01487,2.3,0,2.68222
729,1.44,0.00133883,0,0,0.0932,0.01551,2.3,0,2.68222
730,1.4398,0.0012386,0,0,0.09218,0.01621,2.3,0,2.68222
731,1.4396,0.0011459,0,0,0.0912,0.01699,2.3,0,2.68222
732,1.4394,0.00105907,0,0,0.09022,0.01787,2.3,0,2.68222
733,1.4393,0.000978276,0,0,0.08924,0.01886,2.3,0,2.68222
734,1.4391,0.000904086,0,0,0.08827,0.01992,2.3,0,2.68222
735,1.4389,0.00083609,0,0,0.08729,0.02101,2.3,0,2.68222
736,1.4387,0.000772889,0,0,0.08631,0.02207,2.3,0,2.68222
737,1.4385,0.000715026,0,0,0.08533,0.02306,2.3,0,2.68222
738,1.4384,0.000661618,0,0,0.08435,0.02394,2.3,0,2.68222
739,1.4382,0.000612349,0,0,0.08337,0.02469,2.3,0,2.68222
740,1.438,0.000567642,0,0,0.08239,0.02532,2.3,0,2.68222
741,1.4378,0.00052722,0,0,0.08155,0.02583,2.3,0,2.68222
742,1.4377,0.00048994,0,0,0.0807,0.02623,2.3,0,2.68222
743,1.4375,0.000456364,0,0,0.07985,0.02652,2.3,0,2.68222
744,1.4374,0.000425665,0,0,0.07901,0.02672,2.3,0,2.68222
745,1.4372,0.000398123,0,0,0.07816,0.02689,2.3,0,2.68222
746,1.4371,0.000373159,0,0,0.07732,0.02702,2.3,0,2.68222
747,1.437,0.000351044,0,0,0.07647,0.02713,2.3,0,2.68222
748,1.4368,0.000331411,0,0,0.07562,0.02722,2.3,0,2.68222
749,1.4367,0.000313711,0,0,0.07478,0.02728,2.3,0,2.68222
750,1.4366,0.000298414,0,0,0.07393,0.02733,2.3,0,2.68222
751,1.4364,0.000283146,0,0,0.07319,0.02738,2.3,0,2.68222
752,1.4363,0.00026796,0,0,0.07245,0.02741,2.3,0,2.68222
753,1.4361,0.000252885,0,0,0.07171,0.02745,2.3,0,2.68222
754,1.436,0.000237952,0,0,0.07097,0.02748,2.3,0,2.68222
755,1.4358,0.000223193,0,0,0.07023,0.02751,2.3,0,2.68222
756,1.4357,0.000208636,0,0,0.06949,0.02754,2.3,0,2.68222
757,1.4356,0.000194314,0,0,0.06875,0.02758,2.3,0,2.68222
758,1.4354,0.000180256,0,0,0.06801,0.02763,2.3,0,2.68222
759,1.4353,0.000166494,0,0,0.06727,0.02767,2.3,0,2.68222
760,1.4352,0.000153058,0,0,0.06653,0.02771,2.3,0,2.68222
761,1.4351,0.000139979,0,0,0.06586,0.02773,2.3,0,2.68222
762,1.435,0.000127287,0,0,0.06519,0.02773,2.3,0,2.68222
763,1.4349,0.000115013,0,0,0.06452,0.02774,2.3,0,2.68222
764,1.4348,0.000103187,0,0,0.06385,0.02774,2.3,0,2.68222
765,1.4347,9.18411e-05,0,0,0.06318,0.02773,2.3,0,2.68222
766,1.4346,8.10049e-05,0,0,0.06251,0.0277,2.3,0,2.68222
767,1.4345,7.07092e-05,0,0,0.06184,0.02766,2.3,0,2.68222
768,1.4345,6.09847e-05,0,0,0.06117,0.02761,2.3,0,2.68222
769,1.4344,5.18621e-05,0,0,0.0605,0.02757,2.3,0,2.68222
770,1.4343,4.3372e-05,0,0,0.05983,0.02754,2.3,0,2.68222
771,1.4343,3.5545e-05,0,0,0.05913,0.02752,2.3,0,2.68222
772,1.4342,2.84118e-05,0,0,0.05843,0.02748,2.3,0,2.68222
773,1.4342,2.20031e-05,0,0,0.05773,0.02741,2.3,0,2.68222
774,1.4341,1.63494e-05,0,0,0.05704,0.02731,2.3,0,2.68222
775,1.4341,1.14814e-05,0,0,0.05634,0.0272,2.3,0,2.68222
776,1.4341,7.42983e-06,0,0,0.05564,0.0271,2.3,0,2.68222
777,1.4341,4.22525e-06,0,0,0.05494,0.02701,2.3,0,2.68222
778,1.434,1.89832e-06,0,0,0.05424,0.0269,2.3,0,2.68222
779,1.434,4.79687e-07,0,0,0.05354,0.02675,2.3,0,2.68222
780,1.434,1.05249e-13,0,0,0.05284,0.02659,2.3,0,2.68222
781,1.434,0,0,0,0.05226,0.02645,2.3,0,2.68222
782,1.434,0,0,0,0.05167,0.02633,2.3,0,2.68222
783,1.434,0,0,0,0.05109,0.02624,2.3,0,2.68222
784,1.434,0,0,0,0.0505,0.02613,2.3,0,2.68222
785,1.434,0,0,0,0.04992,0.02593,2.3,0,2.68222
786,1.434,0,0,0,0.04933,0.02558,2.3,0,2.68222
787,1.4341,0,0,0,0.04874,0.02523,2.3,0,2.68222
788,1.4341,0,0,0,0.04816,0.02513,2.3,0,2.68222
789,1.4342,0,0,0,0.04757,0.02501,2.3,0,2.68222
790,1.4342,0,0,0,0.04699,0.02466,2.3,0,2.68222
791,1.4342,0,0,0,0.04646,0.02447,2.3,0,2.68222
792,1.4342,0,0,0,0.04594,0.02412,2.3,0,2.68222
793,1.4343,0,0,0,0.04542,0.02389,2.3,0,2.68222
794,1.4343,0,0,0,0.0449,0.02374,2.3,0,2.68222
795,1.4343,0,0,0,0.04437,0.02355,2.3,0,2.68222
796,1.4343,0,0,0,0.04385,0.02337,2.3,0,2.68222
797,1.4344,0,0,0,0.04333,0.02318,2.3,0,2.68222
798,1.4344,0,0,0,0.04281,0.02304,2.3,0,2.68222
799,1.4345,0,0,0,0.04228,0.02281,2.3,0,2.68222
800,1.4345,0,0,0,0.04176,0.02246,2.3,0,2.68222
801,1.4345,0,0,0,0.04128,0.02243,2.3,0,2.68222
802,1.4346,0,0,0,0.04081,0.02238,2.3,0,2.68222
803,1.4346,0,0,0,0.04033,0.02222,2.3,0,2.68222
804,1.4347,0,0,0,0.03985,0.02204,2.3,0,2.68222
805,1.4347,0,0,0,0.03937,0.02201,2.3,0,2.68222
806,1.4347,0,0,0,0.03889,0.02204,2.3,0,2.68222
807,1.4347,0,0,0,0.03841,0.02196,2.3,0,2.68222
808,1.4347,0,0,0,0.03793,0.02177,2.3,0,2.68222
809,1.4347,0,0,0,0.03746,0.0219,2.3,0,2.68222
810,1.4347,0,0,0,0.03698,0.02188,2.3,0,2.68222
811,1.4347,0,0,0,0.03657,0.02188,2.3,0,2.68222
812,1.4347,0,0,0,0.03615,0.02198,2.3,0,2.68222
813,1.4347,0,0,0,0.03574,0.0221,2.3,0,2.68222
814,1.4347,0,0,0,0.03533,0.02223,2.3,0,2.68222
815,1.4347,0,0,0,0.03492,0.02233,2.3,0,2.68222
816,1.4347,0,0,0,0.03451,0.02248,2.3,0,2.68222
817,1.4347,0,0,0,0.03409,0.02276,2.3,0,2.68222
818,1.4347,0,0,0,0.03368,0.02304,2.3,0,2.68222
819,1.4347,0,0,0,0.03327,0.02311,2.3,0,2.68222
820,1.4347,0,0,0,0.03286,0.02329,2.3,0,2.68222
821,1.4347,0,0,0,0.03249,0.02388,2.3,0,2.68222
822,1.4347,0,0,0,0.03212,0.02446,2.3,0,2.68222
823,1.4347,0,0,0,0.03175,0.02475,2.3,0,2.68222
824,1.4347,0,0,0,0.03139,0.02516,2.3,0,2.68222
825,1.4347,0,0,0,0.03102,0.0262,2.3,0,2.68222
826,1.4347,0,0,0,0.03065,0.02769,2.3,0,2.68222
827,1.4347,0,0,0,0.03028,0.0283,2.3,0,2.68222
828,1.4348,0,0,0,0.02991,0.02914,2.3,0,2.68222
829,1.4348,0,0,0,0.02954,0.03108,2.3,0,2.68222
830,1.4348,0,0,0,0.02918,0.03214,2.3,0,2.68222
831,1.4348,0,0,0,0.02885,0.03297,2.3,0,2.68222
832,1.4348,0,0,0,0.02852,0.03459,2.3,0,2.68222
833,1.4348,0,0,0,0.02819,0.03606,2.3,0,2.68222
834,1.4348,0,0,0,0.02786,0.03662,2.3,0,2.68222
835,1.4348,0,0,0,0.02753,0.03702,2.3,0,2.68222
836,1.4348,0,0,0,0.0272,0.03788,2.3,0,2.68222
837,1.4348,0,0,0,0.02688,0.03829,2.3,0,2.68222
838,1.4348,0,0,0,0.02655,0.03854,2.3,0,2.68222
839,1.4348,0,0,0,0.02622,0.03909,2.3,0,2.68222
840,1.4348,0,0,0,0.02589,0.03949,2.3,0,2.68222
841,1.4348,0,0,0,0.02559,0.03972,2.3,0,2.68222
842,1.4348,0,0,0,0.02529,0.04,2.3,0,2.68222
843,1.4348,0,0,0,0.02499,0.0404,2.3,0,2.68222
844,1.4348,0,0,0,0.02469,0.04057,2.3,0,2.68222
845,1.4348,0,0,0,0.0244,0.04075,2.3,0,2.68222
846,1.4348,0,0,0,0.0241,0.04115,2.3,0,2.68222
847,1.4348,0,0,0,0.0238,0.04127,2.3,0,2.68222
848,1.4347,0,0,0,0.0235,0.04149,2.3,0,2.68222
849,1.4347,0,0,0,0.0232,0.04204,2.3,0,2.68222
850,1.4347,0,0,0,0.0229,0.04199,2.3,0,2.68222
851,1.4347,0,0,0,0.02264,0.04223,2.3,0,2.68222
852,1.4347,0,0,0,0.02238,0.04254,2.3,0,2.68222
853,1.4347,0,0,0,0.02212,0.04272,2.3,0,2.68222
854,1.4347,0,0,0,0.02186,0.0428,2.3,0,2.68222
855,1.4347,0,0,0,0.02159,0.04306,2.3,0,2.68222
856,1.4347,0,0,0,0.02133,0.0436,2.3,0,2.68222
857,1.4347,0,0,0,0.02107,0.04369,2.3,0,2.68222
858,1.4346,0,0,0,0.02081,0.04379,2.3,0,2.68222
859,1.4346,0,0,0,0.02055,0.04433,2.3,0,2.68222
860,1.4346,0,0,0,0.02029,0.04454,2.3,0,2.68222
861,1.4346,0,0,0,0.02006,0.04466,2.3,0,2.68222
862,1.4346,0,0,0,0.01983,0.04505,2.3,0,2.68222
863,1.4345,0,0,0,0.01961,0.04527,2.3,0,2.68222
864,1.4345,0,0,0,0.01938,0.04552,2.3,0,2.68222
865,1.4345,0,0,0,0.01915,0.04605,2.3,0,2.68222
866,1.4345,0,0,0,0.01893,0.04658,2.3,0,2.68222
867,1.4345,0,0,0,0.0187,0.04691,2.3,0,2.68222
868,1.4345,0,0,0,0.01847,0.04705,2.3,0,2.68222
869,1.4345,0,0,0,0.01825,0.04713,2.3,0,2.68222
870,1.4345,0,0,0,0.01802,0.04752,2.3,0,2.68222
871,1.4345,0,0,0,0.01782,0.04833,2.3,0,2.68222
872,1.4345,0,0,0,0.01762,0.04867,2.3,0,2.68222
873,1.4344,0,0,0,0.01742,0.04894,2.3,0,2.68222
874,1.4344,0,0,0,0.01723,0.0496,2.3,0,2.68222
875,1.4344,0,0,0,0.01703,0.05006,2.3,0,2.68222
876,1.4344,0,0,0,0.01683,0.0505,2.3,0,2.68222
877,1.4343,0,0,0,0.01663,0.05115,2.3,0,2.68222
878,1.4343,0,0,0,0.01643,0.05153,2.3,0,2.68222
879,1.4342,0,0,0,0.01623,0.05204,2.3,0,2.68222
880,1.4342,0,0,0,0.01604,0.05298,2.3,0,2.68222
881,1.4342,0,0,0,0.01586,0.05346,2.3,0,2.68222
882,1.4342,0,0,0,0.01568,0.05386,2.3,0,2.68222
883,1.4341,0,0,0,0.01551,0.05465,2.3,0,2.68222
884,1.4341,0,0,0,0.01533,0.05528,2.3,0,2.68222
885,1.4341,0,0,0,0.01516,0.05566,2.3,0,2.68222
886,1.4341,0,0,0,0.01498,0.05596,2.3,0,2.68222
887,1.4341,0,0,0,0.01481,0.05653,2.3,0,2.68222
888,1.434,0,0,0,0.01463,0.05745,2.3,0,2.68222
889,1.434,0,0,0,0.01446,0.05789,2.3,0,2.68222
890,1.434,0,0,0,0.01428,0.05831,2.3,0,2.68222
891,1.434,0,0,0,0.01414,0.05924,2.3,0,2.68222
892,1.4339,0,0,0,0.014,0.05982,2.3,0,2.68222
893,1.4339,0,0,0,0.01385,0.06009,2.3,0,2.68222
894,1.4338,0,0,0,0.01371,0.06035,2.3,0,2.68222
895,1.4338,0,0,0,0.01357,0.06094,2.3,0,2.68222
896,1.4338,0,0,0,0.01343,0.06185,2.3,0,2.68222
897,1.4338,0,0,0,0.01328,0.06226,2.3,0,2.68222
898,1.4337,0,0,0,0.01314,0.06269,2.3,0,2.68222
899,1.4337,0,0,0,0.013,0.0636,2.3,0,2.68222
900,1.4337,0,0,0,0.01286,0.06407,2.3,0,2.68222
901,1.4337,0,0,0,0.01275,0.06458,2.3,0,2.68222
902,1.4336,0,0,0,0.01265,0.06562,2.3,0,2.68222
903,1.4336,0,0,0,0.01255,0.06636,2.3,0,2.68222
904,1.4335,0,0,0,0.01245,0.06672,2.3,0,2.68222
905,1.4335,0,0,0,0.01235,0.06699,2.3,0,2.68222
906,1.4335,0,0,0,0.01225,0.06769,2.3,0,2.68222
907,1.4335,0,0,0,0.01215,0.069,2.3,0,2.68222
908,1.4334,0,0,0,0.01205,0.06989,2.3,0,2.68222
909,1.4334,0,0,0,0.01195,0.07037,2.3,0,2.68222
910,1.4334,0,0,0,0.01185,0.07085,2.3,0,2.68222
911,1.4334,0,0,0,0.01175,0.07187,2.3,0,2.68222
912,1.4333,0,0,0,0.01165,0.07358,2.3,0,2.68222
913,1.4333,0,0,0,0.01155,0.07486,2.3,0,2.68222
914,1.4332,0,0,0,0.01145,0.07562,2.3,0,2.68222
915,1.4332,0,0,0,0.01135,0.0763,2.3,0,2.68222
916,1.4332,0,0,0,0.01125,0.07792,2.3,0,2.68222
917,1.4332,0,0,0,0.01115,0.08085,2.3,0,2.68222
918,1.4331,0,0,0,0.01105,0.08292,2.3,0,2.68222
919,1.4331,0,0,0,0.01096,0.0841,2.3,0,2.68222
920,1.4331,0,0,0,0.01086,0.08528,2.3,0,2.68222
921,1.4331,0,0,0,0.01076,0.08801,2.3,0,2.68222
922,1.433,0,0,0,0.01066,0.09268,2.3,0,2.68222
923,1.433,0,0,0,0.01056,0.09584,2.3,0,2.68222
924,1.4329,0,0,0,0.01047,0.09819,2.3,0,2.68222
925,1.4329,0,0,0,0.01037,0.1012,2.3,0,2.68222
926,1.4329,0,0,0,0.01027,0.1042,2.3,0,2.68222
927,1.4328,0,0,0,0.01017,0.1066,2.3,0,2.68222
928,1.4328,0,0,0,0.01008,0.1113,2.3,0,2.68222
929,1.4327,0,0,0,0.00998,0.1194,2.3,0,2.68222
930,1.4327,0,0,0,0.009884,0.1246,2.3,0,2.68222
931,1.4326,0,0,0,0.009787,0.1281,2.3,0,2.68222
932,1.4326,0,0,0,0.009691,0.1327,2.3,0,2.68222
933,1.4325,0,0,0,0.009595,0.1374,2.3,0,2.68222
934,1.4325,0,0,0,0.0095,0.141,2.3,0,2.68222
935,1.4324,0,0,0,0.009404,0.1465,2.3,0,2.68222
936,1.4324,0,0,0,0.009309,0.1557,2.3,0,2.68222
937,1.4323,0,0,0,0.009214,0.1635,2.3,0,2.68222
938,1.4323,0,0,0,0.00912,0.1688,2.3,0,2.68222
939,1.4322,0,0,0,0.009025,0.1732,2.3,0,2.68222
940,1.4322,0,0,0,0.008931,0.1818,2.3,0,2.68222
941,1.4322,0,0,0,0.008837,0.1963,2.3,0,2.68222
942,1.4321,0,0,0,0.008743,0.205,2.3,0,2.68222
943,1.4321,0,0,0,0.00865,0.2106,2.3,0,2.68222
944,1.432,0,0,0,0.008557,0.2187,2.3,0,2.68222
945,1.432,0,0,0,0.008464,0.2287,2.3,0,2.68222
946,1.432,0,0,0,0.008371,0.2386,2.3,0,2.68222
947,1.4319,0,0,0,0.008279,0.2468,2.3,0,2.68222
948,1.4319,0,0,0,0.008187,0.2542,2.3,0,2.68222
949,1.4318,0,0,0,0.008095,0.2701,2.3,0,2.68222
950,1.4318,0,0,0,0.008004,0.2976,2.3,0,2.68222
951,1.4318,0,0,0,0.007913,0.3153,2.3,0,2.68222
952,1.4317,0,0,0,0.007822,0.3274,2.3,0,2.68222
953,1.4317,0,0,0,0.007732,0.3438,2.3,0,2.68222
954,1.4316,0,0,0,0.007641,0.3622,2.3,0,2.68222
955,1.4316,0,0,0,0.007552,0.3785,2.3,0,2.68222
956,1.4316,0,0,0,0.007462,0.393,2.3,0,2.68222
957,1.4315,0,0,0,0.007373,0.4068,2.3,0,2.68222
958,1.4315,0,0,0,0.007284,0.4184,2.3,0,2.68222
959,1.4314,0,0,0,0.007195,0.4273,2.3,0,2.68222
960,1.4314,0,0,0,0.007107,0.4385,2.3,0,2.68222
961,1.4313,0,0,0,0.007019,0.4538,2.3,0,2.68222
962,1.4313,0,0,0,0.006932,0.4611,2.3,0,2.68222
963,1.4312,0,0,0,0.006844,0.4633,2.3,0,2.68222
964,1.4312,0,0,0,0.006758,0.4663,2.3,0,2.68222
965,1.4311,0,0,0,0.006671,0.4701,2.3,0,2.68222
966,1.431,0,0,0,0.006585,0.4733,2.3,0,2.68222
967,1.431,0,0,0,0.006499,0.4756,2.3,0,2.68222
968,1.4309,0,0,0,0.006414,0.4772,2.3,0,2.68222
969,1.4309,0,0,0,0.006329,0.4785,2.3,0,2.68222
970,1.4308,0,0,0,0.006244,0.48,2.3,0,2.68222
971,1.4307,0,0,0,0.00616,0.4814,2.3,0,2.68222
972,1.4307,0,0,0,0.006076,0.4827,2.3,0,2.68222
973,1.4306,0,0,0,0.005993,0.4843,2.3,0,2.68222
974,1.4306,0,0,0,0.00591,0.4864,2.3,0,2.68222
975,1.4305,0,0,0,0.005827,0.487,2.3,0,2.68222
976,1.4304,0,0,0,0.005745,0.4867,2.3,0,2.68222
977,1.4304,0,0,0,0.005663,0.4864,2.3,0,2.68222
978,1.4303,0,0,0,0.005581,0.4857,2.3,0,2.68222
979,1.4303,0,0,0,0.0055,0.4841,2.3,0,2.68222
980,1.4302,0,0,0,0.005419,0.4821,2.3,0,2.68222
981,1.4301,0,0,0,0.005339,0.4804,2.3,0,2.68222
982,1.43,0,0,0,0.005259,0.4786,2.3,0,2.68222
983,1.43,0,0,0,0.00518,0.4764,2.3,0,2.68222
984,1.4299,0,0,0,0.005101,0.4738,2.3,0,2.68222
985,1.4298,0,0,0,0.005023,0.471,2.3,0,2.68222
986,1.4297,0,0,0,0.004945,0.4677,2.3,0,2.68222
987,1.4297,0,0,0,0.004867,0.4641,2.3,0,2.68222
988,1.4296,0,0,0,0.00479,0.4604,2.3,0,2.68222
989,1.4296,0,0,0,0.004713,0.457,2.3,0,2.68222
990,1.4295,0,0,0,0.004637,0.4532,2.3,0,2.68222
991,1.4294,0,0,0,0.004561,0.4482,2.3,0,2.68222
992,1.4293,0,0,0,0.004486,0.4434,2.3,0,2.68222
993,1.4293,0,0,0,0.004411,0.4397,2.3,0,2.68222
994,1.4292,0,0,0,0.004337,0.4362,2.3,0,2.68222
995,1.4291,0,0,0,0.004263,0.4316,2.3,0,2.68222
996,1.429,0,0,0,0.00419,0.4265,2.3,0,2.68222
997,1.4289,0,0,0,0.004117,0.4215,2.3,0,2.68222
998,1.4289,0,0,0,0.004044,0.4168,2.3,0,2.68222
999,1.4288,0,0,0,0.003972,0.4121,2.3,0,2.68222
1000,1.4287,0,0,0,0.003901,0.4072,2.3,0,2.68222
1001,1.4286,0,0,0,0.00383,0.4017,2.3,0,2.68222
1002,1.4285,0,0,0,0.00376,0.3963,2.3,0,2.68222
1003,1.4285,0,0,0,0.00369,0.3915,2.3,0,2.68222
1004,1.4284,0,0,0,0.00362,0.3868,2.3,0,2.68222
1005,1.4283,0,0,0,0.003552,0.3816,2.3,0,2.68222
1006,1.4282,0,0,0,0.003483,0.376,2.3,0,2.68222
1007,1.4281,0,0,0,0.003416,0.3701,2.3,0,2.68222
1008,1.4281,0,0,0,0.003348,0.364,2.3,0,2.68222
1009,1.428,0,0,0,0.003282,0.3581,2.3,0,2.68222
1010,1.4279,0,0,0,0.003215,0.3521,2.3,0,2.68222
1011,1.4278,0,0,0,0.00315,0.3461,2.3,0,2.68222
1012,1.4277,0,0,0,0.003085,0.3402,2.3,0,2.68222
1013,1.4276,0,0,0,0.00302,0.3349,2.3,0,2.68222
1014,1.4275,0,0,0,0.002956,0.3297,2.3,0,2.68222
1015,1.4274,0,0,0,0.002893,0.3243,2.3,0,2.68222
1016,1.4273,0,0,0,0.00283,0.3191,2.3,0,2.68222
1017,1.4272,0,0,0,0.002768,0.3141,2.3,0,2.68222
1018,1.4272,0,0,0,0.002706,0.3086,2.3,0,2.68222
1019,1.4271,0,0,0,0.002645,0.3022,2.3,0,2.68222
1020,1.427,0,0,0,0.002585,0.2957,2.3,0,2.68222
1021,1.4269,0,0,0,0.002525,0.2897,2.3,0,2.68222
1022,1.4268,0,0,0,0.002465,0.284,2.3,0,2.68222
1023,1.4267,0,0,0,0.002407,0.2782,2.3,0,2.68222
1024,1.4266,0,0,0,0.002348,0.2724,2.3,0,2.68222
1025,1.4265,0,0,0,0.002291,0.2672,2.3,0,2.68222
1026,1.4264,0,0,0,0.002234,0.2621,2.3,0,2.68222
1027,1.4263,0,0,0,0.002178,0.2566,2.3,0,2.68222
1028,1.4263,0,0,0,0.002122,0.2506,2.3,0,2.68222
1029,1.4262,0,0,0,0.002067,0.2444,2.3,0,2.68222
1030,1.4261,0,0,0,0.002012,0.2391,2.3,0,2.68222
1031,1.426,0,0,0,0.001959,0.2357,2.3,0,2.68222
1032,1.4259,0,0,0,0.001905,0.2331,2.3,0,2.68222
1033,1.4258,0,0,0,0.001853,0.2299,2.3,0,2.68222
1034,1.4257,0,0,0,0.001801,0.2251,2.3,0,2.68222
1035,1.4256,0,0,0,0.00175,0.2198,2.3,0,2.68222
1036,1.4255,0,0,0,0.001699,0.2151,2.3,0,2.68222
1037,1.4254,0,0,0,0.001649,0.2109,2.3,0,2.68222
1038,1.4253,0,0,0,0.0016,0.2064,2.3,0,2.68222
1039,1.4252,0,0,0,0.001551,0.202,2.3,0,2.68222
1040,1.4251,0,0,0,0.001503,0.1981,2.3,0,2.68222
1041,1.425,0,0,0,0.001456,0.1944,2.3,0,2.68222
1042,1.4249,0,0,0,0.001409,0.1904,2.3,0,2.68222
1043,1.4248,0,0,0,0.001363,0.1868,2.3,0,2.68222
1044,1.4247,0,0,0,0.001318,0.1841,2.3,0,2.68222
1045,1.4246,0,0,0,0.001274,0.1818,2.3,0,2.68222
1046,1.4245,0,0,0,0.00123,0.179,2.3,0,2.68222
1047,1.4244,0,0,0,0.001187,0.1752,2.3,0,2.68222
1048,1.4242,0,0,0,0.001144,0.1715,2.3,0,2.68222
1049,1.4241,0,0,0,0.001102,0.1687,2.3,0,2.68222
1050,1.424,0,0,0,0.001061,0.1664,2.3,0,2.68222
1051,1.4239,0,0,0,0.001021,0.1639,2.3,0,2.68222
1052,1.4238,0,0,0,0.0009811,0.1613,2.3,0,2.68222
1053,1.4237,0,0,0,0.0009422,0.1586,2.3,0,2.68222
1054,1.4236,0,0,0,0.000904,0.1562,2.3,0,2.68222
1055,1.4235,0,0,0,0.0008665,0.1545,2.3,0,2.68222
1056,1.4234,0,0,0,0.0008297,0.1532,2.3,0,2.68222
1057,1.4233,0,0,0,0.0007937,0.1522,2.3,0,2.68222
1058,1.4232,0,0,0,0.0007584,0.151,2.3,0,2.68222
1059,1.4231,0,0,0,0.0007239,0.1495,2.3,0,2.68222
1060,1.423,0,0,0,0.0006901,0.1475,2.3,0,2.68222
1061,1.4229,0,0,0,0.0006571,0.1457,2.3,0,2.68222
1062,1.4228,0,0,0,0.0006248,0.1447,2.3,0,2.68222
1063,1.4226,0,0,0,0.0005933,0.1442,2.3,0,2.68222
1064,1.4225,0,0,0,0.0005626,0.1438,2.3,0,2.68222
1065,1.4224,0,0,0,0.0005326,0.1433,2.3,0,2.68222
1066,1.4223,0,0,0,0.0005034,0.1426,2.3,0,2.68222
1067,1.4222,0,0,0,0.000475,0.1418,2.3,0,2.68222
1068,1.422,0,0,0,0.0004473,0.1412,2.3,0,2.68222
1069,1.4219,0,0,0,0.0004205,0.141,2.3,0,2.68222
1070,1.4218,0,0,0,0.0003944,0.1409,2.3,0,2.68222
1071,1.4217,0,0,0,0.0003691,0.1408,2.3,0,2.68222
1072,1.4216,0,0,0,0.0003446,0.1406,2.3,0,2.68222
1073,1.4215,0,0,0,0.000321,0.1405,2.3,0,2.68222
1074,1.4214,0,0,0,0.0002981,0.1408,2.3,0,2.68222
1075,1.4213,0,0,0,0.000276,0.1414,2.3,0,2.68222
1076,1.4212,0,0,0,0.0002548,0.1426,2.3,0,2.68222
1077,1.4211,0,0,0,0.0002344,0.1435,2.3,0,2.68222
1078,1.4209,0,0,0,0.0002148,0.1438,2.3,0,2.68222
1079,1.4208,0,0,0,0.000196,0.1439,2.3,0,2.68222
1080,1.4207,0,0,0,0.000178,0.1443,2.3,0,2.68222
1081,1.4206,0,0,0,0.0001609,0.1456,2.3,0,2.68222
1082,1.4205,0,0,0,0.0001446,0.1475,2.3,0,2.68222
1083,1.4203,0,0,0,0.0001292,0.1498,2.3,0,2.68222
1084,1.4202,0,0,0,0.0001146,0.1519,2.3,0,2.68222
1085,1.4201,0,0,0,0.0001009,0.1534,2.3,0,2.68222
1086,1.42,0,0,0,8.804e-05,0.1547,2.3,0,2.68222
1087,1.4199,0,0,0,7.603e-05,0.1561,2.3,0,2.68222
1088,1.4197,0,0,0,6.488e-05,0.158,2.3,0,2.68222
1089,1.4196,0,0,0,5.46e-05,0.1604,2.3,0,2.68222
1090,1.4195,0,0,0,4.519e-05,0.1632,2.3,0,2.68222
1091,1.4194,0,0,0,3.666e-05,0.1659,2.3,0,2.68222
1092,1.4193,0,0,0,2.901e-05,0.1677,2.3,0,2.68222
1093,1.4191,0,0,0,2.225e-05,0.1693,2.3,0,2.68222
1094,1.419,0,0,0,1.637e-05,0.1712,2.3,0,2.68222
1095,1.4189,0,0,0,1.138e-05,0.1739,2.3,0,2.68222
1096,1.4188,0,0,0,7.297e-06,0.1777,2.3,0,2.68222
1097,1.4187,0,0,0,4.111e-06,0.1824,2.3,0,2.68222
1098,1.4185,0,0,0,1.83e-06,0.1866,2.3,0,2.68222
1099,1.4184,0,0,0,4.581e-07,0.189,2.3,0,2.68222
1100,1.4183,0,0,0,0,0.1906,2.3,0,2.68222
1101,1.4182,0,0,0,0,0.1929,2.3,0,2.68222
1102,1.4181,0,0,0,0,0.1967,2.3,0,2.68222
1103,1.4179,0,0,0,0,0.2005,2.3,0,2.68222
1104,1.4178,0,0,0,0,0.2031,2.3,0,2.68222
1105,1.4177,0,0,0,0,0.2051,2.3,0,2.68222
1106,1.4176,0,0,0,0,0.2079,2.3,0,2.68222
1107,1.4175,0,0,0,0,0.2123,2.3,0,2.68222
1108,1.4173,0,0,0,0,0.2166,2.3,0,2.68222
1109,1.4172,0,0,0,0,0.2196,2.3,0,2.68222
1110,1.4171,0,0,0,0,0.2219,2.3,0,2.68222
1111,1.417,0,0,0,0,0.2251,2.3,0,2.68222
1112,1.4169,0,0,0,0,0.2298,2.3,0,2.68222
1113,1.4167,0,0,0,0,0.2337,2.3,0,2.68222
1114,1.4166,0,0,0,0,0.2346,2.3,0,2.68222
1115,1.4165,0,0,0,0,0.2342,2.3,0,2.68222
1116,1.4164,0,0,0,0,0.2353,2.3,0,2.68222
1117,1.4163,0,0,0,0,0.2397,2.3,0,2.68222
1118,1.4161,0,0,0,0,0.245,2.3,0,2.68222
1119,1.416,0,0,0,0,0.2491,2.3,0,2.68222
1120,1.4159,0,0,0,0,0.2528,2.3,0,2.68222
1121,1.4158,0,0,0,0,0.2578,2.3,0,2.68222
1122,1.4157,0,0,0,0,0.265,2.3,0,2.68222
1123,1.4156,0,0,0,0,0.2719,2.3,0,2.68222
1124,1.4155,0,0,0,0,0.2765,2.3,0,2.68222
1125,1.4154,0,0,0,0,0.2811,2.3,0,2.68222
1126,1.4153,0,0,0,0,0.2891,2.3,0,2.68222
1127,1.4152,0,0,0,0,0.3023,2.3,0,2.68222
1128,1.415,0,0,0,0,0.3164,2.3,0,2.68222
1129,1.4149,0,0,0,0,0.3271,2.3,0,2.68222
1130,1.4148,0,0,0,0,0.3378,2.3,0,2.68222
1131,1.4147,0,0,0,0,0.3533,2.3,0,2.68222
1132,1.4146,0,0,0,0,0.377,2.3,0,2.68222
1133,1.4145,0,0,0,0,0.4037,2.3,0,2.68222
1134,1.4144,0,0,0,0,0.4281,2.3,0,2.68222
1135,1.4143,0,0,0,0,0.4502,2.3,0,2.68222
1136,1.4142,0,0,0,0,0.4712,2.3,0,2.68222
1137,1.4141,0,0,0,0,0.4932,2.3,0,2.68222
1138,1.4139,0,0,0,0,0.5202,2.3,0,2.68222
1139,1.4138,0,0,0,0,0.5572,2.3,0,2.68222
1140,1.4137,0,0,0,0,0.6052,2.3,0,2.68222
1141,1.4136,0,0,0,0,0.652,2.3,0,2.68222
1142,1.4135,0,0,0,0,0.6863,2.3,0,2.68222
1143,1.4133,0,0,0,0,0.7159,2.3,0,2.68222
1144,1.4132,0,0,0,0,0.7535,2.3,0,2.68222
1145,1.4131,0,0,0,0,0.8064,2.3,0,2.68222
1146,1.413,0,0,0,0,0.8597,2.3,0,2.68222
1147,1.4129,0,0,0,0,0.8981,2.3,0,2.68222
1148,1.4128,0,0,0,0,0.9253,2.3,0,2.68222
1149,1.4127,0,0,0,0,0.9493,2.3,0,2.68222
1150,1.4126,0,0,0,0,0.9769,2.3,0,2.68222
1151,1.4125,0,0,0,0,1.008,2.3,0,2.68222
1152,1.4124,0,0,0,0,1.041,2.3,0,2.68222
1153,1.4122,0,0,0,0,1.073,2.3,0,2.68222
1154,1.4121,0,0,0,0,1.1,2.3,0,2.68222
1155,1.412,0,0,0,0,1.119,2.3,0,2.68222
1156,1.4119,0,0,0,0,1.131,2.3,0,2.68222
1157,1.4118,0,0,0,0,1.14,2.3,0,2.68222
1158,1.4117,0,0,0,0,1.15,2.3,0,2.68222
1159,1.4116,0,0,0,0,1.16,2.3,0,2.68222
1160,1.4115,0,0,0,0,1.17,2.3,0,2.68222
1161,1.4114,0,0,0,0,1.181,2.3,0,2.68222
1162,1.4113,0,0,0,0,1.19,2.3,0,2.68222
1163,1.4111,0,0,0,0,1.194,2.3,0,2.68222
1164,1.411,0,0,0,0,1.196,2.3,0,2.68222
1165,1.4109,0,0,0,0,1.197,2.3,0,2.68222
1166,1.4108,0,0,0,0,1.2,2.3,0,2.68222
1167,1.4107,0,0,0,0,1.203,2.3,0,2.68222
1168,1.4106,0,0,0,0,1.205,2.3,0,2.68222
1169,1.4105,0,0,0,0,1.206,2.3,0,2.68222
1170,1.4104,0,0,0,0,1.207,2.3,0,2.68222
1171,1.4103,0,0,0,0,1.213,2.3,0,2.68222
1172,1.4102,0,0,0,0,1.223,2.3,0,2.68222
1173,1.4101,0,0,0,0,1.232,2.3,0,2.68222
1174,1.41,0,0,0,0,1.234,2.3,0,2.68222
1175,1.4099,0,0,0,0,1.232,2.3,0,2.68222
1176,1.4098,0,0,0,0,1.229,2.3,0,2.68222
1177,1.4097,0,0,0,0,1.23,2.3,0,2.68222
1178,1.4096,0,0,0,0,1.233,2.3,0,2.68222
1179,1.4095,0,0,0,0,1.236,2.3,0,2.68222
1180,1.4094,0,0,0,0,1.239,2.3,0,2.68222
1181,1.4093,0,0,0,0,1.241,2.3,0,2.68222
1182,1.4092,0,0,0,0,1.244,2.3,0,2.68222
1183,1.409,0,0,0,0,1.248,2.3,0,2.68222
1184,1.4089,0,0,0,0,1.252,2.3,0,2.68222
1185,1.4088,0,0,0,0,1.256,2.3,0,2.68222
1186,1.4087,0,0,0,0,1.258,2.3,0,2.68222
1187,1.4086,0,0,0,0,1.26,2.3,0,2.68222
1188,1.4085,0,0,0,0,1.262,2.3,0,2.68222
1189,1.4084,0,0,0,0,1.265,2.3,0,2.68222
1190,1.4083,0,0,0,0,1.267,2.3,0,2.68222
1191,1.4082,0,0,0,0,1.27,2.3,0,2.68222
1192,1.4081,0,0,0,0,1.272,2.3,0,2.68222
1193,1.408,0,0,0,0,1.275,2.3,0,2.68222
1194,1.4079,0,0,0,0,1.277,2.3,0,2.68222
1195,1.4078,0,0,0,0,1.28,2.3,0,2.68222
1196,1.4077,0,0,0,0,1.282,2.3,0,2.68222
1197,1.4076,0,0,0,0,1.283,2.3,0,2.68222
1198,1.4075,0,0,0,0,1.283,2.3,0,2.68222
1199,1.4074,0,0,0,0,1.279,2.3,0,2.68222
1200,1.4073,0,0,0,0,1.272,2.3,0,2.68222
1201,1.4072,0,0,0,0,1.266,2.3,0,2.68222
1202,1.4071,0,0,0,0,1.267,2.301,0,2.68222
1203,1.407,0,0,0,0,1.271,2.301,0,2.68222
1204,1.4069,0,0,0,0,1.273,2.302,0,2.68222
1205,1.4068,0,0,0,0,1.271,2.303,0,2.68222
1206,1.4067,0,0,0,0,1.265,2.305,0,2.68222
1207,1.4066,0,0,0,0,1.26,2.306,0,2.68222
1208,1.4065,0,0,0,0,1.258,2.308,0,2.68222
1209,1.4064,0,0,0,0,1.258,2.31,0,2.68222
1210,1.4063,0,0,0,0,1.257,2.312,0,2.68222
1211,1.4062,0,0,0,0,1.252,2.315,0,2.68222
1212,1.4061,0,0,0,0,1.247,2.317,0,2.68222
1213,1.406,0,0,0,0,1.243,2.32,0,2.68222
1214,1.4059,0,0,0,0,1.243,2.323,0,2.68222
1215,1.4058,0,0,0,0,1.243,2.327,0,2.68222
1216,1.4057,0,0,0,0,1.24,2.33,0,2.68222
1217,1.4056,0,0,0,0,1.233,2.334,0,2.68222
1218,1.4054,0,0,0,0,1.224,2.338,0,2.68222
1219,1.4053,0,0,0,0,1.216,2.342,0,2.68222
1220,1.4052,0,0,0,0,1.214,2.346,0,2.68222
1221,1.4051,0,0,0,0,1.214,2.35,0,2.68222
1222,1.405,0,0,0,0,1.213,2.354,0,2.68222
1223,1.4049,0,0,0,0,1.21,2.359,0,2.68222
1224,1.4048,0,0,0,0,1.205,2.364,0,2.68222
1225,1.4047,0,0,0,0,1.2,2.369,0,2.68222
1226,1.4046,0,0,0,0,1.199,2.374,0,2.68222
1227,1.4045,0,0,0,0,1.198,2.379,0,2.68222
1228,1.4044,0,0,0,0,1.197,2.384,0,2.68222
1229,1.4043,0,0,0,0,1.194,2.389,0,2.68222
1230,1.4042,0,0,0,0,1.189,2.395,0,2.68222
1231,1.4041,0,0,0,0,1.184,2.4,0,2.68222
1232,1.404,0,0,0,0,1.18,2.406,0,2.68222
1233,1.4038,0,0,0,0,1.176,2.412,0,2.68222
1234,1.4037,0,0,0,0,1.171,2.418,0,2.68222
1235,1.4036,0,0,0,0,1.166,2.423,0,2.68222
1236,1.4035,0,0,0,0,1.161,2.43,0,2.68222
1237,1.4034,0,0,0,0,1.158,2.436,0,2.68222
1238,1.4033,0,0,0,0,1.157,2.442,0,2.68222
1239,1.4032,0,0,0,0,1.157,2.448,0,2.68222
1240,1.4031,0,0,0,0,1.155,2.454,0,2.68222
1241,1.403,0,0,0,0,1.152,2.461,0,2.68222
1242,1.4029,0,0,0,0,1.148,2.467,0,2.68222
1243,1.4028,0,0,0,0,1.142,2.473,0,2.68222
1244,1.4027,0,0,0,0,1.138,2.48,0,2.68222
1245,1.4026,0,0,0,0,1.133,2.486,0,2.68222
1246,1.4025,0,0,0,0,1.13,2.493,0,2.68222
1247,1.4024,0,0,0,0,1.126,2.499,0,2.68222
1248,1.4023,0,0,0,0,1.123,2.506,0,2.68222
1249,1.4022,0,0,0,0,1.12,2.512,0,2.68222
1250,1.4021,0,0,0,0,1.116,2.519,0,2.68222
1251,1.402,0,0,0,0,1.111,2.525,0,2.68222
1252,1.4019,0,0,0,0,1.107,2.532,0,2.68222
1253,1.4017,0,0,0,0,1.103,2.538,0,2.68222
1254,1.4016,0,0,0,0,1.101,2.545,0,2.68222
1255,1.4015,0,0,0,0,1.101,2.551,0,2.68222
1256,1.4014,0,0,0,0,1.101,2.558,0,2.68222
1257,1.4013,0,0,0,0,1.101,2.564,0,2.68222
1258,1.4012,0,0,0,0,1.1,2.57,0,2.68222
1259,1.4011,0,0,0,0,1.098,2.577,0,2.68222
1260,1.401,0,0,0,0,1.094,2.583,0,2.68222
1261,1.4009,0,0,0,0,1.089,2.589,0,2.68222
1262,1.4008,0,0,0,0,1.085,2.595,0,2.68222
1263,1.4007,0,0,0,0,1.084,2.601,0,2.68222
1264,1.4006,0,0,0,0,1.083,2.607,0,2.68222
1265,1.4005,0,0,0,0,1.083,2.613,0,2.68222
1266,1.4004,0,0,0,0,1.082,2.619,0,2.68222
1267,1.4003,0,0,0,0,1.081,2.625,0,2.68222
1268,1.4001,0,0,0,0,1.08,2.631,0,2.68222
1269,1.4,0,0,0,0,1.079,2.636,0,2.68222
1270,1.3999,0,0,0,0,1.08,2.642,0,2.68222
1271,1.3998,0,0,0,0,1.083,2.647,0,2.68222
1272,1.3997,0,0,0,0,1.087,2.652,0,2.68222
1273,1.3996,0,0,0,0,1.093,2.657,0,2.68222
1274,1.3995,0,0,0,0,1.099,2.662,0,2.68222
1275,1.3994,0,0,0,0,1.104,2.667,0,2.68222
1276,1.3993,0,0,0,0,1.107,2.672,0,2.68222
1277,1.3992,0,0,0,0,1.109,2.677,0,2.68222
1278,1.3991,0,0,0,0,1.111,2.681,0,2.68222
1279,1.399,0,0,0,0,1.115,2.685,0,2.68222
1280,1.3989,0,0,0,0,1.121,2.689,0,2.68222
1281,1.3988,0,0,0,0,1.129,2.693,0,2.68222
1282,1.3987,0,0,0,0,1.137,2.697,0,2.68222
1283,1.3985,0,0,0,0,1.147,2.701,0,2.68222
1284,1.3984,0,0,0,0,1.156,2.704,0,2.68222
1285,1.3983,0,0,0,0,1.164,2.707,0,2.68222
1286,1.3982,0,0,0,0,1.17,2.711,0,2.68205
1287,1.3981,0,0,0,0,1.175,2.713,0,2.68192
1288,1.398,0,0,0,0,1.181,2.716,0,2.68185
1289,1.3979,0,0,0,0,1.188,2.719,0,2.68183
1290,1.3978,0,0,0,0,1.196,2.721,0,2.68186
1291,1.3977,0,0,0,0,1.206,2.723,0,2.68194
1292,1.3976,0,0,0,0,1.216,2.725,0,2.68206
1293,1.3975,0,0,0,0,1.227,2.726,0,2.68222
1294,1.3974,0,0,0,0,1.239,2.728,0,2.68243
1295,1.3973,0,0,0,0,1.252,2.729,0,2.68267
1296,1.3972,0,0,0,0,1.267,2.73,0,2.68295
1297,1.3971,0,0,0,0,1.283,2.73,0,2.68326
1298,1.397,0,0,0,0,1.297,2.731,0,2.68361
1299,1.3969,0,0,0,0,1.31,2.731,0,2.68398
1300,1.3968,0,0,0,0,1.323,2.721,0,2.68438
1301,1.3967,0,0,0,0,1.336,2.736,0,2.6848
1302,1.3966,0,0,0,0,1.351,2.728,0,2.68524
1303,1.3965,0,0,0,0,1.37,2.719,0,2.6857
1304,1.3964,0,0,0,0,1.392,2.712,0,2.68618
1305,1.3963,0,0,0,0,1.416,2.698,0,2.68666
1306,1.3962,0,0,0,0,1.44,2.702,0,2.68715
1307,1.3961,0,0,0,0,1.465,2.691,0,2.68764
1308,1.396,0,0,0,0,1.489,2.688,0,2.68813
1309,1.3959,0,0,0,0,1.511,2.686,0,2.68861
1310,1.3958,0,0,0,0,1.532,2.682,0,2.68908
1311,1.3957,0,0,0,0,1.555,2.676,0,2.68954
1312,1.3956,0,0,0,0,1.58,2.675,0,2.68997
1313,1.3955,0,0,0,0,1.61,2.677,0,2.69038
1314,1.3954,0,0,0,0,1.642,2.67,0,2.69076
1315,1.3953,0,0,0,0,1.672,2.671,0,2.69109
1316,1.3952,0,0,0,0,1.701,2.668,0,2.69139
1317,1.3951,0,0,0,0,1.728,2.67,0,2.69187
1318,1.3949,0,0,0,0,1.758,2.674,0,2.69238
1319,1.3948,0,0,0,0,1.791,2.674,0,2.69291
1320,1.3947,0,0,0,0,1.831,2.683,0,2.69347
1321,1.3946,0,0,0,0,1.872,2.674,0,2.69407
1322,1.3945,0,0,0,0,1.911,2.675,0,2.69469
1323,1.3944,0,0,0,0,1.943,2.682,0,2.69535
1324,1.3943,0,0,0,0,1.974,2.683,0,2.69604
1325,1.3942,0,0,0,0,2.007,2.665,0,2.69676
1326,1.3941,0,0,0,0,2.047,2.661,0,2.69753
1327,1.394,0,0,0,0,2.098,2.668,0,2.69834
1328,1.3939,0,0,0,0,2.153,2.67,0,2.69918
1329,1.3938,0,0,0,0,2.203,2.674,0,2.70008
1330,1.3937,0,0,0,0,2.243,2.664,0,2.70102
1331,1.3936,0,0,0,0,2.277,2.661,0,2.70201
1332,1.3935,0,0,0,0,2.312,2.665,0,2.70305
1333,1.3934,0,0,0,0,2.357,2.668,0,2.70414
1334,1.3933,0,0,0,0,2.415,2.681,0,2.7053
1335,1.3932,0,0,0,0,2.479,2.686,0,2.70651
1336,1.3931,0,0,0,0,2.54,2.684,0,2.70779
1337,1.393,0,0,0,0,2.59,2.697,0,2.70914
1338,1.3929,0,0,0,0,2.631,2.712,0,2.71055
1339,1.3928,0,0,0,0,2.666,2.72,0,2.71205
1340,1.3927,0,0,0,0,2.701,2.717,0,2.71362
1341,1.3926,0,0,0,0,2.738,2.726,0,2.71527
1342,1.3925,0,0,0,0,2.78,2.744,0,2.71701
1343,1.3924,0,0,0,0,2.829,2.743,0,2.71884
1344,1.3923,0,0,0,0,2.889,2.751,0,2.72077
1345,1.3922,0,0,0,0,2.96,2.763,0,2.7228
1346,1.3921,0,0,0,0,3.033,2.778,0,2.72493
1347,1.392,0,0,0,0,3.097,2.793,0,2.72718
1348,1.3919,0,0,0,0,3.146,2.818,0,2.72955
1349,1.3918,0,0,0,0,3.181,2.835,0,2.73204
1350,1.3917,0,0,0,0,3.226,2.865,0,2.73466
1351,1.3916,0,0,0,0,3.267,2.879,0,2.73742
1352,1.3915,0,0,0,0,3.319,2.899,0,2.74033
1353,1.3914,0,0,0,0,3.363,2.918,0,2.74339
1354,1.3913,0,0,0,0,3.412,2.936,0,2.74661
1355,1.3912,0,0,0,0,3.449,2.953,0,2.75
1356,1.3911,0,0,0,0,3.504,2.966,0,2.75357
1357,1.391,0,0,0,0,3.544,2.977,0,2.75732
1358,1.3909,0,0,0,0,3.6,2.981,0,2.76128
1359,1.3908,0,0,0,0,3.648,2.942,0,2.76544
1360,1.3907,0,0,0,0,3.701,2.887,0,2.76982
1361,1.3906,0,0,0,0,3.752,2.864,0,2.77443
1362,1.3905,0,0,0,0,3.802,2.877,0,2.77928
1363,1.3904,0,0,0,0,3.871,2.886,0,2.78439
1364,1.3903,0,0,0,0,3.927,2.888,0,2.78977
1365,1.3902,0,0,0,0,3.985,2.891,0,2.79543
1366,1.3901,0,0,0,0,4.064,2.899,0,2.80139
1367,1.39,0,0,0,0,4.125,2.887,0,2.80767
1368,1.3899,0,0,0,0,4.216,2.884,0,2.81427
1369,1.3898,0,0,0,0,4.302,2.9,0,2.82122
1370,1.3897,0,0,0,0,4.389,2.929,0,2.82854
1371,1.3896,0,0,0,0,4.504,2.969,0,2.83624
1372,1.3895,0,0,0,0,4.63,3.014,0,2.84435
1373,1.3893,0,0,0,0,4.737,3.053,0,2.85289
1374,1.3892,0,0,0,0,4.904,3.075,0,2.86187
1375,1.3891,0,0,0,0,5.092,3.111,0,2.87133
1376,1.389,0,0,0,0,5.26,3.128,0,2.88128
1377,1.3889,0,0,0,0,5.479,3.13,0,2.89176
1378,1.3888,0,0,0,0,5.72,3.103,0,2.90279
1379,1.3887,0,0,0,0,6.006,3.051,0,2.9144
1380,1.3886,0,0,0,0,6.242,2.979,0,2.92663
1381,1.3885,0,0,0,0,6.58,2.941,0,2.93949
1382,1.3884,0,0,0,0,6.927,2.92,0,2.95304
1383,1.3883,0,0,0,0,7.313,2.931,0,2.96729
1384,1.3882,0,0,0,0,7.633,2.95,0,2.9823
1385,1.3881,0,0,0,0,8.089,2.978,0,2.9981
1386,1.388,0,0,0,0,8.545,3.025,0,3.01472
1387,1.3879,0,0,0,0,9.03,3.048,0,3.03223
1388,1.3877,0,0,0,0,9.591,3.066,0,3.05065
1389,1.3876,0,0,0,0,10.02,3.087,0,3.07005
1390,1.3875,0,0,0,0,10.63,3.099,0,3.09046
1391,1.3874,0,0,0,0,11.22,3.09,0,3.11195
1392,1.3873,0,0,0,0,11.84,3.088,0,3.13458
1393,1.3872,0,0,0,0,12.45,3.081,0,3.15839
1394,1.3871,0,0,0,0,13.16,3.085,0,3.18346
1395,1.387,0,0,0,0,13.69,3.071,0,3.20984
1396,1.3869,0,0,0,0,14.34,3.065,0,3.23754
1397,1.3868,0,0,0,0,15.09,3.069,0,3.26634
1398,1.3867,0,0,0,0,15.78,3.067,0,3.29716
1399,1.3866,0,0,0,0,16.46,3.085,0,3.33001
1400,1.3865,0,0,0,0,17.14,3.094,0,3.36344
1401,1.3864,0,0,0,0,17.81,3.11,0,3.39846
1402,1.3863,0,0,0,0,18.54,3.136,0,3.43581
1403,1.3861,0,0,0,0,19.19,3.149,0,3.47517
1404,1.386,0,0,0,0,19.8,3.158,0,3.51824
1405,1.3859,0,0,0,0,20.29,3.191,0,3.56359
1406,1.3858,0,0,0,0,20.89,3.23,0,3.61146
1407,1.3857,0,0,0,0,21.46,3.265,0,3.66208
1408,1.3855,0,0,0,0,22.02,3.298,0,3.71604
1409,1.3854,0,0,0,0,22.6,3.356,0,3.77353
1410,1.3853,0,0,0,0,23.13,3.419,0,3.83401
1411,1.3852,0,0,0,0,23.6,3.476,0,3.89776
1412,1.3851,0,0,0,0,24.07,3.534,0,3.96493
1413,1.3849,0,0,0,0,24.5,3.584,0,4.03568
1414,1.3848,0,0,0,0,24.93,3.632,0,4.10956
1415,1.3847,0,0,0,0,25.33,3.708,0,4.18678
1416,1.3846,0,0,0,0,25.71,3.775,0,4.26709
1417,1.3845,0,0,0,0,26.06,3.847,0,4.34963
1418,1.3843,0,0,0,0,26.41,3.931,0,4.43476
1419,1.3842,0,0,0,0,26.73,3.987,0,4.52217
1420,1.3841,0,0,0,0,27.01,4.071,0,4.61044
1421,1.384,0,0,0,0,27.29,4.156,0,4.69965
1422,1.3839,0,0,0,0,27.56,4.242,0,4.7895
1423,1.3837,0,0,0,0,27.82,4.32,0,4.8788
1424,1.3836,0,0,0,0,28.06,4.395,0,4.96704
1425,1.3835,0,0,0,0,28.35,4.48,0,5.05447
1426,1.3834,0,0,0,0,28.56,4.561,0,5.13998
1427,1.3833,0,0,0,0,28.75,4.638,0,5.22358
1428,1.3831,0,0,0,0,28.92,4.708,0,5.3061
1429,1.383,0,0,0,0,29.08,4.782,0,5.38592
1430,1.3829,0,0,0,0,29.26,4.846,0,5.46232
1431,1.3828,0,0,0,0,29.4,4.906,0,5.53641
1432,1.3826,0,0,0,0,29.56,4.974,0,5.60742
1433,1.3825,0,0,0,0,29.66,5.026,7.66379e-05,5.67533
1434,1.3823,0,0,0,0,29.82,5.071,0.000169079,5.7403
1435,1.3822,0,0,0,0,29.93,5.131,0.000242883,5.80077
1436,1.3821,0,0,0,0,30.03,5.179,0.000304322,5.85746
1437,1.382,0,0,0,0,30.14,5.22,0.000359667,5.91049
1438,1.3818,0,0,0,0,30.23,5.271,0.000415191,5.95936
1439,1.3817,0,0,0,0,30.29,5.322,0.000477165,6.00465
1440,1.3816,0,0,0,0,30.36,5.358,0.000551862,6.04588
1441,1.3815,0,0,0,0,30.42,5.403,0.000645552,6.08466
1442,1.3813,0,0,0,0,30.46,5.441,0.000764508,6.12116
1443,1.3812,0,0,0,0,30.49,5.46,0.000915003,6.1557
1444,1.381,0,0,0,0,30.52,5.481,0.00110331,6.18728
1445,1.3809,0,0,0,0,30.53,5.5,0.00133569,6.21582
1446,1.3808,0,0,0,0,30.55,5.523,0.00159109,6.24178
1447,1.3807,0,0,0,0,30.56,5.548,0.00188217,6.26618
1448,1.3805,0,0,0,0,30.56,5.56,0.00221386,6.28912
1449,1.3804,0,0,0,0,30.55,5.575,0.00259184,6.30924
1450,1.3803,0,0,0,0,30.54,5.582,0.00302273,6.32681
1451,1.3802,0,0,0,0,30.51,5.597,0.00351419,6.34332
1452,1.38,0,0,0,0,30.49,5.611,0.00407511,6.35807
1453,1.3799,0,0,0,0,30.45,5.639,0.0047158,6.37171
1454,1.3797,0,0,0,0,30.41,5.653,0.0054482,6.3846
1455,1.3796,0,0,0,0,30.35,5.675,0.00628618,6.39644
1456,1.3794,0,0,0,0,30.29,5.682,0.0072897,6.40709
1457,1.3793,0,0,0,0,30.23,5.685,0.00845341,6.41723
1458,1.3791,0,0,0,0,30.14,5.68,0.0098029,6.42733
1459,1.379,0,0,0,0,30.06,5.689,0.0113678,6.43642
1460,1.3788,0,0,0,0,29.98,5.711,0.0131826,6.4447
1461,1.3787,0,0,0,0,29.83,5.723,0.015287,6.45291
1462,1.3785,0,0,0,0,29.71,5.715,0.0177274,6.46084
1463,1.3784,0,0,0,0,29.57,5.716,0.0205574,6.46867
1464,1.3782,0,0,0,0,29.36,5.732,0.0238391,6.47639
1465,1.3781,0,0,0,0,29.17,5.741,0.0276447,6.48416
1466,1.3779,0,0,0,0,28.99,5.743,0.0320579,6.49039
1467,1.3778,0,0,0,0,28.72,5.752,0.0371756,6.49619
1468,1.3776,0,0,0,0,28.51,5.745,0.0431102,6.50159
1469,1.3775,0,0,0,0,28.29,5.744,0.0499923,6.50877
1470,1.3773,0,0,0,0,28,5.757,0.0572538,6.51616
1471,1.3772,0,0,0,0,27.77,5.766,0.0663567,6.52405
1472,1.377,0,0,0,0,27.54,5.78,0.0741754,6.53212
1473,1.3769,0,0,0,0,27.22,5.787,0.0837538,6.54089
1474,1.3767,0,0,0,0,26.99,5.798,0.0937154,6.54969
1475,1.3766,0,0,0,0,26.64,5.81,0.110877,6.55757
1476,1.3764,0,0,0,0,26.38,5.808,0.13116,6.56638
1477,1.3763,0,0,0,0,26.11,5.815,0.159718,6.57523
1478,1.3761,0,0,0,0,25.81,5.825,0.196585,6.58196
1479,1.376,0,0,0,0,25.55,5.824,0.244253,6.58787
1480,1.3758,0,0,0,0,25.22,5.827,0.299664,6.59336
1481,1.3756,0,0,0,0,24.97,5.854,0.365441,6.5991
1482,1.3755,0,0,0,0,24.68,5.878,0.441109,6.60284
1483,1.3753,0,0,0,0,24.43,5.9,0.528604,6.60546
1484,1.3752,0,0,0,0,24.13,5.908,0.629068,6.60531
1485,1.375,0,0,0,0,23.88,5.922,0.737812,6.60336
1486,1.3748,0,0,0,0,23.64,5.94,0.859873,6.59917
1487,1.3747,0,0,0,0,23.32,5.962,0.987468,6.59443
1488,1.3745,0,0,0,0,23.07,5.963,1.12168,6.58931
1489,1.3744,0,0,0,0,22.74,5.966,1.26035,6.5836
1490,1.3742,0,0,0,0,22.5,5.982,1.40378,6.57626
1491,1.374,0,0,0,0,22.18,5.99,1.55477,6.56707
1492,1.3739,0,0,0,0,21.93,5.994,1.70581,6.5566
1493,1.3737,0,0,0,0,21.63,6.016,1.86223,6.54377
1494,1.3736,0,0,0,0,21.39,6.014,2.01563,6.52983
1495,1.3734,0,0,0,0,21.07,6.025,2.16554,6.51541
1496,1.3732,0,0,0,0,20.82,6.008,2.31431,6.49862
1497,1.3731,0,0,0,0,20.52,6.022,2.45694,6.48215
1498,1.3729,0,0,0,0,20.25,6.021,2.59825,6.46465
1499,1.3728,0,0,0,0,20.01,6.027,2.73094,6.44714
1500,1.3726,0,0,0,0,19.72,6.027,2.85371,6.42876
1501,1.3724,0,0,0,0,19.51,6.035,2.97094,6.4104
1502,1.3723,0,0,0,0,19.24,6.025,3.07622,6.39294
1503,1.3721,0,0,0,0,19,6.009,3.17555,6.37608
1504,1.372,0,0,0,0,18.74,5.989,3.27221,6.35781
1505,1.3718,0,0,0,0,18.47,5.987,3.36592,6.33846
1506,1.3716,0,0,0,0,18.27,5.984,3.4496,6.32054
1507,1.3715,0,0,0,0,18.02,5.971,3.53625,6.3016
1508,1.3713,0,0,0,0,17.84,5.971,3.61639,6.28269
1509,1.3712,0,0,0,0,17.58,5.973,3.6909,6.26483
1510,1.371,0,0,0,0,17.34,5.951,3.76435,6.24626
1511,1.3708,0,0,0,0,17.12,5.952,3.83597,6.22776
1512,1.3706,0,0,0,0,16.88,5.939,3.90544,6.20786
1513,1.3705,0,0,0,0,16.71,5.933,3.97697,6.18822
1514,1.3703,0,0,0,0,16.47,5.931,4.04584,6.16769
1515,1.3701,0,0,0,0,16.23,5.925,4.10984,6.14802
1516,1.3699,0,0,0,0,16.06,5.909,4.16956,6.12912
1517,1.3698,0,0,0,0,15.83,5.897,4.2246,6.1115
1518,1.3696,0,0,0,0,15.62,5.884,4.27558,6.09373
1519,1.3695,0,0,0,0,15.45,5.881,4.32284,6.07656
1520,1.3693,0,0,0,0,15.25,5.876,4.36815,6.05839
1521,1.3692,0,0,0,0,15.04,5.856,4.4154,6.04132
1522,1.369,0,0,0,0,14.89,5.843,4.45543,6.02499
1523,1.3689,0,0,0,0,14.68,5.83,4.49689,6.00725
1524,1.3687,0,0,0,0,14.47,5.818,4.52895,5.99151
1525,1.3686,0,0,0,0,14.32,5.807,4.56315,5.9768
1526,1.3684,0,0,0,0,14.13,5.799,4.60055,5.96127
1527,1.3683,0,0,0,0,13.95,5.792,4.63243,5.9477
1528,1.3681,0,0,0,0,13.81,5.776,4.664,5.93462
1529,1.368,0,0,0,0,13.64,5.783,4.68743,5.92369
1530,1.3678,0,0,0,0,13.48,5.776,4.71387,5.91345
1531,1.3676,0,0,0,0,13.29,5.767,4.74262,5.90344
1532,1.3675,0,0,0,0,13.16,5.762,4.76525,5.89532
1533,1.3673,0,0,0,0,12.98,5.769,4.78925,5.88804
1534,1.3672,0,0,0,0,12.82,5.756,4.81308,5.88091
1535,1.367,0,0,0,0,12.65,5.762,4.83291,5.87569
1536,1.3668,0,0,0,0,12.54,5.737,4.85246,5.87156
1537,1.3666,0,0,0,0,12.38,5.74,4.87508,5.86682
1538,1.3665,0,0,0,0,12.23,5.757,4.88795,5.86387
1539,1.3663,0,0,0,0,12.06,5.756,4.90049,5.86095
1540,1.3661,0,0,0,0,11.93,5.751,4.91224,5.85849
1541,1.3659,0,0,0,0,11.81,5.754,4.91721,5.85751
1542,1.3658,0,0,0,0,11.66,5.751,4.92015,5.85653
1543,1.3656,0,0,0,0,11.52,5.75,4.92472,5.85441
1544,1.3655,0,0,0,0,11.37,5.744,4.92328,5.85232
1545,1.3653,0,0,0,0,11.26,5.744,4.91726,5.85055
1546,1.3651,0,0,0,0,11.14,5.754,4.90489,5.84878
1547,1.365,0,0,0,0,11,5.744,4.89069,5.84705
1548,1.3648,0,0,0,0,10.88,5.735,4.86836,5.84632
1549,1.3647,0,0,0,0,10.75,5.74,4.84564,5.84618
1550,1.3645,0,0,0,0,10.64,5.732,4.81844,5.84603
1551,1.3643,0,0,0,0,10.54,5.728,4.79318,5.8468
1552,1.3641,0,0,0,0,10.44,5.731,4.76225,5.84793
1553,1.364,0,0,0,0,10.32,5.724,4.73373,5.84907
1554,1.3638,0,0,0,0,10.22,5.724,4.70386,5.85177
1555,1.3636,0,0,0,0,10.11,5.715,4.67778,5.85453
1556,1.3634,0,0,0,0,10.01,5.697,4.65164,5.85739
1557,1.3633,0,0,0,0,9.912,5.693,4.62465,5.86118
1558,1.3631,0,0,0,0,9.839,5.703,4.60214,5.86511
1559,1.363,0,0,0,0,9.754,5.7,4.58417,5.86899
1560,1.3628,0,0,0,0,9.66,5.713,4.57703,5.87118
1561,1.3626,0,0,0,0,9.563,5.728,4.5697,5.8742
1562,1.3625,0,0,0,0,9.477,5.731,4.56605,5.87694
1563,1.3623,0,0,0,0,9.383,5.735,4.56965,5.87912
1564,1.3622,0,0,0,0,9.305,5.743,4.57553,5.88072
1565,1.362,0,0,0,0,9.202,5.754,4.58774,5.88254
1566,1.3618,0,0,0,0,9.133,5.753,4.60141,5.88456
1567,1.3617,0,0,0,0,9.047,5.744,4.61451,5.88619
1568,1.3615,0,0,0,0,8.977,5.746,4.62627,5.88859
1569,1.3614,0,0,0,0,8.898,5.746,4.6445,5.88943
1570,1.3612,0,0,0,0,8.82,5.746,4.66377,5.89039
1571,1.361,0,0,0,0,8.742,5.75,4.68606,5.89029
1572,1.3608,0,0,0,0,8.665,5.749,4.71228,5.88774
1573,1.3607,0,0,0,0,8.588,5.743,4.74348,5.8831
1574,1.3605,0,0,0,0,8.509,5.74,4.77023,5.87895
1575,1.3603,0,0,0,0,8.448,5.747,4.7964,5.87337
1576,1.3601,0,0,0,0,8.364,5.739,4.81872,5.8683
1577,1.36,0,0,0,0,8.295,5.755,4.83941,5.86364
1578,1.3598,0,0,0,0,8.234,5.749,4.85811,5.85965
1579,1.3597,0,0,0,0,8.157,5.753,4.87486,5.85517
1580,1.3595,0,0,0,0,8.104,5.745,4.8901,5.85078
1581,1.3593,0,0,0,0,8.036,5.732,4.91018,5.84464
1582,1.3592,0,0,0,0,7.959,5.735,4.92917,5.83849
1583,1.359,0,0,0,0,7.89,5.724,4.95056,5.83029
1584,1.3589,0,0,0,0,7.834,5.725,4.96936,5.82198
1585,1.3587,0,0,0,0,7.773,5.712,4.98626,5.8123
1586,1.3585,0,0,0,0,7.712,5.702,5.00394,5.80114
1587,1.3584,0,0,0,0,7.654,5.7,5.02456,5.7886
1588,1.3582,0,0,0,0,7.609,5.699,5.04339,5.77621
1589,1.3581,0,0,0,0,7.548,5.686,5.06276,5.76181
1590,1.3579,0,0,0,0,7.495,5.685,5.08016,5.74615
1591,1.3577,0,0,0,0,7.432,5.672,5.09487,5.72994
1592,1.3576,0,0,0,0,7.374,5.659,5.11099,5.71251
1593,1.3574,0,0,0,0,7.315,5.627,5.1267,5.69526
1594,1.3573,0,0,0,0,7.252,5.613,5.1374,5.67748
1595,1.3571,0,0,0,0,7.203,5.59,5.14904,5.65905
1596,1.3569,0,0,0,0,7.164,5.591,5.15656,5.64081
1597,1.3568,0,0,0,0,7.124,5.563,5.1626,5.62174
1598,1.3566,0,0,0,0,7.084,5.552,5.16698,5.60307
1599,1.3565,0,0,0,0,7.041,5.525,5.17319,5.58369
1600,1.3563,0,0,0,0,6.987,5.517,5.17748,5.56507
1601,1.3561,0,0,0,0,6.943,5.506,5.18206,5.5458
1602,1.356,0,0,0,0,6.91,5.494,5.1857,5.52626
1603,1.3558,0,0,0,0,6.865,5.459,5.18905,5.50714
1604,1.3557,0,0,0,0,6.828,5.45,5.18587,5.48987
1605,1.3555,0,0,0,0,6.776,5.438,5.18401,5.47234
1606,1.3553,0,0,0,0,6.742,5.428,5.17754,5.45624
1607,1.3552,0,0,0,0,6.714,5.407,5.17248,5.44096
1608,1.355,0,0,0,0,6.695,5.391,5.16748,5.42645
1609,1.3549,0,0,0,0,6.654,5.382,5.16283,5.41153
1610,1.3547,0,0,0,0,6.63,5.376,5.16309,5.39627
1611,1.3545,0,0,0,0,6.599,5.358,5.16804,5.37964
1612,1.3544,0,0,0,0,6.567,5.347,5.17233,5.36472
1613,1.3542,0,0,0,0,6.526,5.333,5.18137,5.34913
1614,1.3541,0,0,0,0,6.501,5.319,5.18936,5.33448
1615,1.3539,0,0,0,0,6.474,5.301,5.20045,5.31943
1616,1.3537,0,0,0,0,6.449,5.292,5.2145,5.30463
1617,1.3536,0,0,0,0,6.42,5.284,5.23194,5.28982
1618,1.3534,0,0,0,0,6.401,5.274,5.24379,5.27671
1619,1.3533,0,0,0,0,6.363,5.258,5.25812,5.26358
1620,1.3531,0,0,0,0,6.345,5.253,5.27044,5.25185
1621,1.3529,0,0,0,0,6.309,5.249,5.28716,5.23944
1622,1.3528,0,0,0,0,6.282,5.233,5.30121,5.22827
1623,1.3526,0,0,0,0,6.25,5.222,5.31585,5.217
1624,1.3525,0,0,0,0,6.214,5.211,5.32587,5.20647
1625,1.3523,0,0,0,0,6.186,5.204,5.33685,5.19543
1626,1.3521,0,0,0,0,6.163,5.21,5.34165,5.18677
1627,1.352,0,0,0,0,6.13,5.2,5.34325,5.17847
1628,1.3518,0,0,0,0,6.121,5.193,5.3383,5.17137
1629,1.3517,0,0,0,0,6.091,5.186,5.33278,5.16392
1630,1.3515,0,0,0,0,6.076,5.177,5.32137,5.15716
1631,1.3513,0,0,0,0,6.053,5.175,5.30822,5.1507
1632,1.3512,0,0,0,0,6.048,5.178,5.28725,5.14492
1633,1.351,0,0,0,0,6.016,5.173,5.26705,5.13947
1634,1.3509,0,0,0,0,6.005,5.152,5.24048,5.13591
1635,1.3507,0,0,0,0,5.982,5.135,5.21578,5.13147
1636,1.3505,0,0,0,0,5.973,5.139,5.18667,5.1278
1637,1.3504,0,0,0,0,5.947,5.128,5.16106,5.12457
1638,1.3502,0,0,0,0,5.94,5.121,5.13172,5.12278
1639,1.3501,0,0,0,0,5.919,5.114,5.10597,5.11996
1640,1.3499,0,0,0,0,5.911,5.126,5.08317,5.11817
1641,1.3498,0,0,0,0,5.887,5.107,5.06373,5.11749
1642,1.3496,0,0,0,0,5.875,5.104,5.04192,5.11955
1643,1.3495,0,0,0,0,5.846,5.1,5.02629,5.12114
1644,1.3493,0,0,0,0,5.826,5.109,5.01117,5.12435
1645,1.3492,0,0,0,0,5.798,5.114,5.00179,5.12912
1646,1.349,0,0,0,0,5.787,5.112,4.99256,5.13539
1647,1.3489,0,0,0,0,5.751,5.128,4.99092,5.14343
1648,1.3487,0,0,0,0,5.746,5.136,4.98861,5.15423
1649,1.3486,0,0,0,0,5.718,5.131,4.99561,5.16657
1650,1.3484,0,0,0,0,5.705,5.152,5.00247,5.18035
1651,1.3482,0,0,0,0,5.685,5.175,5.01635,5.19463
1652,1.3481,0,0,0,0,5.684,5.193,5.02974,5.21147
1653,1.3479,0,0,0,0,5.657,5.2,5.04984,5.22934
1654,1.3478,0,0,0,0,5.658,5.244,5.07092,5.24921
1655,1.3476,0,0,0,0,5.644,5.257,5.09736,5.27266
1656,1.3475,0,0,0,0,5.648,5.273,5.12553,5.30517
1657,1.3473,0,0,0,0,5.626,5.289,5.16129,5.33495
1658,1.3472,0,0,0,0,5.626,5.335,5.19822,5.36435
1659,1.347,0,0,0,0,5.619,5.366,5.24421,5.39209
1660,1.3469,0,0,0,0,5.618,5.389,5.2927,5.41918
1661,1.3467,0,0,0,0,5.603,5.427,5.35049,5.44432
1662,1.3466,0,0,0,0,5.614,5.453,5.41149,5.46894
1663,1.3464,0,0,0,0,5.597,5.49,5.48278,5.49219
1664,1.3463,0,0,0,0,5.603,5.522,5.55441,5.5145
1665,1.3461,0,0,0,0,5.582,5.562,5.63672,5.53393
1666,1.3459,0,0,0,0,5.584,5.605,5.72237,5.55345
1667,1.3458,0,0,0,0,5.564,5.652,5.81707,5.57173
1668,1.3456,0,0,0,0,5.563,5.698,5.91285,5.58969
1669,1.3455,0,0,0,0,5.547,5.744,6.01705,5.60664
1670,1.3453,0,0,0,0,5.545,5.743,6.12245,5.62505
1671,1.3452,0,0,0,0,5.536,5.642,6.23437,5.64273
1672,1.345,0,0,0,0,5.542,5.689,6.34928,5.65989
1673,1.3449,0,0,0,0,5.529,5.722,6.47782,5.67603
1674,1.3447,0,0,0,0,5.532,5.755,6.60903,5.69359
1675,1.3446,0,0,0,0,5.525,5.798,6.74773,5.71177
1676,1.3445,0,0,0,0,5.533,5.847,6.88965,5.7316
1677,1.3443,0,0,0,0,5.528,5.875,7.04143,5.75292
1678,1.3442,0,0,0,0,5.529,5.918,7.19307,5.77565
1679,1.344,0,0,0,0,5.516,5.971,7.3522,5.79889
1680,1.3439,0,0,0,0,5.524,6.022,7.50855,5.82489
1681,1.3438,0,0,0,0,5.516,6.061,7.67646,5.85251
1682,1.3436,0,0,0,0,5.526,6.116,7.84879,5.8821
1683,1.3435,0,0,0,0,5.52,6.173,8.0274,5.91401
1684,1.3433,0,0,0,0,5.52,6.214,8.19976,5.94992
1685,1.3432,0,0,0,0,5.516,6.266,8.37439,5.98926
1686,1.3431,0,0,0,0,5.522,6.319,8.54756,6.02975
1687,1.3429,0,0,0,0,5.511,6.381,8.7206,6.06434
1688,1.3428,0,0,0,0,5.527,6.426,8.8847,6.10084
1689,1.3426,0,0,0,0,5.511,6.486,9.04696,6.13808
1690,1.3425,0,0,0,0,5.519,6.541,9.19838,6.17633
1691,1.3424,0,0,0,0,5.515,6.579,9.34787,6.21472
1692,1.3422,0,0,0,0,5.52,6.616,9.48441,6.25473
1693,1.3421,0,0,0,0,5.51,6.666,9.61357,6.29344
1694,1.3419,0,0,0,0,5.518,6.728,9.72953,6.33341
1695,1.3418,0,0,0,0,5.523,6.771,9.83995,6.37403
1696,1.3417,0,0,0,0,5.538,6.807,9.94224,6.41447
1697,1.3415,0,0,0,0,5.535,6.858,10.0301,6.45462
1698,1.3414,0,0,0,0,5.544,6.907,10.093,6.49709
1699,1.3412,0,0,0,0,5.557,6.959,10.1518,6.53936
1700,1.3411,0,0,0,0,5.571,7.006,10.1962,6.58234
1701,1.341,0,0,0,0,5.583,7.052,10.2299,6.6253
1702,1.3409,0,0,0,0,5.606,7.093,10.2453,6.66977
1703,1.3407,0,0,0,0,5.607,7.136,10.2615,6.71356
1704,1.3406,0,0,0,0,5.629,7.164,10.2646,6.75737
1705,1.3405,0,0,0,0,5.636,7.199,10.2625,6.80149
1706,1.3404,0,0,0,0,5.664,7.232,10.2522,6.84601
1707,1.3402,0,0,0,0,5.67,7.266,10.2384,6.88947
1708,1.3401,0,0,0,0,5.693,7.315,10.2194,6.93215
1709,1.3399,0,0,0,0,5.702,7.34,10.2003,6.97375
1710,1.3398,0,0,0,0,5.733,7.361,10.1788,7.01498
1711,1.3397,0,0,0,0,5.752,7.399,10.1625,7.05403
1712,1.3396,0,0,0,0,5.766,7.44,10.1317,7.09329
1713,1.3394,0,0,0,0,5.776,7.473,10.1023,7.13198
1714,1.3393,0,0,0,0,5.797,7.505,10.0714,7.16963
1715,1.3392,0,0,0,0,5.811,7.525,10.0499,7.20467
1716,1.3391,0,0,0,0,5.829,7.557,10.0314,7.2384
1717,1.339,0,0,0,0,5.842,7.579,10.0192,7.27001
1718,1.3388,0,0,0,0,5.877,7.604,10.0094,7.29936
1719,1.3387,0,0,0,0,5.891,7.633,10.0107,7.32544
1720,1.3386,0,0,0,0,5.93,7.653,10.0151,7.34785
1721,1.3385,0,0,0,0,5.945,7.674,10.0255,7.36653
1722,1.3383,0,0,0,0,5.972,7.691,10.0411,7.38109
1723,1.3382,0,0,0,0,5.999,7.699,10.0648,7.39034
1724,1.338,0,0,0,0,6.025,7.708,10.0883,7.39568
1725,1.3379,0,0,0,0,6.051,7.721,10.1202,7.39539
1726,1.3378,0,0,0,0,6.087,7.73,10.1529,7.3902
1727,1.3377,0,0,0,0,6.096,7.729,10.1778,7.38155
1728,1.3376,0,0,0,0,6.136,7.712,10.201,7.36927
1729,1.3375,0,0,0,0,6.166,7.702,10.2365,7.35151
1730,1.3374,0,0,0,0,6.198,7.695,10.2702,7.32986
1731,1.3373,0,0,0,0,6.219,7.67,10.2977,7.30485
1732,1.3372,0,0,0,0,6.256,7.644,10.319,7.27914
1733,1.337,0,0,0,0,6.284,7.618,10.3435,7.25036
1734,1.3369,0,0,0,0,6.335,7.585,10.3552,7.22084
1735,1.3368,0,0,0,0,6.369,7.555,10.361,7.19106
1736,1.3367,0,0,0,0,6.392,7.517,10.3703,7.15974
1737,1.3366,0,0,0,0,6.445,7.479,10.3757,7.12875
1738,1.3365,0,0,0,0,6.493,7.451,10.3727,7.09972
1739,1.3364,0,0,0,0,6.517,7.435,10.3585,7.07243
1740,1.3363,0,0,0,0,6.571,7.408,10.3368,7.04808
1741,1.3362,0,0,0,0,6.617,7.379,10.3091,7.02682
1742,1.3361,0,0,0,0,6.658,7.363,10.2725,7.00912
1743,1.3359,0,0,0,0,6.689,7.347,10.2392,6.99337
1744,1.3358,0,0,0,0,6.748,7.332,10.1975,6.98072
1745,1.3357,0,0,0,0,6.796,7.332,10.1536,6.97101
1746,1.3356,0,0,0,0,6.842,7.332,10.1034,6.96487
1747,1.3355,0,0,0,0,6.897,7.304,10.0448,6.96148
1748,1.3354,0,0,0,0,6.955,7.295,9.97989,6.96065
1749,1.3353,0,0,0,0,7.003,7.296,9.91222,6.9608
1750,1.3352,0,0,0,0,7.054,7.291,9.83738,6.96285
1751,1.3351,0,0,0,0,7.111,7.292,9.75685,6.96619
1752,1.335,0,0,0,0,7.179,7.292,9.67453,6.96949
1753,1.3349,0,0,0,0,7.235,7.281,9.588,6.97209
1754,1.3348,0,0,0,0,7.274,7.283,9.49724,6.9748
1755,1.3347,0,0,0,0,7.339,7.264,9.40625,6.97685
1756,1.3346,0,0,0,0,7.414,7.25,9.30805,6.97858
1757,1.3345,0,0,0,0,7.481,7.24,9.20219,6.97903
1758,1.3344,0,0,0,0,7.536,7.228,9.09706,6.97651
1759,1.3343,0,0,0,0,7.594,7.21,8.98901,6.97163
1760,1.3342,0,0,0,0,7.669,7.186,8.87575,6.96459
1761,1.3341,0,0,0,0,7.734,7.164,8.75053,6.95695
1762,1.334,0,0,0,0,7.776,7.143,8.61995,6.94874
1763,1.3339,0,0,0,0,7.833,7.114,8.48847,6.93724
1764,1.3338,0,0,0,0,7.893,7.101,8.35928,6.92217
1765,1.3337,0,0,0,0,7.952,7.069,8.23251,6.90429
1766,1.3336,0,0,0,0,8,7.038,8.11146,6.88285
1767,1.3335,0,0,0,0,8.045,7.003,7.98581,6.86058
1768,1.3334,0,0,0,0,8.103,6.974,7.85869,6.83625
1769,1.3333,0,0,0,0,8.155,6.928,7.73413,6.80993
1770,1.3332,0,0,0,0,8.205,6.889,7.61866,6.78131
1771,1.3331,0,0,0,0,8.241,6.839,7.50737,6.75147
1772,1.333,0,0,0,0,8.264,6.793,7.39968,6.72172
1773,1.3329,0,0,0,0,8.321,6.764,7.29464,6.69412
1774,1.3328,0,0,0,0,8.352,6.729,7.19602,6.66783
1775,1.3327,0,0,0,0,8.394,6.694,7.10554,6.64204
1776,1.3326,0,0,0,0,8.43,6.661,7.01519,6.61813
1777,1.3325,0,0,0,0,8.448,6.613,6.92797,6.59483
1778,1.3324,0,0,0,0,8.477,6.572,6.85392,6.5729
1779,1.3323,0,0,0,0,8.512,6.546,6.78969,6.55225
1780,1.3322,0,0,0,0,8.535,6.522,6.7313,6.53412
1781,1.3321,0,0,0,0,8.562,6.507,6.67943,6.51659
1782,1.332,0,0,0,0,8.593,6.482,6.63596,6.50137
1783,1.332,0,0,0,0,8.618,6.484,6.59826,6.48828
1784,1.3319,0,0,0,0,8.64,6.479,6.56448,6.477
1785,1.3318,0,0,0,0,8.67,6.494,6.53392,6.4659
1786,1.3317,0,0,0,0,8.689,6.496,6.50483,6.45728
1787,1.3316,0,0,0,0,8.72,6.491,6.47772,6.44855
1788,1.3316,0,0,0,0,8.738,6.461,6.45491,6.43942
1789,1.3315,0,0,0,0,8.755,6.44,6.43133,6.43154
1790,1.3314,0,0,0,0,8.777,6.43,6.40973,6.4242
1791,1.3313,0,0,0,0,8.778,6.413,6.38984,6.41673
1792,1.3312,0,0,0,0,8.778,6.421,6.37005,6.40944
1793,1.3311,0,0,0,0,8.794,6.399,6.35673,6.39918
1794,1.331,0,0,0,0,8.805,6.379,6.34612,6.38756
1795,1.3309,0,0,0,0,8.807,6.365,6.33488,6.37578
1796,1.3308,0,0,0,0,8.809,6.372,6.32761,6.36285
1797,1.3307,0,0,0,0,8.811,6.346,6.31956,6.3491
1798,1.3307,0,0,0,0,8.799,6.321,6.30921,6.33478
1799,1.3306,0,0,0,0,8.795,6.31,6.29864,6.32134
1800,1.3305,0,0,0,0,8.789,6.314,6.28582,6.30847
1801,1.3304,0,0,0,0,8.779,6.282,6.27121,6.29667
1802,1.3303,0,0,0,0,8.767,6.277,6.25518,6.28677
1803,1.3303,0,0,0,0,8.754,6.27,6.23537,6.27866
1804,1.3302,0,0,0,0,8.75,6.258,6.21249,6.27009
1805,1.3301,0,0,0,0,8.738,6.242,6.1855,6.26209
1806,1.33,0,0,0,0,8.739,6.234,6.15192,6.25453
1807,1.3299,0,0,0,0,8.735,6.221,6.11706,6.2462
1808,1.3299,0,0,0,0,8.744,6.231,6.08077,6.23926
1809,1.3298,0,0,0,0,8.753,6.221,6.04083,6.23162
1810,1.3297,0,0,0,0,8.755,6.205,5.99432,6.22578
1811,1.3296,0,0,0,0,8.78,6.192,5.94619,6.2197
1812,1.3295,0,0,0,0,8.787,6.192,5.89709,6.21419
1813,1.3295,0,0,0,0,8.79,6.179,5.84778,6.20733
1814,1.3294,0,0,0,0,8.798,6.159,5.79875,6.20027
1815,1.3293,0,0,0,0,8.794,6.143,5.7505,6.19337
1816,1.3292,0,0,0,0,8.811,6.143,5.70093,6.18708
1817,1.3291,0,0,0,0,8.82,6.12,5.65808,6.17893
1818,1.3291,0,0,0,0,8.836,6.098,5.61616,6.17061
1819,1.329,0,0,0,0,8.845,6.087,5.57826,6.1622
1820,1.3289,0,0,0,0,8.854,6.063,5.5439,6.15301
1821,1.3288,0,0,0,0,8.858,6.056,5.5128,6.14386
1822,1.3287,0,0,0,0,8.868,6.053,5.48294,6.13483
1823,1.3287,0,0,0,0,8.869,6.04,5.45712,6.12439
1824,1.3286,0,0,0,0,8.884,6.044,5.43088,6.11505
1825,1.3285,0,0,0,0,8.888,6.007,5.4066,6.10559
1826,1.3284,0,0,0,0,8.9,5.996,5.38317,6.09325
1827,1.3283,0,0,0,0,8.922,5.994,5.35657,6.08016
1828,1.3283,0,0,0,0,8.951,5.997,5.32871,6.066
1829,1.3282,0,0,0,0,8.973,5.975,5.29873,6.05153
1830,1.3281,0,0,0,0,9.01,5.954,5.26508,6.03631
1831,1.328,0,0,0,0,9.034,5.946,5.2288,6.02035
1832,1.3279,0,0,0,0,9.11,5.927,5.18296,6.00468
1833,1.3279,0,0,0,0,9.146,5.914,5.13466,5.98717
1834,1.3278,0,0,0,0,9.195,5.89,5.08063,5.96817
1835,1.3277,0,0,0,0,9.259,5.873,5.02389,5.94895
1836,1.3276,0,0,0,0,9.315,5.832,4.95986,5.92955
1837,1.3275,0,0,0,0,9.38,5.794,4.90311,5.90907
1838,1.3275,0,0,0,0,9.457,5.768,4.84109,5.88896
1839,1.3274,0,0,0,0,9.535,5.728,4.77697,5.86946
1840,1.3273,0,0,0,0,9.633,5.681,4.70953,5.85166
1841,1.3272,0,0,0,0,9.723,5.68,4.64603,5.83244
1842,1.3271,0,0,0,0,9.824,5.655,4.58849,5.81296
1843,1.3271,0,0,0,0,9.935,5.648,4.53832,5.79336
1844,1.327,0,0,0,0,10.05,5.62,4.48957,5.77552
1845,1.3269,0,0,0,0,10.18,5.594,4.4504,5.75707
1846,1.3268,0,0,0,0,10.31,5.567,4.41276,5.73918
1847,1.3268,0,0,0,0,10.42,5.557,4.39968,5.7197
1848,1.3267,0,0,0,0,10.59,5.552,4.38469,5.70147
1849,1.3267,0,0,0,0,10.75,5.553,4.37336,5.68564
1850,1.3266,0,0,0,0,10.94,5.539,4.35812,5.67289
1851,1.3265,0,0,0,0,11.1,5.523,4.34298,5.66296
1852,1.3264,0,0,0,0,11.39,5.507,4.32434,5.65606
1853,1.3264,0,0,0,0,11.6,5.505,4.30717,5.6509
1854,1.3263,0,0,0,0,11.84,5.487,4.28102,5.65188
1855,1.3262,0,0,0,0,12.08,5.474,4.27333,5.65071
1856,1.3261,0,0,0,0,12.35,5.462,4.25741,5.64828
1857,1.3261,0,0,0,0,12.66,5.45,4.23466,5.64651
1858,1.326,0,0,0,0,13.01,5.448,4.20621,5.64398
1859,1.326,0,0,0,0,13.34,5.441,4.16857,5.64108
1860,1.3259,0,0,0,0,13.75,5.44,4.12865,5.63564
1861,1.3258,0,0,0,0,14.12,5.442,4.08073,5.62706
1862,1.3257,0,0,0,0,14.78,5.449,4.04705,5.61284
1863,1.3257,0,0,0,0,15.29,5.466,4.0103,5.59595
1864,1.3256,0,0,0,0,15.86,5.461,3.96042,5.58
1865,1.3255,0,0,0,0,16.41,5.452,3.90097,5.56503
1866,1.3254,0,0,0,0,17.09,5.445,3.83379,5.55093
1867,1.3254,0,0,0,0,17.74,5.412,3.76181,5.53645
1868,1.3253,0,0,0,0,18.53,5.379,3.69261,5.52168
1869,1.3253,0,0,0,0,19.25,5.28,3.61716,5.5088
1870,1.3252,0,0,0,0,20.51,5.228,3.53846,5.49589
1871,1.3251,0,0,0,0,21.48,5.199,3.46355,5.48271
1872,1.325,0,0,0,0,22.5,5.171,3.40057,5.4671
1873,1.325,0,0,0,0,23.67,5.139,3.35611,5.45062
1874,1.3249,0,0,0,0,24.83,5.124,3.32003,5.43386
1875,1.3248,0,0,0,0,26.22,5.112,3.29621,5.41664
1876,1.3247,0,0,0,0,27.51,5.129,3.27966,5.40178
1877,1.3247,0,0,0,0,29.72,5.144,3.28354,5.38764
1878,1.3246,0,0,0,0,31.44,5.173,3.29345,5.37765
1879,1.3246,0,0,0,0,33.17,5.176,3.30978,5.37398
1880,1.3245,0,0,0,0,35.04,5.185,3.32923,5.37617
1881,1.3244,0,0,0,0,37.25,5.183,3.36114,5.38342
1882,1.3243,0,0,0,0,39.27,5.2,3.4015,5.39672
1883,1.3243,0,0,0,0,42.69,5.202,3.46994,5.41235
1884,1.3242,0,0,0,0,45.3,5.204,3.55003,5.43249
1885,1.3241,0,0,0,0,47.89,5.224,3.65714,5.45064
1886,1.324,0,0,0,0,50.6,5.244,3.76691,5.47044
1887,1.324,0,0,0,0,53.6,5.297,3.90172,5.49151
1888,1.3239,0,0,0,0,57.61,5.318,4.05647,5.51417
1889,1.3239,0,0,0,0,60.88,5.375,4.22997,5.53867
1890,1.3238,0,0,0,0,64.01,5.441,4.42684,5.56547
1891,1.3237,0,0,0,0,67.2,5.491,4.6446,5.59495
1892,1.3236,0,0,0,0,70.59,5.561,4.88581,5.62839
1893,1.3236,0,0,0,0,74.97,5.629,5.12389,5.66988
1894,1.3235,0,0,0,0,78.41,5.687,5.37262,5.71784
1895,1.3234,0,0,0,0,81.57,5.757,5.63506,5.77231
1896,1.3233,0,0,0,0,84.69,5.83,5.91302,5.83242
1897,1.3233,0,0,0,0,87.52,5.911,6.2058,5.89707
1898,1.3232,0,0,0,0,91.89,5.998,6.51795,5.96738
1899,1.3232,0,0,0,0,94.56,6.09,6.82667,6.04469
1900,1.3231,0,0,0,0,97.22,6.193,7.14773,6.12605
1901,1.323,0,0,0,0,99.95,6.33,7.48407,6.21136
1902,1.323,0,0,0,0,103.3,6.449,7.83595,6.2994
1903,1.3229,0,0,0,0,105.7,6.581,8.19783,6.39112
1904,1.3229,0,0,0,0,107.8,6.71,8.55659,6.48561
1905,1.3228,0,0,0,0,109.7,6.838,8.91949,6.58026
1906,1.3227,0,0,0,0,112.3,6.97,9.28532,6.67632
1907,1.3227,0,0,0,0,114,7.107,9.6555,6.77196
1908,1.3226,0,0,0,0,115.7,7.238,10.0275,6.86627
1909,1.3226,0,0,0,0,117.1,7.388,10.3846,6.96167
1910,1.3225,0,0,0,0,119,7.506,10.7347,7.05612
1911,1.3224,0,0,0,0,120.3,7.635,11.0839,7.14657
1912,1.3224,0,0,0,0,121.5,7.767,11.4302,7.23318
1913,1.3223,0,0,0,0,122.6,7.874,11.7762,7.31462
1914,1.3223,0,0,0,0,124,7.977,12.1063,7.39273
1915,1.3222,0,0,0,0,124.8,8.071,12.4314,7.46624
1916,1.3221,0,0,0,0,125.7,8.15,12.7525,7.53433
1917,1.322,0,0,0,0,126.5,8.22,13.0672,7.59727
1918,1.322,0,0,0,0,127.5,8.292,13.3704,7.65392
1919,1.3219,0,0,0,0,128.1,8.35,13.6647,7.70549
1920,1.3218,0,0,0,0,128.6,8.449,13.9495,7.75268
1921,1.3217,0,0,0,0,129.2,8.521,14.2238,7.79597
1922,1.3217,0,0,0,0,129.6,8.583,14.4864,7.83425
1923,1.3216,0,0,0,0,129.9,8.666,14.7406,7.86694
1924,1.3216,0,0,0,0,130.3,8.723,14.9814,7.89583
1925,1.3215,0,0,0,0,130.4,8.759,15.2101,7.92232
1926,1.3214,0,0,0,0,130.6,8.821,15.4282,7.94465
1927,1.3213,0,0,0,0,130.6,8.864,15.6349,7.96375
1928,1.3213,0,0,0,0,130.6,8.909,15.8293,7.98061
1929,1.3212,0,0,0,0,130.5,8.941,16.0113,7.99511
1930,1.3211,0,0,0,0,130.4,8.949,16.1816,8.00683
1931,1.321,0,0,0,0,130.1,8.955,16.3428,8.01552
1932,1.321,0,0,0,0,129.9,8.983,16.4915,8.02254
1933,1.3209,0,0,0,0,129.6,9.022,16.6311,8.02467
1934,1.3209,0,0,0,0,129.1,9.043,16.7581,8.02414
1935,1.3208,0,0,0,0,128.7,9.044,16.8749,8.0187
1936,1.3207,0,0,0,0,128.2,9.028,16.9767,8.01314
1937,1.3206,0,0,0,0,127.5,9.034,17.0672,8.00581
1938,1.3206,0,0,0,0,127,9.052,17.1483,7.99623
1939,1.3205,0,0,0,0,126.4,9.048,17.2169,7.98699
1940,1.3204,0,0,0,0,125.6,9.041,17.2757,7.97633
1941,1.3203,0,0,0,0,124.9,9.037,17.3246,7.96404
1942,1.3203,0,0,0,0,124.2,9.036,17.3621,7.95233
1943,1.3202,0,0,0,0,123.2,9.035,17.3907,7.94046
1944,1.3202,0,0,0,0,122.4,9.021,17.4099,7.92876
1945,1.3201,0,0,0,0,121.6,9.016,17.4229,7.91622
1946,1.32,0,0,0,0,120.6,9.008,17.4312,7.90221
1947,1.32,0,0,0,0,119.7,8.97,17.4359,7.88634
1948,1.3199,0,0,0,0,119,8.974,17.4341,7.87168
1949,1.3199,0,0,0,0,117.8,8.953,17.426,7.85894
1950,1.3198,0,0,0,0,117,8.957,17.4134,7.84859
1951,1.3197,0,0,0,0,115.7,8.937,17.3979,7.83989
1952,1.3197,0,0,0,0,114.9,8.923,17.387,7.82878
1953,1.3196,0,0,0,0,114,8.912,17.3798,7.8167
1954,1.3196,0,0,0,0,112.8,8.895,17.3736,7.80604
1955,1.3195,0,0,0,0,111.8,8.891,17.3707,7.7968
1956,1.3194,0,0,0,0,111,8.88,17.3746,7.78659
1957,1.3193,0,0,0,0,109.7,8.867,17.3851,7.77627
1958,1.3193,0,0,0,0,108.8,8.855,17.402,7.76687
1959,1.3192,0,0,0,0,107.6,8.852,17.4237,7.75901
1960,1.3191,0,0,0,0,106.6,8.861,17.4547,7.74963
1961,1.319,0,0,0,0,105.8,8.864,17.4908,7.74101
1962,1.319,0,0,0,0,104.4,8.876,17.5305,7.73304
1963,1.3189,0,0,0,0,103.6,8.869,17.5763,7.72307
1964,1.3189,0,0,0,0,102.3,8.872,17.6236,7.71388
1965,1.3188,0,0,0,0,101.4,8.855,17.673,7.70367
1966,1.3187,0,0,0,0,100.5,8.828,17.7205,7.69575
1967,1.3186,0,0,0,0,99.28,8.839,17.7681,7.68787
1968,1.3186,0,0,0,0,98.31,8.855,17.8159,7.67892
1969,1.3185,0,0,0,0,97.11,8.856,17.8605,7.66975
1970,1.3184,0,0,0,0,96.31,8.833,17.8986,7.6611
1971,1.3183,0,0,0,0,94.88,8.842,17.932,7.65179
1972,1.3183,0,0,0,0,94.12,8.843,17.961,7.64171
1973,1.3182,0,0,0,0,93.41,8.83,17.9835,7.63137
1974,1.3182,0,0,0,0,92.06,8.808,17.9961,7.6217
1975,1.3181,0,0,0,0,91.21,8.818,17.9992,7.61264
1976,1.318,0,0,0,0,90.09,8.807,17.9925,7.6043
1977,1.3179,0,0,0,0,89.29,8.797,17.9742,7.59788
1978,1.3179,0,0,0,0,88.04,8.794,17.9403,7.59567
1979,1.3178,0,0,0,0,87.25,8.791,17.8962,7.59534
1980,1.3177,0,0,0,0,86.11,8.795,17.8409,7.59788
1981,1.3176,0,0,0,0,85.32,8.771,17.7775,7.60187
1982,1.3175,0,0,0,0,84.6,8.754,17.7053,7.60826
1983,1.3175,0,0,0,0,83.36,8.759,17.6237,7.6188
1984,1.3174,0,0,0,0,82.62,8.76,17.5334,7.63304
1985,1.3173,0,0,0,0,81.51,8.746,17.4376,7.64986
1986,1.3172,0,0,0,0,80.76,8.762,17.3396,7.66812
1987,1.3171,0,0,0,0,79.73,8.778,17.2354,7.69051
1988,1.3171,0,0,0,0,79.04,8.79,17.125,7.71687
1989,1.317,0,0,0,0,78,8.795,17.0121,7.74539
1990,1.3169,0,0,0,0,77.23,8.811,16.8968,7.77568
1991,1.3168,0,0,0,0,76.28,8.848,16.7791,7.80927
1992,1.3167,0,0,0,0,75.57,8.874,16.6593,7.84503
1993,1.3167,0,0,0,0,74.63,8.885,16.537,7.88334
1994,1.3166,0,0,0,0,73.92,8.913,16.4086,7.92549
1995,1.3165,0,0,0,0,72.98,8.944,16.2781,7.96969
1996,1.3164,0,0,0,0,72.34,8.98,16.143,8.01732
1997,1.3163,0,0,0,0,71.41,8.988,16.0075,8.06642
1998,1.3163,0,0,0,0,70.82,9.001,15.87,8.11756
1999,1.3162,0,0,0,0,69.86,9.034,15.7322,8.17072
2000,1.3161,0,0,0,0,69.24,9.076,15.5935,8.2254
2001,1.316,0,0,0,0,68.65,9.111,15.4608,8.27881
2002,1.3159,0,0,0,0,67.79,9.141,15.327,8.33501
2003,1.3159,0,0,0,0,66.88,9.171,15.1944,8.39347
2004,1.3158,0,0,0,0,66.34,9.214,15.0623,8.45315
2005,1.3157,0,0,0,0,65.48,9.255,14.9325,8.51464
2006,1.3156,0,0,0,0,64.9,9.303,14.8031,8.57883
2007,1.3155,0,0,0,0,64.12,9.356,14.6687,8.64932
2008,1.3154,0,0,0,0,63.58,9.406,14.5349,8.72386
2009,1.3153,0,0,0,0,62.81,9.448,14.4037,8.80198
2010,1.3152,0,0,0,0,62.32,9.516,14.2723,8.88645
2011,1.3151,0,0,0,0,61.56,9.578,14.1427,8.97555
2012,1.315,0,0,0,0,61.05,9.638,14.0161,9.07024
2013,1.315,0,0,0,0,60.29,9.692,13.8933,9.16985
2014,1.3149,0,0,0,0,59.8,9.763,13.7727,9.27485
2015,1.3148,0,0,0,0,59.07,9.845,13.6582,9.38541
2016,1.3147,0,0,0,0,58.57,9.953,13.5519,9.50022
2017,1.3146,0,0,0,0,57.88,10.04,13.4496,9.62216
2018,1.3146,0,0,0,0,57.46,10.14,13.3518,9.75036
2019,1.3145,0,0,0,0,56.8,10.27,13.2633,9.88404
2020,1.3144,0,0,0,0,56.32,10.39,13.1796,10.0239
2021,1.3143,0,0,0,0,55.66,10.52,13.103,10.1696
2022,1.3142,0,0,0,0,55.03,10.63,13.0358,10.3199
2023,1.3141,0,0,0,0,54.63,10.77,12.9727,10.4771
2024,1.314,0,0,0,0,53.98,10.91,12.9214,10.6381
2025,1.3139,0,0,0,0,53.56,11.03,12.8793,10.8041
2026,1.3138,0,0,0,0,52.94,11.19,12.8464,10.9751
2027,1.3137,0,0,0,0,52.56,11.35,12.828,11.1503
2028,1.3136,0,0,0,0,51.97,11.5,12.8215,11.3286
2029,1.3135,0,0,0,0,51.38,11.65,12.8316,11.5095
2030,1.3134,0,0,0,0,50.98,11.81,12.8561,11.6922
2031,1.3133,0,0,0,0,50.47,12.01,12.8975,11.8762
2032,1.3132,0,0,0,0,50.06,12.17,12.9534,12.0639
2033,1.3131,0,0,0,0,49.51,12.34,13.0255,12.253
2034,1.313,0,0,0,0,49.15,12.51,13.1143,12.4435
2035,1.3129,0,0,0,0,48.6,12.69,13.2185,12.635
2036,1.3128,0,0,0,0,48.06,12.87,13.3351,12.8286
2037,1.3127,0,0,0,0,47.73,13.07,13.4702,13.0217
2038,1.3126,0,0,0,0,47.18,13.25,13.6193,13.2151
2039,1.3125,0,0,0,0,46.85,13.46,13.7769,13.4105
2040,1.3124,0,0,0,0,46.35,13.64,13.9477,13.6063
2041,1.3123,0,0,0,0,45.84,13.84,14.1268,13.8001
2042,1.3122,0,0,0,0,45.53,14.03,14.315,13.9942
2043,1.3121,0,0,0,0,45.03,14.23,14.4998,14.1904
2044,1.312,0,0,0,0,44.73,14.41,14.6841,14.386
2045,1.3119,0,0,0,0,44.26,14.61,14.8707,14.5811
2046,1.3118,0,0,0,0,43.79,14.81,15.0492,14.7746
2047,1.3117,0,0,0,0,43.48,14.99,15.2132,14.9685
2048,1.3116,0,0,0,0,43.02,15.17,15.3628,15.1612
2049,1.3115,0,0,0,0,42.73,15.34,15.4954,15.3509
2050,1.3114,0,0,0,0,42.28,15.54,15.6002,15.5397
2051,1.3113,0,0,0,0,41.86,15.71,15.6894,15.7232
2052,1.3112,0,0,0,0,41.55,15.91,15.751,15.9031
2053,1.311,0,0,0,0,41.15,16.07,15.7748,16.0817
2054,1.3109,0,0,0,0,40.72,16.22,15.7712,16.2557
2055,1.3108,0,0,0,0,40.46,16.37,15.724,16.4292
2056,1.3107,0,0,0,0,40.02,16.53,15.6387,16.5983
2057,1.3106,0,0,0,0,39.75,16.67,15.5143,16.7639
2058,1.3105,0,0,0,0,39.34,16.78,15.3526,16.9262
2059,1.3104,0,0,0,0,38.94,16.9,15.1501,17.0844
2060,1.3103,0,0,0,0,38.68,16.98,14.9075,17.2406
2061,1.3102,0,0,0,0,38.27,17.08,14.6266,17.3937
2062,1.3101,0,0,0,0,37.9,17.18,14.3106,17.5428
2063,1.3099,0,0,0,0,37.62,17.25,13.9663,17.6875
2064,1.3098,0,0,0,0,37.26,17.34,13.5928,17.8283
2065,1.3097,0,0,0,0,36.87,17.39,13.1944,17.9631
2066,1.3096,0,0,0,0,36.64,17.48,12.7799,18.0938
2067,1.3095,0,0,0,0,36.28,17.55,12.3437,18.2226
2068,1.3094,0,0,0,0,35.92,17.61,11.8867,18.3509
2069,1.3093,0,0,0,0,35.68,17.67,11.427,18.4751
2070,1.3092,0,0,0,0,35.36,17.71,10.9625,18.5964
2071,1.3091,0,0,0,0,34.99,17.77,10.4901,18.7159
2072,1.309,0,0,0,0,34.79,17.83,10.0194,18.8349
2073,1.3088,0,0,0,0,34.47,17.87,9.55609,18.9524
2074,1.3087,0,0,0,0,34.13,17.94,9.10393,19.067
2075,1.3086,0,0,0,0,33.92,17.95,8.66585,19.1797
2076,1.3085,0,0,0,0,33.63,17.99,8.246,19.2883
2077,1.3084,0,0,0,0,33.29,18.05,7.84875,19.3938
2078,1.3082,0,0,0,0,33.09,18.09,7.46779,19.4982
2079,1.3081,0,0,0,0,32.8,18.13,7.11122,19.5986
2080,1.308,0,0,0,0,32.51,18.2,6.78565,19.6952
2081,1.3079,0,0,0,0,32.31,18.27,6.4939,19.7854
2082,1.3078,0,0,0,0,32,18.3,6.21623,19.8759
2083,1.3076,0,0,0,0,31.72,18.35,5.96524,19.9645
2084,1.3075,0,0,0,0,31.54,18.41,5.74012,20.0501
2085,1.3074,0,0,0,0,31.27,18.46,5.53351,20.134
2086,1.3073,0,0,0,0,30.97,18.52,5.34871,20.2141
2087,1.3072,0,0,0,0,30.71,18.56,5.18996,20.2931
2088,1.307,0,0,0,0,30.52,18.61,5.04898,20.3712
2089,1.3069,0,0,0,0,30.25,18.66,4.92112,20.4476
2090,1.3068,0,0,0,0,29.99,18.71,4.80907,20.5245
2091,1.3067,0,0,0,0,29.8,18.76,4.72132,20.5952
2092,1.3066,0,0,0,0,29.58,18.81,4.65227,20.662
2093,1.3064,0,0,0,0,29.29,18.85,4.60211,20.7255
2094,1.3063,0,0,0,0,29.06,18.9,4.56325,20.7854
2095,1.3062,0,0,0,0,28.88,18.96,4.54443,20.8412
2096,1.3061,0,0,0,0,28.65,19.03,4.53598,20.8953
2097,1.306,0,0,0,0,28.4,19.07,4.53268,20.948
2098,1.3059,0,0,0,0,28.22,19.11,4.53876,20.9981
2099,1.3058,0,0,0,0,27.99,19.16,4.5612,21.0451
2100,1.3057,0,0,0,0,27.76,19.21,4.58599,21.0896
2101,1.3056,0,0,0,0,27.51,19.27,4.61478,21.1331
2102,1.3055,0,0,0,0,27.37,19.29,4.65163,21.1738
2103,1.3053,0,0,0,0,27.13,19.32,4.70088,21.211
2104,1.3052,0,0,0,0,26.92,19.35,4.75004,21.2461
2105,1.3051,0,0,0,0,26.71,19.36,4.80526,21.2783
2106,1.305,0,0,0,0,26.57,19.4,4.86443,21.3088
2107,1.3049,0,0,0,0,26.37,19.43,4.92882,21.3361
2108,1.3047,0,0,0,0,26.17,19.47,4.99985,21.3603
2109,1.3046,0,0,0,0,25.97,19.51,5.08117,21.3807
2110,1.3045,0,0,0,0,25.84,19.53,5.16844,21.3976
2111,1.3044,0,0,0,0,25.65,19.56,5.25487,21.4141
2112,1.3043,0,0,0,0,25.47,19.6,5.34549,21.4298
2113,1.3041,0,0,0,0,25.28,19.61,5.44314,21.4421
2114,1.304,0,0,0,0,25.18,19.62,5.54172,21.4526
2115,1.3039,0,0,0,0,25.01,19.66,5.6431,21.4622
2116,1.3038,0,0,0,0,24.85,19.66,5.74844,21.4715
2117,1.3037,0,0,0,0,24.66,19.69,5.86967,21.478
2118,1.3035,0,0,0,0,24.55,19.7,5.99474,21.4833
2119,1.3034,0,0,0,0,24.38,19.72,6.13476,21.4846
2120,1.3033,0,0,0,0,24.2,19.74,6.29094,21.4821
2121,1.3032,0,0,0,0,24.01,19.74,6.46591,21.4766
2122,1.3031,0,0,0,0,23.86,19.76,6.65824,21.4682
2123,1.3029,0,0,0,0,23.74,19.78,6.86865,21.4567
2124,1.3028,0,0,0,0,23.58,19.79,7.09863,21.4424
2125,1.3027,0,0,0,0,23.42,19.82,7.34811,21.4269
2126,1.3026,0,0,0,0,23.28,19.82,7.61074,21.4101
2127,1.3025,0,0,0,0,23.18,19.83,7.89413,21.3918
2128,1.3023,0,0,0,0,23.04,19.86,8.19841,21.3726
2129,1.3022,0,0,0,0,22.89,19.88,8.52849,21.3499
2130,1.3021,0,0,0,0,22.75,19.89,8.86907,21.3268
2131,1.302,0,0,0,0,22.62,19.89,9.22431,21.3046
2132,1.3019,0,0,0,0,22.52,19.93,9.59958,21.2789
2133,1.3017,0,0,0,0,22.39,19.93,9.999,21.2516
2134,1.3016,0,0,0,0,22.27,19.97,10.4148,21.2223
2135,1.3015,0,0,0,0,22.14,20.01,10.8443,21.193
2136,1.3014,0,0,0,0,22.02,20.01,11.288,21.1633
2137,1.3013,0,0,0,0,21.94,20.04,11.7521,21.1293
2138,1.3011,0,0,0,0,21.83,20.07,12.227,21.0941
2139,1.301,0,0,0,0,21.72,20.11,12.7143,21.0563
2140,1.3009,0,0,0,0,21.62,20.13,13.2125,21.0176
2141,1.3008,0,0,0,0,21.5,20.15,13.7169,20.9794
2142,1.3007,0,0,0,0,21.4,20.17,14.2336,20.9353
2143,1.3005,0,0,0,0,21.33,20.19,14.7523,20.8893
2144,1.3004,0,0,0,0,21.23,20.22,15.2763,20.8419
2145,1.3003,0,0,0,0,21.12,20.23,15.8044,20.7927
2146,1.3002,0,0,0,0,21.02,20.23,16.344,20.7394
2147,1.3001,0,0,0,0,20.91,20.26,16.8892,20.6835
2148,1.2999,0,0,0,0,20.85,20.27,17.4311,20.6269
2149,1.2998,0,0,0,0,20.77,20.29,17.9749,20.5681
2150,1.2997,0,0,0,0,20.67,20.28,18.5213,20.5077
2151,1.2996,0,0,0,0,20.58,20.27,19.0663,20.4468
2152,1.2995,0,0,0,0,20.49,20.29,19.6114,20.3834
2153,1.2993,0,0,0,0,20.4,20.29,20.1498,20.32
2154,1.2992,0,0,0,0,20.33,20.31,20.6874,20.254
2155,1.2991,0,0,0,0,20.27,20.29,21.2153,20.1884
2156,1.299,0,0,0,0,20.18,20.26,21.7348,20.122
2157,1.2989,0,0,0,0,20.1,20.3,22.2489,20.0538
2158,1.2987,0,0,0,0,20.02,20.3,22.7523,19.9855
2159,1.2986,0,0,0,0,19.95,20.3,23.2393,19.9181
2160,1.2985,0,0,0,0,19.87,20.3,23.7123,19.8507
2161,1.2984,0,0,0,0,19.83,20.31,24.1734,19.7825
2162,1.2983,0,0,0,0,19.76,20.29,24.6219,19.7133
2163,1.2981,0,0,0,0,19.69,20.29,25.0541,19.6455
2164,1.298,0,0,0,0,19.63,20.26,25.4619,19.5784
2165,1.2979,0,0,0,0,19.58,20.25,25.8461,19.5128
2166,1.2978,0,0,0,0,19.52,20.23,26.2137,19.4455
2167,1.2977,0,0,0,0,19.46,20.2,26.562,19.3764
2168,1.2975,0,0,0,0,19.42,20.16,26.8908,19.3077
2169,1.2974,0,0,0,0,19.38,20.15,27.2031,19.2379
2170,1.2973,0,0,0,0,19.33,20.12,27.4899,19.1694
2171,1.2972,0,0,0,0,19.28,20.09,27.7586,19.0983
2172,1.297,0,0,0,0,19.23,20.07,28.0126,19.0236
2173,1.2969,0,0,0,0,19.18,20.03,28.2445,18.9521
2174,1.2967,0,0,0,0,19.13,19.98,28.4609,18.8784
2175,1.2966,0,0,0,0,19.09,19.95,28.6629,18.804
2176,1.2965,0,0,0,0,19.04,19.91,28.8494,18.7297
2177,1.2964,0,0,0,0,19,19.86,29.0161,18.6564
2178,1.2962,0,0,0,0,18.96,19.8,29.1683,18.5836
2179,1.2961,0,0,0,0,18.89,19.75,29.3095,18.5098
2180,1.296,0,0,0,0,18.84,19.69,29.4393,18.4334
2181,1.2959,0,0,0,0,18.8,19.64,29.5514,18.3585
2182,1.2958,0,0,0,0,18.74,19.59,29.6473,18.2844
2183,1.2957,0,0,0,0,18.7,19.53,29.7316,18.2096
2184,1.2956,0,0,0,0,18.66,19.47,29.8067,18.1321
2185,1.2955,0,0,0,0,18.6,19.41,29.8641,18.0568
2186,1.2954,0,0,0,0,18.56,19.36,29.91,17.9822
2187,1.2953,0,0,0,0,18.52,19.31,29.9453,17.9085
2188,1.2951,0,0,0,0,18.49,19.22,29.9677,17.837
2189,1.295,0,0,0,0,18.45,19.18,29.9811,17.7661
2190,1.2949,0,0,0,0,18.43,19.12,29.9834,17.6956
2191,1.2948,0,0,0,0,18.39,19.05,29.9736,17.6278
2192,1.2947,0,0,0,0,18.37,18.99,29.952,17.562
2193,1.2945,0,0,0,0,18.37,18.9,29.915,17.4987
2194,1.2944,0,0,0,0,18.38,18.85,29.8683,17.4359
2195,1.2943,0,0,0,0,18.37,18.81,29.813,17.3747
2196,1.2942,0,0,0,0,18.36,18.74,29.7491,17.3152
2197,1.2941,0,0,0,0,18.35,18.67,29.6776,17.2575
2198,1.2939,0,0,0,0,18.35,18.61,29.6021,17.2011
2199,1.2938,0,0,0,0,18.35,18.58,29.5212,17.1446
2200,1.2937,0,0,0,0,18.34,18.52,29.4327,17.0902
2201,1.2936,0,0,0,0,18.33,18.46,29.3426,17.0357
2202,1.2935,0,0,0,0,18.33,18.4,29.2462,16.9843
2203,1.2933,0,0,0,0,18.33,18.34,29.1444,16.9336
2204,1.2932,0,0,0,0,18.34,18.29,29.037,16.8832
2205,1.2931,0,0,0,0,18.33,18.24,28.9195,16.8369
2206,1.293,0,0,0,0,18.34,18.18,28.7902,16.7935
2207,1.2928,0,0,0,0,18.34,18.13,28.6516,16.7514
2208,1.2927,0,0,0,0,18.32,18.07,28.5063,16.7115
2209,1.2925,0,0,0,0,18.31,18.03,28.3523,16.6734
2210,1.2924,0,0,0,0,18.29,17.98,28.1838,16.6391
2211,1.2923,0,0,0,0,18.28,17.92,28.0044,16.6089
2212,1.2922,0,0,0,0,18.28,17.87,27.816,16.5817
2213,1.292,0,0,0,0,18.29,17.82,27.6219,16.5574
2214,1.2919,0,0,0,0,18.29,17.8,27.4226,16.5361
2215,1.2918,0,0,0,0,18.3,17.75,27.2145,16.5205
2216,1.2917,0,0,0,0,18.32,17.73,26.9981,16.5107
2217,1.2916,0,0,0,0,18.35,17.68,26.7766,16.506
2218,1.2914,0,0,0,0,18.36,17.68,26.5516,16.5072
2219,1.2913,0,0,0,0,18.37,17.66,26.3196,16.516
2220,1.2912,0,0,0,0,18.37,17.63,26.084,16.5315
2221,1.2911,0,0,0,0,18.38,17.62,25.8505,16.5545
2222,1.291,0,0,0,0,18.37,17.63,25.6189,16.5857
2223,1.2908,0,0,0,0,18.4,17.64,25.3888,16.6271
2224,1.2907,0,0,0,0,18.42,17.64,25.1678,16.6759
2225,1.2906,0,0,0,0,18.43,17.66,24.9556,16.7343
2226,1.2905,0,0,0,0,18.46,17.7,24.757,16.8013
2227,1.2904,0,0,0,0,18.49,17.74,24.5723,16.8764
2228,1.2902,0,0,0,0,18.51,17.79,24.4033,16.9602
2229,1.2901,0,0,0,0,18.54,17.86,24.2496,17.0531
2230,1.29,0,0,0,0,18.57,17.95,24.1116,17.1574
2231,1.2899,0,0,0,0,18.58,18.03,23.9936,17.2703
2232,1.2898,0,0,0,0,18.6,18.14,23.892,17.395
2233,1.2896,0,0,0,0,18.64,18.25,23.808,17.5293
2234,1.2895,0,0,0,0,18.65,18.36,23.7411,17.6755
2235,1.2894,0,0,0,0,18.67,18.51,23.6912,17.8341
2236,1.2893,0,0,0,0,18.7,18.66,23.6639,18.003
2237,1.2892,0,0,0,0,18.75,18.81,23.6594,18.1815
2238,1.289,0,0,0,0,18.79,18.95,23.687,18.3679
2239,1.2889,0,0,0,0,18.83,19.13,23.7352,18.5629
2240,1.2888,0,0,0,0,18.88,19.31,23.8098,18.7634
2241,1.2887,0,0,0,0,18.93,19.51,23.909,18.9722
2242,1.2886,0,0,0,0,18.97,19.72,24.0282,19.1879
2243,1.2884,0,0,0,0,19.03,19.94,24.1681,19.4111
2244,1.2883,0,0,0,0,19.08,20.17,24.3309,19.6386
2245,1.2882,0,0,0,0,19.13,20.4,24.5132,19.871
2246,1.2881,0,0,0,0,19.19,20.65,24.7136,20.1082
2247,1.288,0,0,0,0,19.24,20.89,24.9316,20.3494
2248,1.2878,0,0,0,0,19.29,21.14,25.166,20.5932
2249,1.2877,0,0,0,0,19.34,21.4,25.4157,20.84
2250,1.2876,0,0,0,0,19.4,21.63,25.6833,21.0863
2251,1.2875,0,0,0,0,19.46,21.86,25.9646,21.3344
2252,1.2874,0,0,0,0,19.51,22.1,26.2565,21.5823
2253,1.2873,0,0,0,0,19.61,22.36,26.5567,21.8289
2254,1.2872,0,0,0,0,19.66,22.62,26.8674,22.071
2255,1.2871,0,0,0,0,19.73,22.9,27.1837,22.3107
2256,1.287,0,0,0,0,19.8,23.13,27.499,22.5494
2257,1.2869,0,0,0,0,19.85,23.39,27.8123,22.7879
2258,1.2867,0,0,0,0,19.91,23.61,28.1245,23.0233
2259,1.2866,0,0,0,0,19.97,23.86,28.4405,23.2558
2260,1.2865,0,0,0,0,20.04,24.1,28.7521,23.486
2261,1.2864,0,0,0,0,20.13,24.34,29.0618,23.7102
2262,1.2863,0,0,0,0,20.2,24.55,29.3625,23.9314
2263,1.2862,0,0,0,0,20.27,24.79,29.6576,24.1496
2264,1.2861,0,0,0,0,20.38,24.99,29.9473,24.3631
2265,1.286,0,0,0,0,20.46,25.21,30.2281,24.5736
2266,1.2859,0,0,0,0,20.54,25.41,30.5089,24.7748
2267,1.2858,0,0,0,0,20.62,25.62,30.7924,24.9645
2268,1.2856,0,0,0,0,20.71,25.83,31.0748,25.1472
2269,1.2855,0,0,0,0,20.79,26.05,31.3564,25.3202
2270,1.2854,0,0,0,0,20.87,26.26,31.6391,25.4849
2271,1.2853,0,0,0,0,20.94,26.43,31.917,25.6448
2272,1.2852,0,0,0,0,21.03,26.57,32.2002,25.7967
2273,1.285,0,0,0,0,21.11,26.74,32.4804,25.9428
2274,1.2849,0,0,0,0,21.26,26.88,32.7631,26.0796
2275,1.2848,0,0,0,0,21.35,27.01,33.0446,26.2108
2276,1.2847,0,0,0,0,21.45,27.18,33.3138,26.3425
2277,1.2846,0,0,0,0,21.53,27.32,33.5793,26.4707
2278,1.2845,0,0,0,0,21.64,27.42,33.8349,26.5977
2279,1.2844,0,0,0,0,21.74,27.54,34.086,26.7233
2280,1.2843,0,0,0,0,21.83,27.63,34.3254,26.8483
2281,1.2842,0,0,0,0,21.92,27.77,34.5596,26.9721
2282,1.2841,0,0,0,0,22.02,27.94,34.7802,27.094
2283,1.284,0,0,0,0,22.12,28.04,34.9994,27.2166
2284,1.2839,0,0,0,0,22.23,28.21,35.1969,27.3416
2285,1.2838,0,0,0,0,22.34,28.36,35.3746,27.4711
2286,1.2837,0,0,0,0,22.45,28.5,35.5273,27.6051
2287,1.2836,0,0,0,0,22.64,28.63,35.6634,27.7405
2288,1.2834,0,0,0,0,22.76,28.78,35.7699,27.8805
2289,1.2833,0,0,0,0,22.87,28.96,35.854,28.0257
2290,1.2832,0,0,0,0,23.01,29.13,35.8977,28.177
2291,1.2831,0,0,0,0,23.13,29.22,35.9271,28.3283
2292,1.283,0,0,0,0,23.27,29.37,35.9135,28.4869
2293,1.2829,0,0,0,0,23.38,29.47,35.8634,28.6515
2294,1.2828,0,0,0,0,23.51,29.6,35.7798,28.8162
2295,1.2827,0,0,0,0,23.63,29.7,35.663,28.9807
2296,1.2826,0,0,0,0,23.77,29.82,35.5168,29.1428
2297,1.2825,0,0,0,0,23.85,29.97,35.3486,29.3018
2298,1.2824,0,0,0,0,24.09,30.06,35.1506,29.4587
2299,1.2823,0,0,0,0,24.18,30.18,34.9495,29.6038
2300,1.2822,0,0,0,0,24.33,30.28,34.7116,29.7463
2301,1.2821,0,0,0,0,24.44,30.4,34.4585,29.8779
2302,1.282,0,0,0,0,24.59,30.53,34.1879,29.9983
2303,1.2818,0,0,0,0,24.7,30.6,33.8936,30.1082
2304,1.2817,0,0,0,0,24.85,30.66,33.5859,30.2078
2305,1.2816,0,0,0,0,24.95,30.7,33.2698,30.2946
2306,1.2815,0,0,0,0,25.23,30.76,32.9431,30.3686
2307,1.2814,0,0,0,0,25.34,30.78,32.6342,30.4249
2308,1.2813,0,0,0,0,25.49,30.75,32.3167,30.4695
2309,1.2812,0,0,0,0,25.64,30.74,32.0102,30.4963
2310,1.2811,0,0,0,0,25.79,30.72,31.7122,30.5092
2311,1.281,0,0,0,0,25.92,30.65,31.4256,30.5083
2312,1.2809,0,0,0,0,26.11,30.58,31.1479,30.4951
2313,1.2808,0,0,0,0,26.23,30.51,30.9101,30.4663
2314,1.2807,0,0,0,0,26.53,30.45,30.669,30.4282
2315,1.2806,0,0,0,0,26.64,30.34,30.446,30.3814
2316,1.2805,0,0,0,0,26.81,30.29,30.2346,30.3285
2317,1.2804,0,0,0,0,26.95,30.23,30.0414,30.2717
2318,1.2803,0,0,0,0,27.12,30.15,29.8593,30.2159
2319,1.2802,0,0,0,0,27.27,30.04,29.6994,30.1569
2320,1.2801,0,0,0,0,27.44,30,29.561,30.1019
2321,1.28,0,0,0,0,27.56,29.98,29.4342,30.0512
2322,1.2799,0,0,0,0,27.89,29.91,29.297,30.0125
2323,1.2799,0,0,0,0,28.02,29.86,29.1693,29.9821
2324,1.2798,0,0,0,0,28.19,29.84,29.0509,29.9575
2325,1.2797,0,0,0,0,28.38,29.81,28.9543,29.9402
2326,1.2796,0,0,0,0,28.55,29.76,28.856,29.9357
2327,1.2795,0,0,0,0,28.69,29.73,28.771,29.937
2328,1.2795,0,0,0,0,29.03,29.76,28.682,29.9497
2329,1.2794,0,0,0,0,29.16,29.77,28.6,29.9704
2330,1.2793,0,0,0,0,29.34,29.79,28.5011,30.0035
2331,1.2792,0,0,0,0,29.51,29.81,28.429,30.0379
2332,1.2791,0,0,0,0,29.69,29.85,28.3519,30.0811
2333,1.2791,0,0,0,0,29.88,29.89,28.2766,30.1312
2334,1.279,0,0,0,0,30.02,29.99,28.2037,30.1867
2335,1.2789,0,0,0,0,30.38,30,28.1433,30.2374
2336,1.2788,0,0,0,0,30.54,30.05,28.0988,30.2884
2337,1.2788,0,0,0,0,30.73,30.07,28.0559,30.3424
2338,1.2787,0,0,0,0,30.92,30.11,28.0076,30.3949
2339,1.2787,0,0,0,0,31.07,30.17,27.9795,30.4359
2340,1.2786,0,0,0,0,31.45,30.22,27.9578,30.4731
2341,1.2785,0,0,0,0,31.6,30.23,27.9421,30.5041
2342,1.2785,0,0,0,0,31.8,30.29,27.9538,30.5222
2343,1.2784,0,0,0,0,31.99,30.28,27.9718,30.5305
2344,1.2784,0,0,0,0,32.19,30.29,27.9651,30.5385
2345,1.2783,0,0,0,0,32.38,30.27,27.9692,30.5316
2346,1.2782,0,0,0,0,32.72,30.27,27.9757,30.5125
2347,1.2781,0,0,0,0,32.9,30.24,28.0002,30.4798
2348,1.278,0,0,0,0,33.11,30.19,28.017,30.4396
2349,1.2779,0,0,0,0,33.31,30.1,28.0276,30.3921
2350,1.2778,0,0,0,0,33.48,30.1,28.0293,30.3393
2351,1.2777,0,0,0,0,33.88,30.03,28.0222,30.278
2352,1.2776,0,0,0,0,34.04,29.93,28.0119,30.2047
2353,1.2776,0,0,0,0,34.26,29.83,27.9927,30.1228
2354,1.2775,0,0,0,0,34.47,29.84,27.961,30.0364
2355,1.2774,0,0,0,0,34.68,29.75,27.9119,29.9497
2356,1.2773,0,0,0,0,34.86,29.66,27.8381,29.8633
2357,1.2772,0,0,0,0,35.28,29.58,27.7457,29.776
2358,1.2771,0,0,0,0,35.47,29.48,27.6302,29.6929
2359,1.277,0,0,0,0,35.7,29.3,27.4943,29.6136
2360,1.2769,0,0,0,0,35.92,29.26,27.3547,29.5359
2361,1.2768,0,0,0,0,36.1,29.2,27.1953,29.4649
2362,1.2767,0,0,0,0,36.56,29.13,27.0074,29.3993
2363,1.2766,0,0,0,0,36.75,29.02,26.8039,29.3374
2364,1.2765,0,0,0,0,36.97,28.9,26.5837,29.2816
2365,1.2764,0,0,0,0,37.16,28.82,26.3683,29.2258
2366,1.2763,0,0,0,0,37.61,28.72,26.147,29.174
2367,1.2762,0,0,0,0,37.77,28.73,25.9108,29.1262
2368,1.2761,0,0,0,0,38.01,28.7,25.6745,29.0816
2369,1.276,0,0,0,0,38.27,28.65,25.4432,29.037
2370,1.2759,0,0,0,0,38.48,28.58,25.2019,29.0003
2371,1.2758,0,0,0,0,38.92,28.54,24.9564,28.9689
2372,1.2757,0,0,0,0,39.13,28.5,24.712,28.9411
2373,1.2757,0,0,0,0,39.38,28.46,24.464,28.9146
2374,1.2756,0,0,0,0,39.57,28.38,24.2223,28.8884
2375,1.2755,0,0,0,0,40.07,28.34,23.995,28.8573
2376,1.2754,0,0,0,0,40.24,28.23,23.776,28.8291
2377,1.2753,0,0,0,0,40.5,28.2,23.5785,28.8008
2378,1.2753,0,0,0,0,40.78,28.17,23.3749,28.7762
2379,1.2752,0,0,0,0,40.96,28.09,23.1847,28.7517
2380,1.2751,0,0,0,0,41.47,28.03,23.0019,28.7282
2381,1.275,0,0,0,0,41.67,28.03,22.8398,28.7038
2382,1.2749,0,0,0,0,41.96,28.01,22.6736,28.6814
2383,1.2749,0,0,0,0,42.2,27.94,22.5125,28.6643
2384,1.2748,0,0,0,0,42.68,27.91,22.3537,28.6521
2385,1.2747,0,0,0,0,42.93,27.9,22.2134,28.6389
2386,1.2746,0,0,0,0,43.19,27.84,22.0856,28.627
2387,1.2745,0,0,0,0,43.42,27.79,21.9564,28.6186
2388,1.2745,0,0,0,0,43.88,27.81,21.8361,28.6134
2389,1.2744,0,0,0,0,44.13,27.82,21.7299,28.609
2390,1.2743,0,0,0,0,44.39,27.81,21.6294,28.6066
2391,1.2742,0,0,0,0,44.64,27.81,21.5208,28.6089
2392,1.2742,0,0,0,0,45.13,27.83,21.4167,28.6151
2393,1.2741,0,0,0,0,45.38,27.85,21.3095,28.625
2394,1.2741,0,0,0,0,45.65,27.85,21.1988,28.6433
2395,1.274,0,0,0,0,45.9,27.82,21.0916,28.6663
2396,1.2739,0,0,0,0,46.38,27.82,20.9775,28.6938
2397,1.2739,0,0,0,0,46.63,27.79,20.8682,28.7204
2398,1.2738,0,0,0,0,46.9,27.79,20.7557,28.7518
2399,1.2738,0,0,0,0,47.14,27.78,20.6571,28.7805
2400,1.2737,0,0,0,0,47.64,27.83,20.5487,28.8149
2401,1.2736,0,0,0,0,47.87,27.84,20.4397,28.8545
2402,1.2736,0,0,0,0,48.17,27.88,20.3396,28.8925
2403,1.2735,0,0,0,0,48.36,27.91,20.2494,28.9326
2404,1.2735,0,0,0,0,48.94,27.99,20.1535,28.9758
2405,1.2734,0,0,0,0,49.17,28.04,20.0589,29.0231
2406,1.2733,0,0,0,0,49.4,28.12,19.9746,29.0722
2407,1.2733,0,0,0,0,49.97,28.11,19.89,29.1252
2408,1.2732,0,0,0,0,50.21,28.19,19.7896,29.187
2409,1.2732,0,0,0,0,50.5,28.19,19.6815,29.2575
2410,1.2731,0,0,0,0,50.78,28.17,19.5779,29.332
2411,1.273,0,0,0,0,51.31,28.17,19.4741,29.4103
2412,1.273,0,0,0,0,51.59,28.31,19.363,29.4948
2413,1.2729,0,0,0,0,51.91,28.37,19.2593,29.5816
2414,1.2729,0,0,0,0,52.46,28.48,19.1541,29.6736
2415,1.2728,0,0,0,0,52.75,28.53,19.0603,29.7661
2416,1.2727,0,0,0,0,53.1,28.59,18.9555,29.8712
2417,1.2727,0,0,0,0,53.39,28.7,18.8543,29.9776
2418,1.2726,0,0,0,0,54.01,28.74,18.7542,30.0889
2419,1.2726,0,0,0,0,54.29,28.87,18.6478,30.2089
2420,1.2725,0,0,0,0,54.62,28.98,18.5341,30.3358
2421,1.2725,0,0,0,0,55.23,29.1,18.4063,30.4772
2422,1.2724,0,0,0,0,55.55,29.23,18.2696,30.629
2423,1.2724,0,0,0,0,55.88,29.34,18.1331,30.7878
2424,1.2723,0,0,0,0,56.18,29.44,18.0031,30.9536
2425,1.2723,0,0,0,0,56.86,29.59,17.8814,31.1218
2426,1.2722,0,0,0,0,57.13,29.73,17.7728,31.2909
2427,1.2722,0,0,0,0,57.46,29.87,17.6686,31.4637
2428,1.2721,0,0,0,0,58.08,30.02,17.5757,31.6412
2429,1.2721,0,0,0,0,58.41,30.16,17.5078,31.8154
2430,1.272,0,0,0,0,58.78,30.35,17.4505,31.9896
2431,1.272,0,0,0,0,59.46,30.43,17.4001,32.167
2432,1.2719,0,0,0,0,59.76,30.64,17.3582,32.3489
2433,1.2719,0,0,0,0,60.09,30.84,17.3198,32.537
2434,1.2718,0,0,0,0,60.39,30.98,17.2853,32.726
2435,1.2718,0,0,0,0,61.07,31.22,17.2506,32.9261
2436,1.2717,0,0,0,0,61.46,31.32,17.222,33.1295
2437,1.2717,0,0,0,0,61.8,31.51,17.184,33.342
2438,1.2716,0,0,0,0,62.5,31.64,17.1568,33.5584
2439,1.2716,0,0,0,0,62.86,31.84,17.1358,33.7795
2440,1.2715,0,0,0,0,63.16,32.04,17.1232,34.0047
2441,1.2715,0,0,0,0,63.92,32.21,17.1063,34.2363
2442,1.2714,0,0,0,0,64.27,32.33,17.0851,34.4756
2443,1.2714,0,0,0,0,64.62,32.55,17.0744,34.7152
2444,1.2713,0,0,0,0,65.39,32.82,17.0599,34.9632
2445,1.2713,0,0,0,0,65.74,33.15,17.0482,35.2143
2446,1.2713,0,0,0,0,66.09,33.39,17.0384,35.4675
2447,1.2713,0,0,0,0,66.85,33.6,17.0281,35.7214
2448,1.2712,0,0,0,0,67.25,33.84,16.9936,35.9867
2449,1.2712,0,0,0,0,67.59,34.1,16.9527,36.2544
2450,1.2712,0,0,0,0,68.42,34.26,16.9163,36.5212
2451,1.2712,0,0,0,0,68.81,34.52,16.8883,36.7849
2452,1.2711,0,0,0,0,69.18,34.72,16.8845,37.0364
2453,1.2711,0,0,0,0,70.09,34.97,16.9041,37.2753
2454,1.271,0,0,0,0,70.46,35.19,16.9009,37.5197
2455,1.271,0,0,0,0,70.84,35.39,16.892,37.762
2456,1.271,0,0,0,0,71.74,35.61,16.8688,38.0058
2457,1.271,0,0,0,0,72.12,35.78,16.8388,38.245
2458,1.2709,0,0,0,0,72.49,36.04,16.8196,38.467
2459,1.2709,0,0,0,0,73.4,36.18,16.7853,38.683
2460,1.2709,0,0,0,0,73.81,36.36,16.7073,38.907
2461,1.2709,0,0,0,0,74.23,36.6,16.594,39.1384
2462,1.2709,0,0,0,0,75.14,36.74,16.4473,39.3753
2463,1.2708,0,0,0,0,75.54,36.82,16.2726,39.6146
2464,1.2708,0,0,0,0,75.91,36.99,16.087,39.8477
2465,1.2708,0,0,0,0,76.75,37.11,15.8992,40.0714
2466,1.2708,0,0,0,0,77.18,37.35,15.7017,40.2883
2467,1.2708,0,0,0,0,78.01,37.58,15.5054,40.4979
2468,1.2708,0,0,0,0,78.39,37.92,15.297,40.7019
2469,1.2708,0,0,0,0,78.8,37.96,15.0901,40.8946
2470,1.2708,0,0,0,0,79.7,38.12,14.889,41.0746
2471,1.2708,0,0,0,0,80.05,38.21,14.7377,41.2324
2472,1.2708,0,0,0,0,80.46,38.33,14.5142,41.3994
2473,1.2708,0,0,0,0,81.36,38.56,14.3154,41.5523
2474,1.2708,0,0,0,0,81.73,38.74,14.0854,41.702
2475,1.2708,0,0,0,0,82.15,38.77,13.8377,41.8529
2476,1.2708,0,0,0,0,82.95,38.84,13.5777,41.9952
2477,1.2709,0,0,0,0,83.38,38.83,13.3364,42.1338
2478,1.2709,0,0,0,0,84.23,38.79,13.0812,42.2679
2479,1.271,0,0,0,0,84.74,38.86,12.8313,42.3942
2480,1.271,0,0,0,0,85.1,39,12.5918,42.5093
2481,1.2711,0,0,0,0,85.84,39,12.3233,42.6216
2482,1.2712,0,0,0,0,86.17,39.06,12.1144,42.7108
2483,1.2712,0,0,0,0,86.37,39.05,11.8347,42.8162
2484,1.2713,0,0,0,0,87.08,39.16,11.6264,42.8949
2485,1.2714,0,0,0,0,87.62,39.28,11.3327,42.9937
2486,1.2715,0,0,0,0,88.84,39.48,11.034,43.0884
2487,1.2716,0,0,0,0,89.04,39.43,10.7428,43.1729
2488,1.2717,0,0,0,0,89.45,39.51,10.4632,43.2457
2489,1.2718,0,0,0,0,90.55,39.64,10.1989,43.3052
2490,1.2719,0,0,0,0,90.89,39.53,9.95372,43.35
2491,1.272,0,0,0,0,91.34,39.6,9.73163,43.3784
2492,1.2722,0,0,0,0,92.04,39.58,9.53645,43.3891
2493,1.2723,0,0,0,0,92.44,39.54,9.37204,43.3803
2494,1.2725,0,0,0,0,93.08,39.4,9.24228,43.3506
2495,1.2726,0,0,0,0,93.33,39.36,9.15101,43.2985
2496,1.2728,0,0,0,0,93.58,39.17,9.10212,43.2225
2497,1.273,0,0,0,0,94.16,39.26,9.09945,43.1209
2498,1.2732,0,0,0,0,94.48,38.93,9.14688,42.9924
2499,1.2734,0,0,0,0,94.99,39.21,9.24827,42.8352
2500,1.2736,0,0,0,0,95.3,38.71,9.40747,42.6481
