"N","Cab","Car","Anth","LMA","EWT","alpha","Cbrown","Cs","Prot","CBC","Cx","rho_thermal","tau_thermal","Vcmax25","BallBerrySlope","BallBerry0","Type","kV","Rdparam","Kn0","Knalpha","Knbeta","Tyear","beta","kNPQs","qLs","stressfactor","fqe","spectrum","rss","rs_thermal","cs","rhos","lambdas","SMC","BSMBrightness","BSMlat","BSMlon","LAI","hc","LIDFa","LIDFb","TypeLidf","leafwidth","hspot","Cv","crowndiameter","zo","d","Cd","rb","CR","CD1","Psicor","CSSOIL","rbs","rwc","z","Rin","Rli","Ta","p","ea","RH","u","Ca","Oa","startDate","endDate","LAT","LON","timezn","tts","tto","psi"
2.36273256037384,48.5924615682435,1.6429839131888,0.614222289528698,0.130048487009481,0.0699044655542821,41.1984223639593,0.0659005513880402,0.690114696044475,0,0,0.627182264812291,0.01,0.01,136.088226224412,12.1598488874733,0.01,"C3",0.64,0.015,2.48,2.83,0.114,15,0.51,0,1,1,0.01,1,500,0.06,1180,1800,1.55,25,0.5,25,45,0.264673781441525,2.39325566182379,0.456362497527152,-0.0473625790327787,1,0.1,0,1,1,0.25,1.34,0.3,10,0.35,20.6,0.2,0.01,10,0,5,600,300,20,970,15,0.2375782225281,2,410,209,"2018-08-01","2018-09-01",51.55,5.55,1,9.6504362532869,26.1594489554409,101.712194150314
3.86491540633142,33.3978285134602,0.220152962720022,0.720158089185134,0.0112989600747824,0.084835464367643,43.6624339688569,0.968402797821909,0.467499357415363,0,0,0.0847940237727016,0.01,0.01,41.5067318363581,5.3845373664517,0.01,"C3",0.64,0.015,2.48,2.83,0.114,15,0.51,0,1,1,0.01,1,500,0.06,1180,1800,1.55,25,0.5,25,45,3.03102250869852,4.1915361705469,0.962064340244979,-0.114081291947514,1,0.1,0,1,1,0.25,1.34,0.3,10,0.35,20.6,0.2,0.01,10,0,5,600,300,20,970,15,0.567025675671175,2,410,209,"2018-08-01","2018-09-01",51.55,5.55,1,13.6222810484469,20.3652031731326,71.6335223894566
2.7269307654351,62.0271968776226,14.7920218878426,0.912776019889861,0.141078960662708,0.0974687770940363,35.0040808087215,0.370398279512301,0.136986195575446,0,0,0.606318179750815,0.01,0.01,87.2860981604899,7.40581046976149,0.01,"C3",0.64,0.015,2.48,2.83,0.114,15,0.51,0,1,1,0.01,1,500,0.06,1180,1800,1.55,25,0.5,25,45,6.0228289939696,0.838626031996682,0.0786111261695623,0.615452508907765,1,0.1,0,1,1,0.25,1.34,0.3,10,0.35,20.6,0.2,0.01,10,0,5,600,300,20,970,15,0.261836690595374,2,410,209,"2018-08-01","2018-09-01",51.55,5.55,1,2.69498642301187,22.5707624712959,135.528138941154
4.14905221201479,46.189663959142,21.7403845104855,1.57904177112505,0.108841407950968,0.0305156774818897,29.0542856929824,0.478885788237676,0.510320722591132,0,0,0.556160510517657,0.01,0.01,157.235352894408,11.961372022517,0.01,"C3",0.64,0.015,2.48,2.83,0.114,15,0.51,0,1,1,0.01,1,500,0.06,1180,1800,1.55,25,0.5,25,45,5.92530091062654,3.62780214799568,-0.631156532093883,0.880894091911614,1,0.1,0,1,1,0.25,1.34,0.3,10,0.35,20.6,0.2,0.01,10,0,5,600,300,20,970,15,0.191671825479716,2,410,209,"2018-08-01","2018-09-01",51.55,5.55,1,11.3360737287439,18.8691405148711,82.9610344162211
4.32140185288154,43.3891059976007,11.1572971451096,2.34644082258455,0.067835309356451,0.108690113201737,3.81422099657357,0.199148431420326,0.972976223099977,0,0,0.475905213970691,0.01,0.01,189.833664867387,5.77997222612612,0.01,"C3",0.64,0.015,2.48,2.83,0.114,15,0.51,0,1,1,0.01,1,500,0.06,1180,1800,1.55,25,0.5,25,45,4.13222393516917,3.40328781830613,-0.843663386069238,0.571805309969932,1,0.1,0,1,1,0.25,1.34,0.3,10,0.35,20.6,0.2,0.01,10,0,5,600,300,20,970,15,0.273831629659981,2,410,209,"2018-08-01","2018-09-01",51.55,5.55,1,10.2747677976731,18.3213071606588,83.8652818417177
1.63666949816979,40.171893995812,0.939375115558505,4.25311710592359,0.14725125906989,0.12610139218159,10.338900689967,0.630559740588069,0.184094527037814,0,0,0.00914281629957259,0.01,0.01,12.2077673521126,10.1305973911658,0.01,"C3",0.64,0.015,2.48,2.83,0.114,15,0.51,0,1,1,0.01,1,500,0.06,1180,1800,1.55,25,0.5,25,45,4.94329261593521,2.51898859627545,0.597963855136186,-0.566340178716928,1,0.1,0,1,1,0.25,1.34,0.3,10,0.35,20.6,0.2,0.01,10,0,5,600,300,20,970,15,0.935950057813898,2,410,209,"2018-08-01","2018-09-01",51.55,5.55,1,7.91821240796708,17.3165867070202,65.157080325298
3.08431646414101,57.4928713600998,10.2572645817418,1.37469209823757,0.0533061205875129,0.0830895628314465,50.2927160169929,0.931988730095327,0.592937282985076,0,0,0.900976475561038,0.01,0.01,223.381992411683,8.37830379302613,0.01,"C3",0.64,0.015,2.48,2.83,0.114,15,0.51,0,1,1,0.01,1,500,0.06,1180,1800,1.55,25,0.5,25,45,0.857661768049002,2.80653425527271,-0.183821316808462,-0.400977141223848,1,0.1,0,1,1,0.25,1.34,0.3,10,0.35,20.6,0.2,0.01,10,0,5,600,300,20,970,15,0.924636680167168,2,410,209,"2018-08-01","2018-09-01",51.55,5.55,1,6.37629351695068,23.0707876535598,14.7888736333698
4.17725713318214,44.4404982968933,9.13040527957492,1.97166325594299,0.0199457497801632,0.144820268964395,3.91613314859569,0.904749368550256,0.526713368482888,0,0,0.398098017787561,0.01,0.01,221.83305105078,16.7955865871627,0.01,"C3",0.64,0.015,2.48,2.83,0.114,15,0.51,0,1,1,0.01,1,500,0.06,1180,1800,1.55,25,0.5,25,45,2.09595972956158,1.87992290104739,-0.00873157801106572,-0.934809178113937,1,0.1,0,1,1,0.25,1.34,0.3,10,0.35,20.6,0.2,0.01,10,0,5,600,300,20,970,15,0.72654083953239,2,410,209,"2018-08-01","2018-09-01",51.55,5.55,1,7.18395828036591,22.8479388635606,28.8592708110809
3.15430504339747,70.6384511305215,11.9146207638551,0.56616383837536,0.0746890790294856,0.185128542920575,57.7948332857341,0.558964974014089,0.755120646441355,0,0,0.405716338427737,0.01,0.01,198.741904253431,1.32774129020981,0.01,"C3",0.64,0.015,2.48,2.83,0.114,15,0.51,0,1,1,0.01,1,500,0.06,1180,1800,1.55,25,0.5,25,45,4.08364113594871,2.7989664664492,0.0744640650227666,-0.622276477515697,1,0.1,0,1,1,0.25,1.34,0.3,10,0.35,20.6,0.2,0.01,10,0,5,600,300,20,970,15,0.665909813018516,2,410,209,"2018-08-01","2018-09-01",51.55,5.55,1,12.6705760171171,15.7084209658206,136.540580098517
2.86984420591034,57.056528128355,3.34194389288314,4.46907371142879,0.0157626140862703,0.104331922112033,42.7212319755927,0.430751098087057,0.259701613569632,0,0,0.928050592308864,0.01,0.01,37.520255188283,6.00965427840129,0.01,"C3",0.64,0.015,2.48,2.83,0.114,15,0.51,0,1,1,0.01,1,500,0.06,1180,1800,1.55,25,0.5,25,45,5.33529476204421,0.856972840381786,0.532853632234037,-0.127097309101373,1,0.1,0,1,1,0.25,1.34,0.3,10,0.35,20.6,0.2,0.01,10,0,5,600,300,20,970,15,0.822103901300579,2,410,209,"2018-08-01","2018-09-01",51.55,5.55,1,2.39218447124586,22.9712574358564,145.359975616448
4.37050003604963,31.0918233775221,11.9864064152353,6.00194089324214,0.0452280944678932,0.0872331447899342,24.8841332970187,0.971923231845722,0.61755708605051,0,0,0.775144523009658,0.01,0.01,218.143394356885,12.1525844088756,0.01,"C3",0.64,0.015,2.48,2.83,0.114,15,0.51,0,1,1,0.01,1,500,0.06,1180,1800,1.55,25,0.5,25,45,4.1461534993723,4.63759650778957,-0.601268170401454,-0.63012128835544,1,0.1,0,1,1,0.25,1.34,0.3,10,0.35,20.6,0.2,0.01,10,0,5,600,300,20,970,15,0.13056466425769,2,410,209,"2018-08-01","2018-09-01",51.55,5.55,1,9.02996459277347,22.4224119004793,47.5356478337198
2.86000246857293,34.3171199031471,6.60781729384325,5.37663306668401,0.197438484430313,0.142935484461486,8.89506900217384,0.148329265182838,0.0359745910391212,0,0,0.421495128655806,0.01,0.01,167.624126211333,9.56950971484184,0.01,"C3",0.64,0.015,2.48,2.83,0.114,15,0.51,0,1,1,0.01,1,500,0.06,1180,1800,1.55,25,0.5,25,45,5.17797526866198,0.776009818539023,-0.814905550796539,0.63820179970935,1,0.1,0,1,1,0.25,1.34,0.3,10,0.35,20.6,0.2,0.01,10,0,5,600,300,20,970,15,0.916768338065594,2,410,209,"2018-08-01","2018-09-01",51.55,5.55,1,12.5874824915081,18.896134311799,6.23803047928959
3.5327119063586,62.5942349338546,12.2483235376421,4.23020014236681,0.0236748075578362,0.0533163077197969,31.8369136657566,0.359722410095856,0.959084400907159,0,0,0.541289611253887,0.01,0.01,1.12820513837505,17.8664614341687,0.01,"C3",0.64,0.015,2.48,2.83,0.114,15,0.51,0,1,1,0.01,1,500,0.06,1180,1800,1.55,25,0.5,25,45,2.9648839017842,4.33595912507735,0.643504113424569,-0.912118207197636,1,0.1,0,1,1,0.25,1.34,0.3,10,0.35,20.6,0.2,0.01,10,0,5,600,300,20,970,15,0.571676845196635,2,410,209,"2018-08-01","2018-09-01",51.55,5.55,1,5.66778928041458,19.9713514395989,98.021251084283
3.21790020586923,72.8767085759402,22.6515301153995,4.64216968487017,0.118928771046922,0.0642640139441937,41.4245839510113,0.839937329525128,0.165900687454268,0,0,0.477016648743302,0.01,0.01,92.4129336954211,19.7799789882265,0.01,"C3",0.64,0.015,2.48,2.83,0.114,15,0.51,0,1,1,0.01,1,500,0.06,1180,1800,1.55,25,0.5,25,45,4.55322645588312,3.90922386595048,0.974789582658559,-0.121980304829776,1,0.1,0,1,1,0.25,1.34,0.3,10,0.35,20.6,0.2,0.01,10,0,5,600,300,20,970,15,0.138000634033233,2,410,209,"2018-08-01","2018-09-01",51.55,5.55,1,12.7521256485488,29.1778791742399,67.4857740243897
1.80877404799685,88.0441954279861,12.524933606619,5.22838772577234,0.138456405466422,0.0255509892944247,28.8062213128433,0.773567674448714,0.308889070292935,0,0,0.279610568890348,0.01,0.01,135.735698442033,14.3237518919632,0.01,"C3",0.64,0.015,2.48,2.83,0.114,15,0.51,0,1,1,0.01,1,500,0.06,1180,1800,1.55,25,0.5,25,45,3.64042868274264,0.693369478336535,0.680285637266934,0.849572773091495,1,0.1,0,1,1,0.25,1.34,0.3,10,0.35,20.6,0.2,0.01,10,0,5,600,300,20,970,15,0.103724188171327,2,410,209,"2018-08-01","2018-09-01",51.55,5.55,1,7.86974744405597,19.9085302243475,173.674766756594
4.19947491120547,73.3050677989252,17.5876702473033,3.12521299836226,0.104242181405425,0.180113810207695,31.7475093109533,0.0636751404963434,0.405688844621181,0,0,0.515572600066662,0.01,0.01,2.91065478842938,2.8921262754593,0.01,"C3",0.64,0.015,2.48,2.83,0.114,15,0.51,0,1,1,0.01,1,500,0.06,1180,1800,1.55,25,0.5,25,45,2.58915226431564,2.18837594869547,0.237680485006422,-0.885632204823196,1,0.1,0,1,1,0.25,1.34,0.3,10,0.35,20.6,0.2,0.01,10,0,5,600,300,20,970,15,0.174399258568883,2,410,209,"2018-08-01","2018-09-01",51.55,5.55,1,4.61775125702843,16.842363862088,98.9415370300412
2.23826320306398,63.0699153138855,1.44775069202296,1.45059288898483,0.0801375296432525,0.193383968807757,24.9208366451785,0.445811610901728,0.449636347126216,0,0,0.187748218188062,0.01,0.01,102.536095426942,18.6375195411965,0.01,"C3",0.64,0.015,2.48,2.83,0.114,15,0.51,0,1,1,0.01,1,500,0.06,1180,1800,1.55,25,0.5,25,45,6.26403218992054,0.645764832268469,0.886482511647046,-0.787411487661302,1,0.1,0,1,1,0.25,1.34,0.3,10,0.35,20.6,0.2,0.01,10,0,5,600,300,20,970,15,0.622577616013587,2,410,209,"2018-08-01","2018-09-01",51.55,5.55,1,13.2884332502726,18.8917492108885,110.256351898424
1.62617860059254,40.6414805214956,17.2327729407698,1.81956059718505,0.0842648049350828,0.0720364057924598,45.8869417430833,0.40313022187911,0.564989476231858,0,0,0.450764732202515,0.01,0.01,150.877119898796,12.8649980097543,0.01,"C3",0.64,0.015,2.48,2.83,0.114,15,0.51,0,1,1,0.01,1,500,0.06,1180,1800,1.55,25,0.5,25,45,3.41179925734177,0.792390006128699,-0.380608535837382,-0.439884799998254,1,0.1,0,1,1,0.25,1.34,0.3,10,0.35,20.6,0.2,0.01,10,0,5,600,300,20,970,15,0.6287437886931,2,410,209,"2018-08-01","2018-09-01",51.55,5.55,1,1.72240322339348,21.3738403574098,12.765147392638
2.4837621578481,30.2311415523359,19.9698818963952,3.03648128919303,0.105836802953854,0.103564533637837,15.8930181059986,0.290336176520213,0.553571525495499,0,0,0.0380753460340202,0.01,0.01,58.3827668323065,10.4152242520358,0.01,"C3",0.64,0.015,2.48,2.83,0.114,15,0.51,0,1,1,0.01,1,500,0.06,1180,1800,1.55,25,0.5,25,45,4.59157662980724,0.686697141849436,0.964567727874964,0.86114127933979,1,0.1,0,1,1,0.25,1.34,0.3,10,0.35,20.6,0.2,0.01,10,0,5,600,300,20,970,15,0.203921902459115,2,410,209,"2018-08-01","2018-09-01",51.55,5.55,1,4.71259638550691,28.2505704718642,140.235364548862
4.36351094744168,63.0544522680309,0.471375812776387,0.690503211691976,0.137773849675432,0.0562149395700544,51.7836067965254,0.343784946016967,0.857247839448974,0,0,0.539847522275522,0.01,0.01,34.4018805945525,13.5273762491997,0.01,"C3",0.64,0.015,2.48,2.83,0.114,15,0.51,0,1,1,0.01,1,500,0.06,1180,1800,1.55,25,0.5,25,45,5.69080899495166,3.63585214142222,-0.764466548804194,-0.0311403903178871,1,0.1,0,1,1,0.25,1.34,0.3,10,0.35,20.6,0.2,0.01,10,0,5,600,300,20,970,15,0.315651372540742,2,410,209,"2018-08-01","2018-09-01",51.55,5.55,1,7.68122186651453,18.5029183351435,154.323795516975
4.16861794819124,48.0970509830143,0.920364295598119,0.231928776251152,0.196753437910229,0.0327318272553384,53.5785411950201,0.932246992597356,0.426676009548828,0,0,0.470251198858023,0.01,0.01,208.108790751081,1.47853227332234,0.01,"C3",0.64,0.015,2.48,2.83,0.114,15,0.51,0,1,1,0.01,1,500,0.06,1180,1800,1.55,25,0.5,25,45,1.07665244981181,2.52575146046001,-0.185827100183815,0.532449094578624,1,0.1,0,1,1,0.25,1.34,0.3,10,0.35,20.6,0.2,0.01,10,0,5,600,300,20,970,15,0.239580831490457,2,410,209,"2018-08-01","2018-09-01",51.55,5.55,1,10.8902654796839,16.4735978131648,156.182399564423
3.5784102184698,33.5748291294116,14.4455558038317,4.433860512916,0.102970720641315,0.17023994862102,4.63952472433448,0.300576086388901,0.515369128203019,0,0,0.0653644949197769,0.01,0.01,205.587194260268,7.20835126494057,0.01,"C3",0.64,0.015,2.48,2.83,0.114,15,0.51,0,1,1,0.01,1,500,0.06,1180,1800,1.55,25,0.5,25,45,6.10051087951288,4.033045750577,-0.872826097067446,0.807870897930115,1,0.1,0,1,1,0.25,1.34,0.3,10,0.35,20.6,0.2,0.01,10,0,5,600,300,20,970,15,0.695380694698542,2,410,209,"2018-08-01","2018-09-01",51.55,5.55,1,13.0202458484564,27.0601440221071,56.6710393410176
3.42152044130489,38.7951629773884,19.7508964862209,3.76396823208779,0.0984908252954483,0.0845535290893167,42.0798082463443,0.910908772144467,0.529928339645267,0,0,0.0567394501995295,0.01,0.01,82.8741208989522,6.78312017489225,0.01,"C3",0.64,0.015,2.48,2.83,0.114,15,0.51,0,1,1,0.01,1,500,0.06,1180,1800,1.55,25,0.5,25,45,1.52365137070883,2.99299502640497,-0.00451632309705019,-0.887155389413238,1,0.1,0,1,1,0.25,1.34,0.3,10,0.35,20.6,0.2,0.01,10,0,5,600,300,20,970,15,0.0142263371963054,2,410,209,"2018-08-01","2018-09-01",51.55,5.55,1,3.91412966768257,19.462035294855,7.91495752986521
4.48280932987109,58.4376938654738,18.3815258322284,5.75276270951144,0.0585126467980444,0.173509907862172,50.8008836349472,0.00294710951857269,0.449309248477221,0,0,0.315303939394653,0.01,0.01,2.52298637665808,5.54009790346026,0.01,"C3",0.64,0.015,2.48,2.83,0.114,15,0.51,0,1,1,0.01,1,500,0.06,1180,1800,1.55,25,0.5,25,45,4.3580377246486,0.57082088442985,-0.930681331083179,0.738690941594541,1,0.1,0,1,1,0.25,1.34,0.3,10,0.35,20.6,0.2,0.01,10,0,5,600,300,20,970,15,0.472192023415118,2,410,209,"2018-08-01","2018-09-01",51.55,5.55,1,14.3869503471069,28.016074084444,134.144942946732
3.46711739734747,47.884316647005,6.71344297588803,4.63055425439961,0.0319888588041067,0.124295353516936,40.104628871195,0.297416351269931,0.326512924861163,0,0,0.316716270754114,0.01,0.01,56.0926655806252,6.40525180497207,0.01,"C3",0.64,0.015,2.48,2.83,0.114,15,0.51,0,1,1,0.01,1,500,0.06,1180,1800,1.55,25,0.5,25,45,0.195216895081103,1.33055576228071,0.486497828736901,-0.513551171403378,1,0.1,0,1,1,0.25,1.34,0.3,10,0.35,20.6,0.2,0.01,10,0,5,600,300,20,970,15,0.188485279679298,2,410,209,"2018-08-01","2018-09-01",51.55,5.55,1,14.8741109913681,16.3671829202212,22.7606530906633
3.62559140450321,53.7885247502962,20.1341606094502,3.27775063505396,0.066539544146508,0.150391059508547,45.2529227687046,0.278635356808081,0.865665603196248,0,0,0.366330619435757,0.01,0.01,112.385620300309,2.37807046459056,0.01,"C3",0.64,0.015,2.48,2.83,0.114,15,0.51,0,1,1,0.01,1,500,0.06,1180,1800,1.55,25,0.5,25,45,1.54809810423758,4.85143212624826,-0.914119424298406,0.582701005972922,1,0.1,0,1,1,0.25,1.34,0.3,10,0.35,20.6,0.2,0.01,10,0,5,600,300,20,970,15,0.759887306019664,2,410,209,"2018-08-01","2018-09-01",51.55,5.55,1,4.33385644108057,15.1038536068518,6.22078429441899
3.13219807413407,67.9908950664208,10.6233219441492,6.00965392845683,0.0586604425683618,0.00550039303489029,46.7309740651399,0.0950544208753854,0.810084528289735,0,0,0.118595272768289,0.01,0.01,131.750082539977,16.853635603562,0.01,"C3",0.64,0.015,2.48,2.83,0.114,15,0.51,0,1,1,0.01,1,500,0.06,1180,1800,1.55,25,0.5,25,45,5.11871411360335,1.06599039316643,-0.534490586724132,0.959353486541659,1,0.1,0,1,1,0.25,1.34,0.3,10,0.35,20.6,0.2,0.01,10,0,5,600,300,20,970,15,0.0566930794157088,2,410,209,"2018-08-01","2018-09-01",51.55,5.55,1,13.1674176966771,19.1978905128781,83.520035399124
3.28242606134154,48.8788810762746,4.13037982070819,5.42122407932766,0.0730481800157577,0.117452341457829,22.7549147279933,0.897299468051642,0.99213361251168,0,0,0.715584288816899,0.01,0.01,37.1603247696185,2.48493183916435,0.01,"C3",0.64,0.015,2.48,2.83,0.114,15,0.51,0,1,1,0.01,1,500,0.06,1180,1800,1.55,25,0.5,25,45,5.4441825585207,4.51220295659732,0.0316772935912013,0.362632122822106,1,0.1,0,1,1,0.25,1.34,0.3,10,0.35,20.6,0.2,0.01,10,0,5,600,300,20,970,15,0.0540193333290517,2,410,209,"2018-08-01","2018-09-01",51.55,5.55,1,6.78254332859069,19.2132281977683,70.2508290996775
2.36747921188362,22.7192509583525,15.1011892361566,2.67635455541313,0.0951564368326217,0.00895039974711835,21.2658483535051,0.57389899622649,0.432882545050234,0,0,0.539617149159312,0.01,0.01,138.062137196481,14.9257734843995,0.01,"C3",0.64,0.015,2.48,2.83,0.114,15,0.51,0,1,1,0.01,1,500,0.06,1180,1800,1.55,25,0.5,25,45,2.66455645135138,2.55169452051632,0.911103880498558,-0.244434838183224,1,0.1,0,1,1,0.25,1.34,0.3,10,0.35,20.6,0.2,0.01,10,0,5,600,300,20,970,15,0.192134895129129,2,410,209,"2018-08-01","2018-09-01",51.55,5.55,1,5.91687984648161,17.3273097875062,144.573556878604
1.94134094193578,21.7594841468338,20.6440089037642,6.90930840466172,0.0749218960758299,0.188926226459444,29.5273067755625,0.319581044605002,0.465956693515182,0,0,0.582142136059701,0.01,0.01,217.6383341045,8.52175766788423,0.01,"C3",0.64,0.015,2.48,2.83,0.114,15,0.51,0,1,1,0.01,1,500,0.06,1180,1800,1.55,25,0.5,25,45,3.9610717771342,0.96219533844851,0.737948928959668,-0.584126066416502,1,0.1,0,1,1,0.25,1.34,0.3,10,0.35,20.6,0.2,0.01,10,0,5,600,300,20,970,15,0.758894949220121,2,410,209,"2018-08-01","2018-09-01",51.55,5.55,1,14.3499767943285,15.4273866664153,94.8603258468211
4.38907269760966,46.7343013554141,19.5237731852103,1.49534282647073,0.0853458554018289,0.0898503448814154,3.44037442468107,0.96069590956904,0.479457567445934,0,0,0.90229184506461,0.01,0.01,237.899894083617,19.1281325090677,0.01,"C3",0.64,0.015,2.48,2.83,0.114,15,0.51,0,1,1,0.01,1,500,0.06,1180,1800,1.55,25,0.5,25,45,4.47466892395169,2.8911989183398,-0.0926857846789062,-0.84479517582804,1,0.1,0,1,1,0.25,1.34,0.3,10,0.35,20.6,0.2,0.01,10,0,5,600,300,20,970,15,0.556635229149833,2,410,209,"2018-08-01","2018-09-01",51.55,5.55,1,12.7919800300151,18.2564364653081,54.0462434710935
4.2068971353583,50.6305200918798,2.03692248323932,6.81402713758871,0.0452232177834958,0.0312188336160034,41.2419693963602,0.267943950835615,0.880598827730864,0,0,0.224048187723383,0.01,0.01,58.914334255096,18.0023086508736,0.01,"C3",0.64,0.015,2.48,2.83,0.114,15,0.51,0,1,1,0.01,1,500,0.06,1180,1800,1.55,25,0.5,25,45,6.11892879374791,1.44785603275523,0.276597914751619,0.582721728365868,1,0.1,0,1,1,0.25,1.34,0.3,10,0.35,20.6,0.2,0.01,10,0,5,600,300,20,970,15,0.0324800657108426,2,410,209,"2018-08-01","2018-09-01",51.55,5.55,1,5.15232548117638,29.5030835014768,15.9115052595735
3.57211583526805,32.6355190545755,1.76895920885727,3.15642081038095,0.0111339750699699,0.11310473899357,57.471519545652,0.864166575949639,0.515323045197874,0,0,0.834087156457826,0.01,0.01,53.0540203144192,8.32092926185578,0.01,"C3",0.64,0.015,2.48,2.83,0.114,15,0.51,0,1,1,0.01,1,500,0.06,1180,1800,1.55,25,0.5,25,45,4.17391215208918,0.519199839909561,0.0562551817856729,0.288966986816376,1,0.1,0,1,1,0.25,1.34,0.3,10,0.35,20.6,0.2,0.01,10,0,5,600,300,20,970,15,0.653878822224215,2,410,209,"2018-08-01","2018-09-01",51.55,5.55,1,2.91659412556328,18.8425431889482,132.70653359592
3.88640225306153,80.3298120338392,23.9740004413761,2.17233395669609,0.171722280979157,0.174478347459808,44.7320251492783,0.252660981845111,0.686581243295223,0,0,0.802063208306208,0.01,0.01,206.429503472871,10.9069033116102,0.01,"C3",0.64,0.015,2.48,2.83,0.114,15,0.51,0,1,1,0.01,1,500,0.06,1180,1800,1.55,25,0.5,25,45,0.477024953113869,3.12134876090568,-0.946652214974165,0.776928395032883,1,0.1,0,1,1,0.25,1.34,0.3,10,0.35,20.6,0.2,0.01,10,0,5,600,300,20,970,15,0.492686858866364,2,410,209,"2018-08-01","2018-09-01",51.55,5.55,1,2.34271570807323,23.3307006116956,147.793724276125
1.57384105352685,34.6402085381444,2.25731892860495,6.01451010419987,0.11224743113853,0.0126154976896942,9.83876308891922,0.0175521061755717,0.176898759789765,0,0,0.192731483373791,0.01,0.01,223.970670263167,16.1061870497651,0.01,"C3",0.64,0.015,2.48,2.83,0.114,15,0.51,0,1,1,0.01,1,500,0.06,1180,1800,1.55,25,0.5,25,45,1.87464564347174,4.23310699150898,-0.532146787736565,0.63846407039091,1,0.1,0,1,1,0.25,1.34,0.3,10,0.35,20.6,0.2,0.01,10,0,5,600,300,20,970,15,0.237179919844493,2,410,209,"2018-08-01","2018-09-01",51.55,5.55,1,11.123105721781,18.3910476125311,28.1898791575804
2.93338791327551,28.9497344132253,5.30628130654804,4.95398146566004,0.1074749563355,0.191354357637465,2.59562297724187,0.190857887733728,0.469691254664212,0,0,0.890010776231065,0.01,0.01,80.4571230396396,18.8393634352833,0.01,"C3",0.64,0.015,2.48,2.83,0.114,15,0.51,0,1,1,0.01,1,500,0.06,1180,1800,1.55,25,0.5,25,45,1.67588959953282,3.39001156052109,0.0683374032378197,0.542033883277327,1,0.1,0,1,1,0.25,1.34,0.3,10,0.35,20.6,0.2,0.01,10,0,5,600,300,20,970,15,0.681001041317359,2,410,209,"2018-08-01","2018-09-01",51.55,5.55,1,9.54569099354558,25.0441726343706,109.330536201596
3.7753786125686,26.3440098643504,10.9800898237154,3.89877102267928,0.123386476235464,0.172278699185699,30.5140686314553,0.0168901539873332,0.68629161012359,0,0,0.0167412867303938,0.01,0.01,158.534278410487,7.96154834679328,0.01,"C3",0.64,0.015,2.48,2.83,0.114,15,0.51,0,1,1,0.01,1,500,0.06,1180,1800,1.55,25,0.5,25,45,3.27826793044806,4.8477889833739,0.83766352571547,0.534799634944648,1,0.1,0,1,1,0.25,1.34,0.3,10,0.35,20.6,0.2,0.01,10,0,5,600,300,20,970,15,0.0598276224918664,2,410,209,"2018-08-01","2018-09-01",51.55,5.55,1,0.315678517799824,26.2028328026645,126.667270394973
2.14922380750068,85.2404180688573,19.446787214838,1.68891736539081,0.0439482836518437,0.104355047782883,55.661865756847,0.55804787366651,0.0273731041233987,0,0,0.100375005044043,0.01,0.01,138.247766314249,6.19666021852754,0.01,"C3",0.64,0.015,2.48,2.83,0.114,15,0.51,0,1,1,0.01,1,500,0.06,1180,1800,1.55,25,0.5,25,45,4.94976358320564,1.02613299980294,0.866403196007013,0.760622097179294,1,0.1,0,1,1,0.25,1.34,0.3,10,0.35,20.6,0.2,0.01,10,0,5,600,300,20,970,15,0.213348465971649,2,410,209,"2018-08-01","2018-09-01",51.55,5.55,1,14.8693525011186,22.5997332448605,83.215771811083
2.45454302290455,50.6905534264304,21.2851989839692,3.6707882701885,0.103918202919886,0.167551995022222,55.0742993596941,0.570173281943426,0.352749499725178,0,0,0.418624768499285,0.01,0.01,54.5458976730588,6.4058757617604,0.01,"C3",0.64,0.015,2.48,2.83,0.114,15,0.51,0,1,1,0.01,1,500,0.06,1180,1800,1.55,25,0.5,25,45,5.82690929253586,3.36151106236503,-0.251797315664589,-0.376626002136618,1,0.1,0,1,1,0.25,1.34,0.3,10,0.35,20.6,0.2,0.01,10,0,5,600,300,20,970,15,0.766612872947007,2,410,209,"2018-08-01","2018-09-01",51.55,5.55,1,2.20505411387421,18.7869904912077,138.647952075116
2.19487735605799,29.1662228202098,15.6180975958705,5.28390965494327,0.144564623991027,0.144193765427917,4.7748604696244,0.723336038645357,0.166633892338723,0,0,0.572997629875317,0.01,0.01,232.098298783181,14.652855132008,0.01,"C3",0.64,0.015,2.48,2.83,0.114,15,0.51,0,1,1,0.01,1,500,0.06,1180,1800,1.55,25,0.5,25,45,0.707463612454012,1.67912707536016,0.689745384268463,0.238953845575452,1,0.1,0,1,1,0.25,1.34,0.3,10,0.35,20.6,0.2,0.01,10,0,5,600,300,20,970,15,0.933283400954679,2,410,209,"2018-08-01","2018-09-01",51.55,5.55,1,3.38964638183825,15.8962138078641,102.736401990987
1.92840006714687,52.7819571432354,9.70102275023237,3.49897616519593,0.00564371491782367,0.199547615926713,24.1467077471316,0.853891331702471,0.586592645617202,0,0,0.134219740983099,0.01,0.01,186.186078527942,13.5207296446897,0.01,"C3",0.64,0.015,2.48,2.83,0.114,15,0.51,0,1,1,0.01,1,500,0.06,1180,1800,1.55,25,0.5,25,45,2.36095802257769,0.517161912168376,0.0934755387715995,0.44942015549168,1,0.1,0,1,1,0.25,1.34,0.3,10,0.35,20.6,0.2,0.01,10,0,5,600,300,20,970,15,0.596432628575712,2,410,209,"2018-08-01","2018-09-01",51.55,5.55,1,10.22324814694,18.3441821846645,135.073498771526
2.74363900744356,81.867399027673,3.5938712710049,3.33710783394054,0.127383275981992,0.145794090582058,1.12256624735892,0.92629011394456,0.288851194316521,0,0,0.226920842658728,0.01,0.01,62.4558077650145,11.4405030827038,0.01,"C3",0.64,0.015,2.48,2.83,0.114,15,0.51,0,1,1,0.01,1,500,0.06,1180,1800,1.55,25,0.5,25,45,6.97935736102518,4.99540063284803,0.934803634881973,0.691584034822881,1,0.1,0,1,1,0.25,1.34,0.3,10,0.35,20.6,0.2,0.01,10,0,5,600,300,20,970,15,0.586335087893531,2,410,209,"2018-08-01","2018-09-01",51.55,5.55,1,4.7711404482834,15.8478595933411,86.1305852606893
2.74117297888733,46.8393858964328,22.0418201060966,3.52495779283345,0.14804460038431,0.100088653061539,58.054301426746,0.437026362400502,0.537541073048487,0,0,0.291528806323186,0.01,0.01,109.824431291665,4.8311073014047,0.01,"C3",0.64,0.015,2.48,2.83,0.114,15,0.51,0,1,1,0.01,1,500,0.06,1180,1800,1.55,25,0.5,25,45,4.38233013798017,2.41965125559364,0.325842390302569,0.815973931923509,1,0.1,0,1,1,0.25,1.34,0.3,10,0.35,20.6,0.2,0.01,10,0,5,600,300,20,970,15,0.841158253373578,2,410,209,"2018-08-01","2018-09-01",51.55,5.55,1,14.6077067207079,22.8996521711815,159.035217356868
2.60653635277413,55.5489363406936,21.8435453134589,4.26534859649837,0.089057268248871,0.176735848281533,49.8011259594932,0.0586636222433299,0.133454877184704,0,0,0.271544479066506,0.01,0.01,241.404653514386,13.1897702210117,0.01,"C3",0.64,0.015,2.48,2.83,0.114,15,0.51,0,1,1,0.01,1,500,0.06,1180,1800,1.55,25,0.5,25,45,1.46042726726737,4.21586970088538,0.325209494680166,0.839552655350417,1,0.1,0,1,1,0.25,1.34,0.3,10,0.35,20.6,0.2,0.01,10,0,5,600,300,20,970,15,0.0537252863869071,2,410,209,"2018-08-01","2018-09-01",51.55,5.55,1,6.87943957513198,27.1643236605451,134.759220024571
1.9573342432268,9.62622681835165,8.46559230121784,3.4547427566722,0.159476913651451,0.0382320590317249,0.444530001841486,0.278569781221449,0.642796362517402,0,0,0.625104140490294,0.01,0.01,187.568402046105,17.298311525723,0.01,"C3",0.64,0.015,2.48,2.83,0.114,15,0.51,0,1,1,0.01,1,500,0.06,1180,1800,1.55,25,0.5,25,45,3.68680802930612,1.71538509824313,0.900510325096548,-0.789468724280596,1,0.1,0,1,1,0.25,1.34,0.3,10,0.35,20.6,0.2,0.01,10,0,5,600,300,20,970,15,0.455270471051335,2,410,209,"2018-08-01","2018-09-01",51.55,5.55,1,12.7910670766141,23.3402229077183,54.9874896649271
1.91641819034703,29.2373792062559,12.8328240884002,1.36616360000335,0.131149290176108,0.0390445115510374,3.91912849154323,0.653708922211081,0.122770133893937,0,0,0.662707457318902,0.01,0.01,209.614593833569,12.0460449839011,0.01,"C3",0.64,0.015,2.48,2.83,0.114,15,0.51,0,1,1,0.01,1,500,0.06,1180,1800,1.55,25,0.5,25,45,4.74120589494705,4.63017746212427,-0.998995901551098,-0.667097252327949,1,0.1,0,1,1,0.25,1.34,0.3,10,0.35,20.6,0.2,0.01,10,0,5,600,300,20,970,15,0.940849079750478,2,410,209,"2018-08-01","2018-09-01",51.55,5.55,1,7.85332506406121,24.6200564014725,103.007325469516
2.19910229835659,7.10205951448681,12.3483856092207,3.58483763737604,0.121703597018495,0.0128905948717147,29.8676419118419,0.945395365124568,0.660603920696303,0,0,0.46611497644335,0.01,0.01,223.365767476906,13.1384866451845,0.01,"C3",0.64,0.015,2.48,2.83,0.114,15,0.51,0,1,1,0.01,1,500,0.06,1180,1800,1.55,25,0.5,25,45,0.206733521353453,1.17271713691298,0.81005447730422,0.0533484076149762,1,0.1,0,1,1,0.25,1.34,0.3,10,0.35,20.6,0.2,0.01,10,0,5,600,300,20,970,15,0.51557833282277,2,410,209,"2018-08-01","2018-09-01",51.55,5.55,1,9.20085491496138,21.2737632764038,85.2224923437461
2.89788735075854,53.7750621865967,19.8359451605938,6.20179897663184,0.0364735280629247,0.162959029851481,24.67937794514,0.43910688185133,0.339830603450537,0,0,0.800063980510458,0.01,0.01,225.208144653414,15.8510684221983,0.01,"C3",0.64,0.015,2.48,2.83,0.114,15,0.51,0,1,1,0.01,1,500,0.06,1180,1800,1.55,25,0.5,25,45,0.389775342261419,1.46194326272234,0.47937550349161,0.871270701289177,1,0.1,0,1,1,0.25,1.34,0.3,10,0.35,20.6,0.2,0.01,10,0,5,600,300,20,970,15,0.621944399550557,2,410,209,"2018-08-01","2018-09-01",51.55,5.55,1,5.23040412808768,18.4910806815606,168.849071036093
2.29791792109609,39.5274660422768,22.9603779793251,0.532036880264059,0.148529855906963,0.140132368449122,50.6098333792761,0.972570860525593,0.617195130791515,0,0,0.988319952739403,0.01,0.01,214.230009101389,9.41992012923583,0.01,"C3",0.64,0.015,2.48,2.83,0.114,15,0.51,0,1,1,0.01,1,500,0.06,1180,1800,1.55,25,0.5,25,45,0.697241916391067,4.58270621509291,0.632934681605548,-0.280149657279253,1,0.1,0,1,1,0.25,1.34,0.3,10,0.35,20.6,0.2,0.01,10,0,5,600,300,20,970,15,0.392853191588074,2,410,209,"2018-08-01","2018-09-01",51.55,5.55,1,12.1001580858137,19.488906810293,96.6321107279509
4.07348314602859,10.1482845752171,14.6590067190118,3.26519667590037,0.0842387706972659,0.00874607497826219,5.34396016504616,0.612287484807894,0.829423470189795,0,0,0.64808554132469,0.01,0.01,3.82554006023565,10.441394131165,0.01,"C3",0.64,0.015,2.48,2.83,0.114,15,0.51,0,1,1,0.01,1,500,0.06,1180,1800,1.55,25,0.5,25,45,6.90529584228061,2.20631411415525,0.168746080715209,0.555650026071817,1,0.1,0,1,1,0.25,1.34,0.3,10,0.35,20.6,0.2,0.01,10,0,5,600,300,20,970,15,0.3912103921175,2,410,209,"2018-08-01","2018-09-01",51.55,5.55,1,10.2570456324611,16.1481996998191,60.930513991043
1.63749350002035,81.4269386995467,20.5870098550804,6.06127809267491,0.0214981828350574,0.183905193954706,41.97912636213,0.552596939029172,0.799194412538782,0,0,0.509109161561355,0.01,0.01,208.249573678127,5.41755363694392,0.01,"C3",0.64,0.015,2.48,2.83,0.114,15,0.51,0,1,1,0.01,1,500,0.06,1180,1800,1.55,25,0.5,25,45,1.16262282787357,0.78919502266217,-0.289629823993891,-0.71512213209644,1,0.1,0,1,1,0.25,1.34,0.3,10,0.35,20.6,0.2,0.01,10,0,5,600,300,20,970,15,0.988804304972291,2,410,209,"2018-08-01","2018-09-01",51.55,5.55,1,2.70652680192143,26.9102664780803,62.9812512081116
2.82660022261553,55.4647140613363,20.1859727501869,2.29479272291064,0.0317719751037657,0.19621895365417,2.18159863259643,0.151102293748409,0.17873921431601,0,0,0.296378748491406,0.01,0.01,108.697291228222,16.8384613979142,0.01,"C3",0.64,0.015,2.48,2.83,0.114,15,0.51,0,1,1,0.01,1,500,0.06,1180,1800,1.55,25,0.5,25,45,5.38556582659949,0.897292471607216,-0.914256049320102,0.519421095959842,1,0.1,0,1,1,0.25,1.34,0.3,10,0.35,20.6,0.2,0.01,10,0,5,600,300,20,970,15,0.765773894265294,2,410,209,"2018-08-01","2018-09-01",51.55,5.55,1,3.8382475648541,26.334874246968,145.624899747781
3.89677453693002,68.5102247223247,7.03932460746728,4.16586065269075,0.157222181605175,0.163199410680681,33.8614179147407,0.423056503059343,0.26524265203625,0,0,0.85721815447323,0.01,0.01,36.0416222456261,3.97245367895812,0.01,"C3",0.64,0.015,2.48,2.83,0.114,15,0.51,0,1,1,0.01,1,500,0.06,1180,1800,1.55,25,0.5,25,45,6.05111234467477,1.73303138173651,0.205004239454865,-0.865434063598514,1,0.1,0,1,1,0.25,1.34,0.3,10,0.35,20.6,0.2,0.01,10,0,5,600,300,20,970,15,0.401714585023001,2,410,209,"2018-08-01","2018-09-01",51.55,5.55,1,10.8358622621745,17.6146638079081,143.540937714279
1.86569777992554,76.2864133183887,12.7162149816286,3.286236617947,0.0236488115508109,0.0567769348621368,19.7522012097761,0.51815015822649,0.54703555139713,0,0,0.870701201958582,0.01,0.01,18.5066179255955,14.0719710655976,0.01,"C3",0.64,0.015,2.48,2.83,0.114,15,0.51,0,1,1,0.01,1,500,0.06,1180,1800,1.55,25,0.5,25,45,2.19524347865954,3.38669311790727,-0.104582435451448,0.0586297740228474,1,0.1,0,1,1,0.25,1.34,0.3,10,0.35,20.6,0.2,0.01,10,0,5,600,300,20,970,15,0.105610435595736,2,410,209,"2018-08-01","2018-09-01",51.55,5.55,1,6.69665585970506,17.7378462161869,100.090542188846
3.18284395127557,77.9714401267493,7.38073600805365,5.31770884920843,0.0932751537766308,0.0901828391943127,49.2757051158696,0.614409675588831,0.335461865179241,0,0,0.154045039787889,0.01,0.01,14.9497297381749,1.12495847931132,0.01,"C3",0.64,0.015,2.48,2.83,0.114,15,0.51,0,1,1,0.01,1,500,0.06,1180,1800,1.55,25,0.5,25,45,1.54130411490332,3.81636098807212,0.832807753700763,-0.755173269659281,1,0.1,0,1,1,0.25,1.34,0.3,10,0.35,20.6,0.2,0.01,10,0,5,600,300,20,970,15,0.143533188151196,2,410,209,"2018-08-01","2018-09-01",51.55,5.55,1,0.00972924171946943,28.7799582572188,80.5404034769163
2.11959416884929,43.8488618080728,21.6905942361336,3.71314244391397,0.0740343385376036,0.0751857575494796,44.4732165383175,0.124329274054617,0.419570331694558,0,0,0.84893808583729,0.01,0.01,194.206876233686,10.4277090900578,0.01,"C3",0.64,0.015,2.48,2.83,0.114,15,0.51,0,1,1,0.01,1,500,0.06,1180,1800,1.55,25,0.5,25,45,4.26073127035052,2.65982898289803,-0.498339567799121,-0.660428637173027,1,0.1,0,1,1,0.25,1.34,0.3,10,0.35,20.6,0.2,0.01,10,0,5,600,300,20,970,15,0.500666479812935,2,410,209,"2018-08-01","2018-09-01",51.55,5.55,1,11.2569936399814,20.7376669091173,177.242888873443
1.88259495072998,53.1340597475146,17.8341847728007,6.78089496935718,0.0986801028251648,0.0120829298626632,41.4403430186212,0.369725340278819,0.660650770878419,0,0,0.412533655297011,0.01,0.01,173.092355716217,14.6470540848095,0.01,"C3",0.64,0.015,2.48,2.83,0.114,15,0.51,0,1,1,0.01,1,500,0.06,1180,1800,1.55,25,0.5,25,45,2.25449254135601,0.616823071963154,0.184187820181251,-0.22336767334491,1,0.1,0,1,1,0.25,1.34,0.3,10,0.35,20.6,0.2,0.01,10,0,5,600,300,20,970,15,0.73726449883543,2,410,209,"2018-08-01","2018-09-01",51.55,5.55,1,10.4458382260054,23.14802347566,55.6926661776379
3.75992359290831,34.6335224302074,9.05878265621141,6.64419388328679,0.113343622582033,0.120427615987137,37.437633597292,0.745277868583798,0.786140158772469,0,0,0.161237999098375,0.01,0.01,222.406290953513,9.64672139682807,0.01,"C3",0.64,0.015,2.48,2.83,0.114,15,0.51,0,1,1,0.01,1,500,0.06,1180,1800,1.55,25,0.5,25,45,1.74705859536771,4.95322783407755,-0.342570496723056,-0.788733254186809,1,0.1,0,1,1,0.25,1.34,0.3,10,0.35,20.6,0.2,0.01,10,0,5,600,300,20,970,15,0.611462354194373,2,410,209,"2018-08-01","2018-09-01",51.55,5.55,1,8.28708410030231,26.7711802816484,91.9830750580877
4.1851360774599,64.9616232498769,24.9257564719301,4.02496372000314,0.19079176322557,0.0655545403249562,33.6389002064243,0.190428230213001,0.174754864070565,0,0,0.785712284734473,0.01,0.01,26.1669047081959,7.93504361389205,0.01,"C3",0.64,0.015,2.48,2.83,0.114,15,0.51,0,1,1,0.01,1,500,0.06,1180,1800,1.55,25,0.5,25,45,5.56827572847251,2.33376838872209,-0.361185711808503,-0.671334308106452,1,0.1,0,1,1,0.25,1.34,0.3,10,0.35,20.6,0.2,0.01,10,0,5,600,300,20,970,15,0.976370057789609,2,410,209,"2018-08-01","2018-09-01",51.55,5.55,1,8.27913176268339,22.1173892263323,76.5705595398322
2.62338832765818,44.4810966314892,17.5250827334821,0.93340511014685,0.0361239630263299,0.0211185576859862,15.616967654787,0.172025893582031,0.515330302994698,0,0,0.622923681046814,0.01,0.01,67.6588754985714,2.91632435540669,0.01,"C3",0.64,0.015,2.48,2.83,0.114,15,0.51,0,1,1,0.01,1,500,0.06,1180,1800,1.55,25,0.5,25,45,0.395087936101481,2.18831235414837,0.362552609760314,0.237879246473312,1,0.1,0,1,1,0.25,1.34,0.3,10,0.35,20.6,0.2,0.01,10,0,5,600,300,20,970,15,0.00174289359711111,2,410,209,"2018-08-01","2018-09-01",51.55,5.55,1,11.3226415717509,17.8268021007534,99.1910117631778
3.49534558388405,46.1487957791587,5.93697234871797,1.7729627287481,0.0772937161847949,0.000172597821801901,2.16923367697746,0.0573004763573408,0.879530534613878,0,0,0.750772572355345,0.01,0.01,98.2632701899856,6.15528735262342,0.01,"C3",0.64,0.015,2.48,2.83,0.114,15,0.51,0,1,1,0.01,1,500,0.06,1180,1800,1.55,25,0.5,25,45,4.76814289679751,2.31454042962287,0.890898004639894,-0.867183787748218,1,0.1,0,1,1,0.25,1.34,0.3,10,0.35,20.6,0.2,0.01,10,0,5,600,300,20,970,15,0.0424684050958604,2,410,209,"2018-08-01","2018-09-01",51.55,5.55,1,7.32041576877236,17.2761323768646,35.4734032787383
1.78452198277228,47.7488089699497,16.187424142845,6.95123517746106,0.086103396024555,0.079263163311407,29.622846362181,0.525334648322314,0.433227526489645,0,0,0.123092661844566,0.01,0.01,76.6228494660463,5.90766735444777,0.01,"C3",0.64,0.015,2.48,2.83,0.114,15,0.51,0,1,1,0.01,1,500,0.06,1180,1800,1.55,25,0.5,25,45,1.05203305752948,2.76921657018829,-0.446058265864849,-0.114764558151364,1,0.1,0,1,1,0.25,1.34,0.3,10,0.35,20.6,0.2,0.01,10,0,5,600,300,20,970,15,0.340870402753353,2,410,209,"2018-08-01","2018-09-01",51.55,5.55,1,1.23250038712285,16.390765956603,65.1947969617322
2.65190891339444,48.5774653255821,8.59880681382492,2.85442075575702,0.169911374524236,0.0661313985474408,50.0308506377041,0.327837747754529,0.417080091079697,0,0,0.089571540011093,0.01,0.01,193.832199620083,16.9637293163687,0.01,"C3",0.64,0.015,2.48,2.83,0.114,15,0.51,0,1,1,0.01,1,500,0.06,1180,1800,1.55,25,0.5,25,45,1.75984833997209,1.29472406918649,0.556922701187432,0.368317215237767,1,0.1,0,1,1,0.25,1.34,0.3,10,0.35,20.6,0.2,0.01,10,0,5,600,300,20,970,15,0.880400440655649,2,410,209,"2018-08-01","2018-09-01",51.55,5.55,1,5.00912525807507,26.8853271484841,178.828899809159
2.32315093372017,39.8549113183673,20.0156529608648,1.5376813262701,0.00671832608059049,0.104902898706496,27.641409561038,0.0167003769893199,0.27954644523561,0,0,0.928775723557919,0.01,0.01,13.8223231870215,8.52697853161953,0.01,"C3",0.64,0.015,2.48,2.83,0.114,15,0.51,0,1,1,0.01,1,500,0.06,1180,1800,1.55,25,0.5,25,45,1.34915702643339,1.27987172547728,-0.485544576775283,0.713137545622885,1,0.1,0,1,1,0.25,1.34,0.3,10,0.35,20.6,0.2,0.01,10,0,5,600,300,20,970,15,0.244902343954891,2,410,209,"2018-08-01","2018-09-01",51.55,5.55,1,3.04805172141641,29.6004194172565,3.32092608790845
3.94392011663876,55.1032952490816,8.12569662812166,2.43772030505352,0.00447181183844805,0.0766523593571037,42.4429493816569,0.747107890434563,0.468336825491861,0,0,0.268996932078153,0.01,0.01,239.058470005344,19.8180790736806,0.01,"C3",0.64,0.015,2.48,2.83,0.114,15,0.51,0,1,1,0.01,1,500,0.06,1180,1800,1.55,25,0.5,25,45,0.146073840511963,2.27193129202351,0.687649109400809,-0.260052387602627,1,0.1,0,1,1,0.25,1.34,0.3,10,0.35,20.6,0.2,0.01,10,0,5,600,300,20,970,15,0.462239107349887,2,410,209,"2018-08-01","2018-09-01",51.55,5.55,1,5.89574509067461,15.9403366630431,8.14504462759942
2.84554902417585,24.5756605687983,6.68214583420195,3.98524048249237,0.0655064782593399,0.0733881022315472,29.4369571236894,0.628153520170599,0.813776375725865,0,0,0.606442788150162,0.01,0.01,196.538319118961,16.6801156520378,0.01,"C3",0.64,0.015,2.48,2.83,0.114,15,0.51,0,1,1,0.01,1,500,0.06,1180,1800,1.55,25,0.5,25,45,6.12464382050093,3.15989126940258,-0.854818427469581,-0.0130213252268732,1,0.1,0,1,1,0.25,1.34,0.3,10,0.35,20.6,0.2,0.01,10,0,5,600,300,20,970,15,0.638902690960094,2,410,209,"2018-08-01","2018-09-01",51.55,5.55,1,6.5773309848737,19.5085605920758,4.35573376715183
3.9301930591464,42.8212687883064,1.74452808569185,0.21237901924178,0.0684621244203299,0.00370837026275694,27.2655942477286,0.971352505264804,0.187833060510457,0,0,0.497058343375102,0.01,0.01,170.632477941574,10.2726549345534,0.01,"C3",0.64,0.015,2.48,2.83,0.114,15,0.51,0,1,1,0.01,1,500,0.06,1180,1800,1.55,25,0.5,25,45,5.58728669700213,3.8425779750105,0.426612936425954,0.282291684765369,1,0.1,0,1,1,0.25,1.34,0.3,10,0.35,20.6,0.2,0.01,10,0,5,600,300,20,970,15,0.408413368975744,2,410,209,"2018-08-01","2018-09-01",51.55,5.55,1,10.4962676216383,19.4610002555419,34.2783317249268
3.93716852855869,33.5802660576001,14.2629342677537,0.138517962535843,0.17582674594596,0.195726533932611,19.6670876489952,0.866009245626628,0.872717871563509,0,0,0.85704463487491,0.01,0.01,232.069920163369,15.9268003799953,0.01,"C3",0.64,0.015,2.48,2.83,0.114,15,0.51,0,1,1,0.01,1,500,0.06,1180,1800,1.55,25,0.5,25,45,4.78832210286055,1.47453704604413,0.13678621686995,-0.289426893927157,1,0.1,0,1,1,0.25,1.34,0.3,10,0.35,20.6,0.2,0.01,10,0,5,600,300,20,970,15,0.867187300464138,2,410,209,"2018-08-01","2018-09-01",51.55,5.55,1,0.865353952394798,29.4519146194216,80.2613060502335
3.88302696333267,68.0615217190914,0.104271044256166,2.34818679885939,0.112932772189379,0.109908174630255,2.25024153012782,0.471025072271004,0.85311218467541,0,0,0.433515241602436,0.01,0.01,104.657201512484,11.9583597099409,0.01,"C3",0.64,0.015,2.48,2.83,0.114,15,0.51,0,1,1,0.01,1,500,0.06,1180,1800,1.55,25,0.5,25,45,0.122938597318716,2.286909389426,-0.72604554425925,0.609689547214657,1,0.1,0,1,1,0.25,1.34,0.3,10,0.35,20.6,0.2,0.01,10,0,5,600,300,20,970,15,0.420906743267551,2,410,209,"2018-08-01","2018-09-01",51.55,5.55,1,0.50690074916929,24.2207500641234,15.7127837464213
2.81949506280944,61.1620658789755,7.0225412840955,1.79485303140245,0.0249561186879873,0.00739761856384575,38.4558930667117,0.77821029862389,0.507755938451737,0,0,0.65104519482702,0.01,0.01,11.8595308807562,4.99080071714707,0.01,"C3",0.64,0.015,2.48,2.83,0.114,15,0.51,0,1,1,0.01,1,500,0.06,1180,1800,1.55,25,0.5,25,45,2.55327144809999,1.17288706323598,0.418342679738998,0.869306084699929,1,0.1,0,1,1,0.25,1.34,0.3,10,0.35,20.6,0.2,0.01,10,0,5,600,300,20,970,15,0.558692923747003,2,410,209,"2018-08-01","2018-09-01",51.55,5.55,1,8.63340860581957,19.8080544231925,96.6109531698748
3.76342547591776,61.2773478061177,7.00217996491119,0.159011460375041,0.0123401376418769,0.102796699805185,35.5477306013927,0.763211929006502,0.652148327790201,0,0,0.293168142670766,0.01,0.01,213.284421799064,16.3083670053165,0.01,"C3",0.64,0.015,2.48,2.83,0.114,15,0.51,0,1,1,0.01,1,500,0.06,1180,1800,1.55,25,0.5,25,45,5.539624339086,2.48161994293332,-0.151673421729356,-0.585278665181249,1,0.1,0,1,1,0.25,1.34,0.3,10,0.35,20.6,0.2,0.01,10,0,5,600,300,20,970,15,0.000146602280437946,2,410,209,"2018-08-01","2018-09-01",51.55,5.55,1,5.8644848910626,15.8660250564571,105.629086126573
3.38766339467838,63.6365938080682,20.4557334072888,5.37492580339313,0.0232895986177027,0.0916067602112889,8.36821483913809,0.853983663488179,0.999465638538823,0,0,0.456890605622903,0.01,0.01,9.46212387242122,7.02152249729261,0.01,"C3",0.64,0.015,2.48,2.83,0.114,15,0.51,0,1,1,0.01,1,500,0.06,1180,1800,1.55,25,0.5,25,45,2.85224349687342,2.56328329478856,0.432489694561809,-0.209254560992122,1,0.1,0,1,1,0.25,1.34,0.3,10,0.35,20.6,0.2,0.01,10,0,5,600,300,20,970,15,0.211228322470561,2,410,209,"2018-08-01","2018-09-01",51.55,5.55,1,12.3241913784295,24.9805411580019,44.1025617811829
3.63054720405489,45.9632391057999,2.93335777823813,5.46657931199297,0.167174301482737,0.102038933848962,20.9636720549315,0.759248481364921,0.640594692667946,0,0,0.114815560402349,0.01,0.01,17.3076559422771,18.9945087605156,0.01,"C3",0.64,0.015,2.48,2.83,0.114,15,0.51,0,1,1,0.01,1,500,0.06,1180,1800,1.55,25,0.5,25,45,3.81689282574225,3.13645684800576,-0.0874866493977606,0.390770473051816,1,0.1,0,1,1,0.25,1.34,0.3,10,0.35,20.6,0.2,0.01,10,0,5,600,300,20,970,15,0.950502626597881,2,410,209,"2018-08-01","2018-09-01",51.55,5.55,1,11.7064035194926,19.0004137996584,17.3482312308624
1.5018743199762,39.461496477488,6.55411432962865,4.85311698867008,0.0825979051645845,0.176154101733118,38.8263258431107,0.0875586830079556,0.498805886600167,0,0,0.773519733687863,0.01,0.01,218.524071644642,19.2175555464346,0.01,"C3",0.64,0.015,2.48,2.83,0.114,15,0.51,0,1,1,0.01,1,500,0.06,1180,1800,1.55,25,0.5,25,45,6.0215771637857,1.32432194706053,0.765630890149623,-0.499981158412993,1,0.1,0,1,1,0.25,1.34,0.3,10,0.35,20.6,0.2,0.01,10,0,5,600,300,20,970,15,0.469395918771625,2,410,209,"2018-08-01","2018-09-01",51.55,5.55,1,6.71677513048053,25.4936521220952,131.570580024272
2.92594972229563,21.2298671017095,10.9808202949353,0.357530794572085,0.193686175113544,0.00976298139430583,38.7861621100456,0.683760930551216,0.314915518043563,0,0,0.931509602349252,0.01,0.01,73.4020684388233,12.2707497105002,0.01,"C3",0.64,0.015,2.48,2.83,0.114,15,0.51,0,1,1,0.01,1,500,0.06,1180,1800,1.55,25,0.5,25,45,4.0535907789832,4.34802024264354,0.94560869038105,-0.687750270124525,1,0.1,0,1,1,0.25,1.34,0.3,10,0.35,20.6,0.2,0.01,10,0,5,600,300,20,970,15,0.85737823904492,2,410,209,"2018-08-01","2018-09-01",51.55,5.55,1,1.60589360981248,28.2137758203316,74.5077052339911
2.16035665548407,55.5254911308667,23.959611589089,4.61514813778922,0.140712243737653,0.0403062201570719,22.029078528285,0.432779792463407,0.99827120359987,0,0,0.134944601450115,0.01,0.01,227.881035769533,2.49907870544121,0.01,"C3",0.64,0.015,2.48,2.83,0.114,15,0.51,0,1,1,0.01,1,500,0.06,1180,1800,1.55,25,0.5,25,45,1.18771825309377,1.37394137843512,-0.98198616784066,0.49813569476828,1,0.1,0,1,1,0.25,1.34,0.3,10,0.35,20.6,0.2,0.01,10,0,5,600,300,20,970,15,0.156192977447063,2,410,209,"2018-08-01","2018-09-01",51.55,5.55,1,0.756920599378645,16.7934566375334,164.407246951014
2.63944961316884,57.7673032563874,7.94062982895412,5.33869667793624,0.0537647375371307,0.0104343010112643,20.9655546303838,0.500402220292017,0.232124402886257,0,0,0.780183490831405,0.01,0.01,45.2403790818644,9.98519053147174,0.01,"C3",0.64,0.015,2.48,2.83,0.114,15,0.51,0,1,1,0.01,1,500,0.06,1180,1800,1.55,25,0.5,25,45,3.65712595842779,3.02002268692013,-0.218234004452825,-0.496672528330237,1,0.1,0,1,1,0.25,1.34,0.3,10,0.35,20.6,0.2,0.01,10,0,5,600,300,20,970,15,0.607002048986033,2,410,209,"2018-08-01","2018-09-01",51.55,5.55,1,3.09893256635405,28.8084819540381,23.0452254088596
3.33831300982274,15.4575792670961,19.6336153312586,2.24233730765991,0.178358201310039,0.0889488784596324,22.1152074867859,0.472215828951448,0.446748926537111,0,0,0.0759743065573275,0.01,0.01,161.488443242386,11.8522179962602,0.01,"C3",0.64,0.015,2.48,2.83,0.114,15,0.51,0,1,1,0.01,1,500,0.06,1180,1800,1.55,25,0.5,25,45,5.1062812583521,3.62701233383268,0.0265040760859847,0.867217729333788,1,0.1,0,1,1,0.25,1.34,0.3,10,0.35,20.6,0.2,0.01,10,0,5,600,300,20,970,15,0.156606580363587,2,410,209,"2018-08-01","2018-09-01",51.55,5.55,1,6.03148792753927,18.4577851323411,172.198127000593
2.5553937277291,70.2566867168851,3.28823891468346,2.82787107420154,0.129736165702343,0.0247006161604077,55.1844065962359,0.517615395132452,0.264938061358407,0,0,0.865204384783283,0.01,0.01,136.908882382035,11.2321185956243,0.01,"C3",0.64,0.015,2.48,2.83,0.114,15,0.51,0,1,1,0.01,1,500,0.06,1180,1800,1.55,25,0.5,25,45,5.515754393721,0.978180785547011,-0.487453824840486,-0.87268776120618,1,0.1,0,1,1,0.25,1.34,0.3,10,0.35,20.6,0.2,0.01,10,0,5,600,300,20,970,15,0.699161978438497,2,410,209,"2018-08-01","2018-09-01",51.55,5.55,1,8.92771778278984,18.0612134293187,105.530301122926
1.83340627304278,44.3703576992207,12.3632870148867,0.228359169559553,0.199203950818628,0.19480182621628,45.5907007679343,0.764297727029771,0.0581253541167825,0,0,0.263970036059618,0.01,0.01,149.229819270433,12.5778735566419,0.01,"C3",0.64,0.015,2.48,2.83,0.114,15,0.51,0,1,1,0.01,1,500,0.06,1180,1800,1.55,25,0.5,25,45,1.30789822412189,4.37853464705404,-0.817893672268838,-0.671368285082281,1,0.1,0,1,1,0.25,1.34,0.3,10,0.35,20.6,0.2,0.01,10,0,5,600,300,20,970,15,0.00615021213889122,2,410,209,"2018-08-01","2018-09-01",51.55,5.55,1,1.45177187514491,29.5351135649253,2.63616994488984
2.23085841815919,57.9568441760068,13.130264217034,3.44558629090898,0.0229925492312759,0.0245643553324044,8.65294767078012,0.658415667014197,0.955857472028583,0,0,0.514338810462505,0.01,0.01,74.8269262855756,11.8577268482186,0.01,"C3",0.64,0.015,2.48,2.83,0.114,15,0.51,0,1,1,0.01,1,500,0.06,1180,1800,1.55,25,0.5,25,45,6.93505144731607,4.92352307331748,-0.831076595000923,0.572393567766994,1,0.1,0,1,1,0.25,1.34,0.3,10,0.35,20.6,0.2,0.01,10,0,5,600,300,20,970,15,0.0327726420946419,2,410,209,"2018-08-01","2018-09-01",51.55,5.55,1,2.96138785779476,28.7405193981249,144.779901062138
3.50416676234454,68.7120736755921,22.1532281837426,0.991724332328886,0.157680653873831,0.00618533408269286,20.0688866246492,0.433377442881465,0.0771123406011611,0,0,0.603962837951258,0.01,0.01,67.3532799044624,6.85082474630326,0.01,"C3",0.64,0.015,2.48,2.83,0.114,15,0.51,0,1,1,0.01,1,500,0.06,1180,1800,1.55,25,0.5,25,45,5.36612230429891,4.13407363730948,0.457333573605865,-0.215313540305942,1,0.1,0,1,1,0.25,1.34,0.3,10,0.35,20.6,0.2,0.01,10,0,5,600,300,20,970,15,0.397058935835958,2,410,209,"2018-08-01","2018-09-01",51.55,5.55,1,5.93063121079467,22.3583323135972,142.377510527149
2.75294033903629,82.331552742939,9.04209709842689,5.59410900156945,0.19584819660522,0.0987628197297454,14.662395757623,0.416760247433558,0.466084562707692,0,0,0.861375860869884,0.01,0.01,38.9175327176927,13.1372735600453,0.01,"C3",0.64,0.015,2.48,2.83,0.114,15,0.51,0,1,1,0.01,1,500,0.06,1180,1800,1.55,25,0.5,25,45,4.54649528353475,3.38510534865782,-0.544323450420052,-0.877763795666397,1,0.1,0,1,1,0.25,1.34,0.3,10,0.35,20.6,0.2,0.01,10,0,5,600,300,20,970,15,0.288301500957459,2,410,209,"2018-08-01","2018-09-01",51.55,5.55,1,4.84576406423002,18.7307241791859,165.005128774792
3.8645875020884,38.4916471745767,11.6573325416539,2.86378689389676,0.149806834431365,0.0421629261691123,9.73356162663549,0.419458518968895,0.191748803248629,0,0,0.339551277924329,0.01,0.01,158.452836702112,2.61415264150128,0.01,"C3",0.64,0.015,2.48,2.83,0.114,15,0.51,0,1,1,0.01,1,500,0.06,1180,1800,1.55,25,0.5,25,45,6.27972531276755,2.74071279470809,0.0637825401499867,-0.270156385842711,1,0.1,0,1,1,0.25,1.34,0.3,10,0.35,20.6,0.2,0.01,10,0,5,600,300,20,970,15,0.721665069693699,2,410,209,"2018-08-01","2018-09-01",51.55,5.55,1,1.2095719948411,27.8332875610795,149.056301498786
1.80859393277206,8.12721100082146,11.0019442858174,6.5550431618467,0.155192852951586,0.0859110414981842,58.375849686563,0.146671640919521,0.981177921872586,0,0,0.665423583239317,0.01,0.01,44.2459608663339,5.54263671208173,0.01,"C3",0.64,0.015,2.48,2.83,0.114,15,0.51,0,1,1,0.01,1,500,0.06,1180,1800,1.55,25,0.5,25,45,6.73492480874993,4.04228430730291,0.0294725154526532,-0.642679177224636,1,0.1,0,1,1,0.25,1.34,0.3,10,0.35,20.6,0.2,0.01,10,0,5,600,300,20,970,15,0.244911022949964,2,410,209,"2018-08-01","2018-09-01",51.55,5.55,1,6.86182272504084,28.9602860156447,104.187652207911
2.80467822449282,29.2063929459592,17.8342963161413,5.13036835892126,0.195743200555444,0.0230757998302579,6.86884484253824,0.953338972758502,0.930350692709908,0,0,0.320923215011135,0.01,0.01,81.9018165207235,7.59240474598482,0.01,"C3",0.64,0.015,2.48,2.83,0.114,15,0.51,0,1,1,0.01,1,500,0.06,1180,1800,1.55,25,0.5,25,45,2.38334297381807,2.91321413160767,-0.714807759504765,0.026161759160459,1,0.1,0,1,1,0.25,1.34,0.3,10,0.35,20.6,0.2,0.01,10,0,5,600,300,20,970,15,0.606975830392912,2,410,209,"2018-08-01","2018-09-01",51.55,5.55,1,0.308113787323236,15.7582980743609,136.046570506878
4.45487093995325,56.8577678579466,1.27964794519357,3.04473886173218,0.0653982220217586,0.0563616798259318,4.23893933650106,0.241680876817554,0.519321647938341,0,0,0.456507966388017,0.01,0.01,81.4999806194683,8.58290685759857,0.01,"C3",0.64,0.015,2.48,2.83,0.114,15,0.51,0,1,1,0.01,1,500,0.06,1180,1800,1.55,25,0.5,25,45,5.91439572058152,3.0803561079083,-0.409096105024219,-0.360086210537702,1,0.1,0,1,1,0.25,1.34,0.3,10,0.35,20.6,0.2,0.01,10,0,5,600,300,20,970,15,0.446625821990892,2,410,209,"2018-08-01","2018-09-01",51.55,5.55,1,8.46449884702452,19.8606452671811,18.8487578602508
4.17915334319696,40.4294357909939,17.5329448364209,5.59180228924379,0.0763472219929099,0.14709922275506,44.895762456581,0.862349283415824,0.955746207386255,0,0,0.821436018683016,0.01,0.01,244.886717210582,19.9318199073896,0.01,"C3",0.64,0.015,2.48,2.83,0.114,15,0.51,0,1,1,0.01,1,500,0.06,1180,1800,1.55,25,0.5,25,45,4.76511252224445,1.50962677097414,-0.294237818568945,0.259490218013525,1,0.1,0,1,1,0.25,1.34,0.3,10,0.35,20.6,0.2,0.01,10,0,5,600,300,20,970,15,0.147185387322679,2,410,209,"2018-08-01","2018-09-01",51.55,5.55,1,12.0424730423838,27.3691880295519,156.655767671764
4.15940718236379,12.9661654089702,16.5869075513911,2.56410900549963,0.0356383312959224,0.0560069957748055,8.06444406509399,0.865194714162499,0.70645549800247,0,0,0.245128466747701,0.01,0.01,108.399974395172,1.80798295722343,0.01,"C3",0.64,0.015,2.48,2.83,0.114,15,0.51,0,1,1,0.01,1,500,0.06,1180,1800,1.55,25,0.5,25,45,3.05427873495501,3.62174373143353,0.878562761470675,0.671633154619485,1,0.1,0,1,1,0.25,1.34,0.3,10,0.35,20.6,0.2,0.01,10,0,5,600,300,20,970,15,0.602972721913829,2,410,209,"2018-08-01","2018-09-01",51.55,5.55,1,1.84401322854683,16.8509683047887,54.2205326166004
2.02515795081854,69.7940441625874,16.5966597036459,2.6669130937662,0.0831054439768195,0.0386419688817114,0.588992005214095,0.0395062628667802,0.65454063564539,0,0,0.307765988633037,0.01,0.01,82.1535639553331,9.66964619723149,0.01,"C3",0.64,0.015,2.48,2.83,0.114,15,0.51,0,1,1,0.01,1,500,0.06,1180,1800,1.55,25,0.5,25,45,0.19458191995509,3.27226644463371,0.839347576256841,0.534651764202863,1,0.1,0,1,1,0.25,1.34,0.3,10,0.35,20.6,0.2,0.01,10,0,5,600,300,20,970,15,0.319732347736135,2,410,209,"2018-08-01","2018-09-01",51.55,5.55,1,9.03696627239697,20.7145589869469,79.4536629924551
1.89208707469516,32.0395759306501,12.4975916289259,4.71483353688382,0.0845642359927297,0.0183199103455991,51.3753547472879,0.326453250367194,0.221495784353465,0,0,0.107139381114393,0.01,0.01,198.066514191101,8.89982873108238,0.01,"C3",0.64,0.015,2.48,2.83,0.114,15,0.51,0,1,1,0.01,1,500,0.06,1180,1800,1.55,25,0.5,25,45,1.59483265008312,1.41829000087455,-0.399134603794664,-0.295466632116586,1,0.1,0,1,1,0.25,1.34,0.3,10,0.35,20.6,0.2,0.01,10,0,5,600,300,20,970,15,0.193234520033002,2,410,209,"2018-08-01","2018-09-01",51.55,5.55,1,7.46237155166455,29.7754361992702,36.6969922883436
3.45930577511899,24.0253601030708,6.88330997363664,3.07838953752071,0.119994053523988,0.136007639206946,20.3022048203275,0.350262896856293,0.621147253317758,0,0,0.83508512401022,0.01,0.01,0.962439742928836,8.82269299216568,0.01,"C3",0.64,0.015,2.48,2.83,0.114,15,0.51,0,1,1,0.01,1,500,0.06,1180,1800,1.55,25,0.5,25,45,4.42610979054589,4.28463992860634,-0.411796987522393,0.704930374864489,1,0.1,0,1,1,0.25,1.34,0.3,10,0.35,20.6,0.2,0.01,10,0,5,600,300,20,970,15,0.870907676871866,2,410,209,"2018-08-01","2018-09-01",51.55,5.55,1,1.8325488071423,21.4522468869109,69.6044641267508
2.5305494167842,52.0215830279056,9.32969836867414,4.98823704058304,0.0823583982419223,0.0508665623608977,29.4426418282092,0.405378446914256,0.877600376028568,0,0,0.619287462439388,0.01,0.01,96.246272008575,6.79418713762425,0.01,"C3",0.64,0.015,2.48,2.83,0.114,15,0.51,0,1,1,0.01,1,500,0.06,1180,1800,1.55,25,0.5,25,45,3.92614171104506,1.00133946433198,-0.513459112495184,-0.395349861122668,1,0.1,0,1,1,0.25,1.34,0.3,10,0.35,20.6,0.2,0.01,10,0,5,600,300,20,970,15,0.812584961997345,2,410,209,"2018-08-01","2018-09-01",51.55,5.55,1,7.52930556773208,19.5856777299196,109.7117951978
3.47027438390069,49.4796273045201,2.63739119982347,3.04722370137461,0.0155582045204937,0.0518404765054584,34.3197191599756,0.160560176707804,0.295649247709662,0,0,0.219780151499435,0.01,0.01,173.093702430895,11.852328812005,0.01,"C3",0.64,0.015,2.48,2.83,0.114,15,0.51,0,1,1,0.01,1,500,0.06,1180,1800,1.55,25,0.5,25,45,4.40139919226058,1.24498543876689,-0.915458333212882,-0.534391071181744,1,0.1,0,1,1,0.25,1.34,0.3,10,0.35,20.6,0.2,0.01,10,0,5,600,300,20,970,15,0.770148794865236,2,410,209,"2018-08-01","2018-09-01",51.55,5.55,1,1.18449359899387,19.4333154999185,152.275738497265
2.46111972746439,81.5061541367497,6.37405322631821,4.6576032214798,0.131074719456956,0.0297978289891034,6.75948039628565,0.943869043141603,0.356825560331345,0,0,0.837564489338547,0.01,0.01,195.827658781433,16.0545393966604,0.01,"C3",0.64,0.015,2.48,2.83,0.114,15,0.51,0,1,1,0.01,1,500,0.06,1180,1800,1.55,25,0.5,25,45,6.35267432937399,4.51050084037706,-0.690464007202536,0.836100548505783,1,0.1,0,1,1,0.25,1.34,0.3,10,0.35,20.6,0.2,0.01,10,0,5,600,300,20,970,15,0.639068917371333,2,410,209,"2018-08-01","2018-09-01",51.55,5.55,1,6.183977908222,23.4505994478241,160.208877883852
2.06307335780002,67.3273226422555,1.15807870170102,3.66144915111363,0.0066441020462662,0.0878772436641157,5.07431147620082,0.99851866113022,0.249305903445929,0,0,0.398788809776306,0.01,0.01,26.7595321721747,3.30353913758881,0.01,"C3",0.64,0.015,2.48,2.83,0.114,15,0.51,0,1,1,0.01,1,500,0.06,1180,1800,1.55,25,0.5,25,45,4.68720619943924,4.28523038129788,0.723932014778256,-0.011138373054564,1,0.1,0,1,1,0.25,1.34,0.3,10,0.35,20.6,0.2,0.01,10,0,5,600,300,20,970,15,0.705228356644511,2,410,209,"2018-08-01","2018-09-01",51.55,5.55,1,1.64499871199951,22.0656066248193,44.8784015933052
3.84688290394843,81.6086367397184,11.740200658096,6.32510069920681,0.0308728103991598,0.133074038289487,52.0259156310931,0.703363261418417,0.694987392285839,0,0,0.402446000138298,0.01,0.01,233.643444203073,10.1181201797444,0.01,"C3",0.64,0.015,2.48,2.83,0.114,15,0.51,0,1,1,0.01,1,500,0.06,1180,1800,1.55,25,0.5,25,45,2.61271951345261,1.87632988824043,0.620799649972469,-0.699772849213332,1,0.1,0,1,1,0.25,1.34,0.3,10,0.35,20.6,0.2,0.01,10,0,5,600,300,20,970,15,0.609971639234573,2,410,209,"2018-08-01","2018-09-01",51.55,5.55,1,13.9225599321071,27.6178733445704,102.126336484216
1.78078496013768,48.6843189626003,8.10221114661545,6.56509756250307,0.192920487839729,0.160812106402591,30.1666676905006,0.310534974792972,0.236408518860117,0,0,0.204313181340694,0.01,0.01,198.823532189825,15.7009233466815,0.01,"C3",0.64,0.015,2.48,2.83,0.114,15,0.51,0,1,1,0.01,1,500,0.06,1180,1800,1.55,25,0.5,25,45,6.22769104782492,1.66074822295923,0.757903879042715,0.569072820711881,1,0.1,0,1,1,0.25,1.34,0.3,10,0.35,20.6,0.2,0.01,10,0,5,600,300,20,970,15,0.374043009243906,2,410,209,"2018-08-01","2018-09-01",51.55,5.55,1,4.43521051201969,23.6405116925016,146.524478285573
2.90033712470904,57.6461028509274,5.24968330864795,6.72770020179451,0.101711327163503,0.185352053167298,29.5733605418354,0.256406534695998,0.0981578314676881,0,0,0.182394441217184,0.01,0.01,111.314202805457,4.25835865014233,0.01,"C3",0.64,0.015,2.48,2.83,0.114,15,0.51,0,1,1,0.01,1,500,0.06,1180,1800,1.55,25,0.5,25,45,3.45646002492867,2.86926446156576,0.65949797257781,0.171989571303129,1,0.1,0,1,1,0.25,1.34,0.3,10,0.35,20.6,0.2,0.01,10,0,5,600,300,20,970,15,0.903710224665701,2,410,209,"2018-08-01","2018-09-01",51.55,5.55,1,6.67166669620201,25.3150080679916,54.9616120057181
3.03451637970284,30.2892177487541,18.8157809607219,1.63590729818679,0.0565294190309942,0.110897216573358,44.9188562761992,0.874523928156123,0.191999952308834,0,0,0.334981304593384,0.01,0.01,15.9643901675008,15.5169795618858,0.01,"C3",0.64,0.015,2.48,2.83,0.114,15,0.51,0,1,1,0.01,1,500,0.06,1180,1800,1.55,25,0.5,25,45,1.27405289930757,3.49914140952751,-0.456253095995635,-0.447807206306607,1,0.1,0,1,1,0.25,1.34,0.3,10,0.35,20.6,0.2,0.01,10,0,5,600,300,20,970,15,0.478984847664833,2,410,209,"2018-08-01","2018-09-01",51.55,5.55,1,13.2780448626727,15.6228822469711,38.046119408682
3.29996687779203,43.4298685486383,6.09688819386065,3.02011633804068,0.000540472846478224,0.13243190809153,10.3793718991801,0.912279018666595,0.738446893868968,0,0,0.799173972103745,0.01,0.01,181.260702478932,6.64639080734923,0.01,"C3",0.64,0.015,2.48,2.83,0.114,15,0.51,0,1,1,0.01,1,500,0.06,1180,1800,1.55,25,0.5,25,45,2.06661060589831,4.24882310815156,-0.835247956216335,-0.208034796640277,1,0.1,0,1,1,0.25,1.34,0.3,10,0.35,20.6,0.2,0.01,10,0,5,600,300,20,970,15,0.427035642787814,2,410,209,"2018-08-01","2018-09-01",51.55,5.55,1,6.8979276472237,21.488214279525,107.364492709748
2.49847062095068,45.756989358361,10.1384564011823,2.93215134576894,0.0647038036026061,0.00522940009832382,2.04261919017881,0.538347427966073,0.294625256676227,0,0,0.122679308988154,0.01,0.01,99.9271230014274,7.91344607644714,0.01,"C3",0.64,0.015,2.48,2.83,0.114,15,0.51,0,1,1,0.01,1,500,0.06,1180,1800,1.55,25,0.5,25,45,6.44213369691279,0.871255659963936,0.90189744764939,0.35183926532045,1,0.1,0,1,1,0.25,1.34,0.3,10,0.35,20.6,0.2,0.01,10,0,5,600,300,20,970,15,0.132586392806843,2,410,209,"2018-08-01","2018-09-01",51.55,5.55,1,9.71785786561668,18.1708018225618,50.1375708729029
2.96583910100162,68.2950448200551,17.5849370891228,1.11709139170125,0.176919737365097,0.181007310887799,35.1346698962152,0.597755908733234,0.66821994818747,0,0,0.142729371786118,0.01,0.01,136.867052748625,7.97078178008087,0.01,"C3",0.64,0.015,2.48,2.83,0.114,15,0.51,0,1,1,0.01,1,500,0.06,1180,1800,1.55,25,0.5,25,45,2.41172576239333,1.42029556189664,-0.798294726759195,0.987066978123039,1,0.1,0,1,1,0.25,1.34,0.3,10,0.35,20.6,0.2,0.01,10,0,5,600,300,20,970,15,0.463867278536782,2,410,209,"2018-08-01","2018-09-01",51.55,5.55,1,12.2389711230062,17.9359329224098,73.8082964764908
4.36342148249969,33.886038367775,2.86050694994628,3.71962382504717,0.0320731516461819,0.0592036330606788,11.2489115120843,0.543331420281902,0.26674420805648,0,0,0.672557767014951,0.01,0.01,163.231670567358,10.9494811715558,0.01,"C3",0.64,0.015,2.48,2.83,0.114,15,0.51,0,1,1,0.01,1,500,0.06,1180,1800,1.55,25,0.5,25,45,1.2616655233549,3.05575492244679,-0.131906456314027,0.918873008340597,1,0.1,0,1,1,0.25,1.34,0.3,10,0.35,20.6,0.2,0.01,10,0,5,600,300,20,970,15,0.515522913541645,2,410,209,"2018-08-01","2018-09-01",51.55,5.55,1,2.53773149801418,25.1144691382069,43.5863305907696
2.9487071915064,61.4735021652609,3.36890095495619,6.53450666950084,0.0766645442694426,0.0632711227517575,11.5488280914724,0.616210961481556,0.0113375710789114,0,0,0.420744673814625,0.01,0.01,170.532015672885,3.6410708152689,0.01,"C3",0.64,0.015,2.48,2.83,0.114,15,0.51,0,1,1,0.01,1,500,0.06,1180,1800,1.55,25,0.5,25,45,1.60846065548249,3.80352551257238,0.640953470487148,0.189876195043325,1,0.1,0,1,1,0.25,1.34,0.3,10,0.35,20.6,0.2,0.01,10,0,5,600,300,20,970,15,0.114221018971875,2,410,209,"2018-08-01","2018-09-01",51.55,5.55,1,10.1858501136303,15.3253690770362,79.8537727212533
4.17105066636577,48.8535179230444,24.6119200543035,0.632834230083972,0.111455685319379,0.152452241070569,57.6592511264607,0.689783565234393,0.701436820672825,0,0,0.881459491793066,0.01,0.01,105.885655595514,6.82855209987611,0.01,"C3",0.64,0.015,2.48,2.83,0.114,15,0.51,0,1,1,0.01,1,500,0.06,1180,1800,1.55,25,0.5,25,45,0.452094833552837,4.57259306753986,-0.797343316953629,-0.8205695329234,1,0.1,0,1,1,0.25,1.34,0.3,10,0.35,20.6,0.2,0.01,10,0,5,600,300,20,970,15,0.657105158083141,2,410,209,"2018-08-01","2018-09-01",51.55,5.55,1,12.5386686658021,21.7721456370782,146.038405098952
4.2433145607356,34.4182851747216,24.4193193328101,4.59480232396163,0.0989047529175878,0.0179407203570008,9.73555227275938,0.791991528589278,0.208487570984289,0,0,0.47168315667659,0.01,0.01,207.962288436014,16.9442378089298,0.01,"C3",0.64,0.015,2.48,2.83,0.114,15,0.51,0,1,1,0.01,1,500,0.06,1180,1800,1.55,25,0.5,25,45,1.85422469619662,1.80916258634534,0.919436164200306,0.959402849897742,1,0.1,0,1,1,0.25,1.34,0.3,10,0.35,20.6,0.2,0.01,10,0,5,600,300,20,970,15,0.286472384119406,2,410,209,"2018-08-01","2018-09-01",51.55,5.55,1,14.5934653398581,26.1678084684536,145.093522332609
3.32620494696312,62.413271154579,18.9665839599911,1.24962310749106,0.144557371782139,0.193713545240462,15.3812877880409,0.443285874091089,0.779592795763165,0,0,0.611549050780013,0.01,0.01,7.17326940252678,15.3425082936883,0.01,"C3",0.64,0.015,2.48,2.83,0.114,15,0.51,0,1,1,0.01,1,500,0.06,1180,1800,1.55,25,0.5,25,45,6.90550399895292,2.60967195825651,-0.240426457021385,0.531062667723745,1,0.1,0,1,1,0.25,1.34,0.3,10,0.35,20.6,0.2,0.01,10,0,5,600,300,20,970,15,0.521855562459677,2,410,209,"2018-08-01","2018-09-01",51.55,5.55,1,1.23104260652326,23.1228329823352,85.7020145701244
2.73206932959147,71.6591136159551,0.751486950321123,1.74007485015318,0.162588784424588,0.166859204927459,35.2358827320859,0.497149773873389,0.152356554986909,0,0,0.817724085878581,0.01,0.01,246.553027431015,12.2840732003096,0.01,"C3",0.64,0.015,2.48,2.83,0.114,15,0.51,0,1,1,0.01,1,500,0.06,1180,1800,1.55,25,0.5,25,45,4.43828440872021,1.77553079498466,-0.577353735920042,-0.229104917496443,1,0.1,0,1,1,0.25,1.34,0.3,10,0.35,20.6,0.2,0.01,10,0,5,600,300,20,970,15,0.447142027318478,2,410,209,"2018-08-01","2018-09-01",51.55,5.55,1,6.60486364737153,21.2965801055543,173.279468952678
1.94128407281823,57.2470431527109,24.3552431871649,4.05553500633687,0.0819171095266938,0.0264924932736903,10.0199075136334,0.797559865983203,0.945552620803937,0,0,0.95657634572126,0.01,0.01,19.8669802913792,1.92302363971248,0.01,"C3",0.64,0.015,2.48,2.83,0.114,15,0.51,0,1,1,0.01,1,500,0.06,1180,1800,1.55,25,0.5,25,45,5.57083917430136,0.755319614429027,0.200767430942506,-0.0575785678811371,1,0.1,0,1,1,0.25,1.34,0.3,10,0.35,20.6,0.2,0.01,10,0,5,600,300,20,970,15,0.584979980485514,2,410,209,"2018-08-01","2018-09-01",51.55,5.55,1,14.2990267183632,20.7375459442846,126.856871349737
4.30589940981008,53.4945279396368,19.006758678006,0.694072575541213,0.0449702664744109,0.0241682719439268,38.6534819332883,0.480840909294784,0.817076893988997,0,0,0.0398111962713301,0.01,0.01,82.2409454031731,13.775055999402,0.01,"C3",0.64,0.015,2.48,2.83,0.114,15,0.51,0,1,1,0.01,1,500,0.06,1180,1800,1.55,25,0.5,25,45,0.269712704257108,1.6873476866167,-0.901753398124129,-0.742198520805687,1,0.1,0,1,1,0.25,1.34,0.3,10,0.35,20.6,0.2,0.01,10,0,5,600,300,20,970,15,0.631017280975357,2,410,209,"2018-08-01","2018-09-01",51.55,5.55,1,1.39168418361805,20.7897854957264,73.6209882237017
2.40368669992313,43.7897976842665,22.1860509773251,4.65734854829498,0.101173222670332,0.0819163479376584,11.7314367508516,0.712200172711164,0.00717020663432777,0,0,0.0504921886604279,0.01,0.01,49.9884283355786,8.82912581297569,0.01,"C3",0.64,0.015,2.48,2.83,0.114,15,0.51,0,1,1,0.01,1,500,0.06,1180,1800,1.55,25,0.5,25,45,5.46412822632119,4.76867069164291,0.426204914227128,-0.683261832222342,1,0.1,0,1,1,0.25,1.34,0.3,10,0.35,20.6,0.2,0.01,10,0,5,600,300,20,970,15,0.00809400668367743,2,410,209,"2018-08-01","2018-09-01",51.55,5.55,1,6.01660961983725,28.3265176531859,178.425055900589
1.68216171464883,30.1720637493799,5.54882763535716,4.34192348993383,0.0603387866634876,0.0221908372826874,31.9231373956427,0.621277482947335,0.713366182753816,0,0,0.71797193097882,0.01,0.01,213.690475367417,2.09787106211297,0.01,"C3",0.64,0.015,2.48,2.83,0.114,15,0.51,0,1,1,0.01,1,500,0.06,1180,1800,1.55,25,0.5,25,45,6.86756516133901,4.54800556867849,0.0993066630326211,-0.535732716787606,1,0.1,0,1,1,0.25,1.34,0.3,10,0.35,20.6,0.2,0.01,10,0,5,600,300,20,970,15,0.121458915760741,2,410,209,"2018-08-01","2018-09-01",51.55,5.55,1,1.069214574527,23.0964150605723,52.4896567454562
4.34318082011305,58.6893659626566,6.76185776828788,6.11012948444113,0.165859504183754,0.0934972838498652,19.9216953339055,0.0459850325714797,0.689742180285975,0,0,0.226160236168653,0.01,0.01,237.004637848528,14.9364291371312,0.01,"C3",0.64,0.015,2.48,2.83,0.114,15,0.51,0,1,1,0.01,1,500,0.06,1180,1800,1.55,25,0.5,25,45,5.17874958950561,1.42502441059332,0.299865204375237,0.207690575625747,1,0.1,0,1,1,0.25,1.34,0.3,10,0.35,20.6,0.2,0.01,10,0,5,600,300,20,970,15,0.612735940376297,2,410,209,"2018-08-01","2018-09-01",51.55,5.55,1,13.8597449893132,22.511853876058,28.8153300667182
3.66178882028908,46.6378495578006,15.1813756208867,1.39189196913503,0.0529272242449224,0.155711747147143,34.5985951367766,0.365898740943521,0.209343264810741,0,0,0.164527258370072,0.01,0.01,30.3008940845612,3.08912913617678,0.01,"C3",0.64,0.015,2.48,2.83,0.114,15,0.51,0,1,1,0.01,1,500,0.06,1180,1800,1.55,25,0.5,25,45,3.74430869580247,4.57698465255089,0.826738934963942,-0.145785164088011,1,0.1,0,1,1,0.25,1.34,0.3,10,0.35,20.6,0.2,0.01,10,0,5,600,300,20,970,15,0.758578347275034,2,410,209,"2018-08-01","2018-09-01",51.55,5.55,1,9.57552331499755,25.5070126242936,132.475123247132
1.92688288679346,48.8605893239334,8.5049646848347,2.244990961859,0.0991408483590931,0.046382287144661,34.4247726397589,0.289237954420969,0.375064802123234,0,0,0.700084791518748,0.01,0.01,112.816138914495,19.1303826083895,0.01,"C3",0.64,0.015,2.48,2.83,0.114,15,0.51,0,1,1,0.01,1,500,0.06,1180,1800,1.55,25,0.5,25,45,2.97962301003281,1.23538486554753,0.783608027733862,-0.0394531530328095,1,0.1,0,1,1,0.25,1.34,0.3,10,0.35,20.6,0.2,0.01,10,0,5,600,300,20,970,15,0.371732149505988,2,410,209,"2018-08-01","2018-09-01",51.55,5.55,1,2.31942273094319,22.0257541781757,163.399864356034
3.14785396819934,37.9293750442332,18.9242322812788,2.86795982043259,0.0193368711974472,0.0774104610551149,16.6511070868,0.34182016714476,0.415998142678291,0,0,0.367094720480964,0.01,0.01,116.988312753092,6.56356835830957,0.01,"C3",0.64,0.015,2.48,2.83,0.114,15,0.51,0,1,1,0.01,1,500,0.06,1180,1800,1.55,25,0.5,25,45,5.10253717096057,4.62391016224865,-0.56154051143676,0.22367118857801,1,0.1,0,1,1,0.25,1.34,0.3,10,0.35,20.6,0.2,0.01,10,0,5,600,300,20,970,15,0.724043864291161,2,410,209,"2018-08-01","2018-09-01",51.55,5.55,1,14.3463698308915,27.5067914742976,74.4660514080897
4.36227371566929,83.6887141618823,1.87093536369503,6.4890915020369,0.0574563407804817,0.0166777490638196,14.4492002064362,0.300364269176498,0.394969197688624,0,0,0.736757004400715,0.01,0.01,224.813757466676,4.45432648737915,0.01,"C3",0.64,0.015,2.48,2.83,0.114,15,0.51,0,1,1,0.01,1,500,0.06,1180,1800,1.55,25,0.5,25,45,5.91970431897789,1.71099871315528,0.182632382027805,-0.694052835926414,1,0.1,0,1,1,0.25,1.34,0.3,10,0.35,20.6,0.2,0.01,10,0,5,600,300,20,970,15,0.103560575051233,2,410,209,"2018-08-01","2018-09-01",51.55,5.55,1,7.31792927021161,26.3240740599576,132.04931112472
3.25645005935803,42.9760754088692,22.2657230915502,0.304366224212572,0.168939624447376,0.0370246344711632,54.2195156542584,0.827317734248936,0.78251211438328,0,0,0.505498351063579,0.01,0.01,29.0485592323239,18.0148698876146,0.01,"C3",0.64,0.015,2.48,2.83,0.114,15,0.51,0,1,1,0.01,1,500,0.06,1180,1800,1.55,25,0.5,25,45,4.69194986105431,3.74200621573254,-0.766788203269243,-0.674355667550117,1,0.1,0,1,1,0.25,1.34,0.3,10,0.35,20.6,0.2,0.01,10,0,5,600,300,20,970,15,0.142021561739966,2,410,209,"2018-08-01","2018-09-01",51.55,5.55,1,2.08335948991589,20.55377628305,19.9725926667452
2.71353084524162,69.6422600504528,19.2623404145706,1.35548845515586,0.0951669746078551,0.193405488831922,34.7959216078743,0.306391705293208,0.0503256698139012,0,0,0.628164819907397,0.01,0.01,143.128064098419,3.50136330444366,0.01,"C3",0.64,0.015,2.48,2.83,0.114,15,0.51,0,1,1,0.01,1,500,0.06,1180,1800,1.55,25,0.5,25,45,6.47901022525039,1.21878915093839,0.394686871673912,0.0158575470559299,1,0.1,0,1,1,0.25,1.34,0.3,10,0.35,20.6,0.2,0.01,10,0,5,600,300,20,970,15,0.381541077047586,2,410,209,"2018-08-01","2018-09-01",51.55,5.55,1,4.57330731907859,29.8375298967585,91.1069443076849
3.44368043798022,56.7908731980983,22.0674608077388,5.04044382926077,0.0906966921407729,0.136597695481032,29.1105746012181,0.764445494860411,0.0543462838977575,0,0,0.496940964600071,0.01,0.01,225.220844313269,7.74601556733251,0.01,"C3",0.64,0.015,2.48,2.83,0.114,15,0.51,0,1,1,0.01,1,500,0.06,1180,1800,1.55,25,0.5,25,45,4.80678482004441,0.562230205861852,0.842986220493913,-0.40916645526886,1,0.1,0,1,1,0.25,1.34,0.3,10,0.35,20.6,0.2,0.01,10,0,5,600,300,20,970,15,0.410627885255963,2,410,209,"2018-08-01","2018-09-01",51.55,5.55,1,6.0994491528254,19.1170205839444,18.2700117118657
2.45946185127832,16.5774588271551,23.6943932075519,0.38648958154954,0.0399605304002762,0.186068172287196,45.518741151318,0.856626486638561,0.486885912949219,0,0,0.959567147307098,0.01,0.01,78.1649793732213,9.68136885296553,0.01,"C3",0.64,0.015,2.48,2.83,0.114,15,0.51,0,1,1,0.01,1,500,0.06,1180,1800,1.55,25,0.5,25,45,0.508346315822564,3.10179969633464,0.694910001009703,0.441080947872251,1,0.1,0,1,1,0.25,1.34,0.3,10,0.35,20.6,0.2,0.01,10,0,5,600,300,20,970,15,0.575326055288315,2,410,209,"2018-08-01","2018-09-01",51.55,5.55,1,9.50100017013028,25.6050525046885,21.3763454882428
2.42316003260203,26.3688154588863,8.10012639849447,6.86863911361434,0.0519269275479019,0.11820897758007,2.63757074251771,0.524998493725434,0.511933211237192,0,0,0.444163501961157,0.01,0.01,81.6366242240183,17.6063480866142,0.01,"C3",0.64,0.015,2.48,2.83,0.114,15,0.51,0,1,1,0.01,1,500,0.06,1180,1800,1.55,25,0.5,25,45,4.51825295239687,3.73608148633502,-0.35863797692582,-0.631575458217412,1,0.1,0,1,1,0.25,1.34,0.3,10,0.35,20.6,0.2,0.01,10,0,5,600,300,20,970,15,0.725106199970469,2,410,209,"2018-08-01","2018-09-01",51.55,5.55,1,6.25450655235909,23.1703935668338,23.4443867672235
2.15930289379321,68.151034120357,4.46649296209216,0.180785912554711,0.108115448430181,0.0159490635618567,37.8979801386595,0.931496158707887,0.218872392550111,0,0,0.953071093419567,0.01,0.01,217.660853824869,10.0642500538379,0.01,"C3",0.64,0.015,2.48,2.83,0.114,15,0.51,0,1,1,0.01,1,500,0.06,1180,1800,1.55,25,0.5,25,45,0.972945378255099,3.33723534410819,-0.13208981975913,-0.156585494987667,1,0.1,0,1,1,0.25,1.34,0.3,10,0.35,20.6,0.2,0.01,10,0,5,600,300,20,970,15,0.169678627280518,2,410,209,"2018-08-01","2018-09-01",51.55,5.55,1,2.48909769114107,28.1534747360274,179.600879503414
2.60846659750678,72.5828879128325,3.74625143012963,3.56449205824174,0.145077040465549,0.16900371350348,37.4729928094894,0.843681329395622,0.610940001904964,0,0,0.163286013295874,0.01,0.01,82.6719395400723,14.1326221064664,0.01,"C3",0.64,0.015,2.48,2.83,0.114,15,0.51,0,1,1,0.01,1,500,0.06,1180,1800,1.55,25,0.5,25,45,6.35598814587574,4.88083939440548,-0.466791408602148,0.280209386255592,1,0.1,0,1,1,0.25,1.34,0.3,10,0.35,20.6,0.2,0.01,10,0,5,600,300,20,970,15,0.365274067269638,2,410,209,"2018-08-01","2018-09-01",51.55,5.55,1,13.3224647864699,19.904041683767,156.018388224766
4.45265761041082,89.5083810803816,2.86608695751056,6.05650035664439,0.0369225126691163,0.00595687446184456,46.3992094667628,0.178316212957725,0.638989629922435,0,0,0.0722406771965325,0.01,0.01,32.0810331492103,15.7399560317863,0.01,"C3",0.64,0.015,2.48,2.83,0.114,15,0.51,0,1,1,0.01,1,500,0.06,1180,1800,1.55,25,0.5,25,45,1.72125081322156,2.11554817785509,-0.571386857423931,0.927742699161172,1,0.1,0,1,1,0.25,1.34,0.3,10,0.35,20.6,0.2,0.01,10,0,5,600,300,20,970,15,0.508506481302902,2,410,209,"2018-08-01","2018-09-01",51.55,5.55,1,1.65490102954209,18.0672210920602,8.74813609756529
1.96260690246709,46.0026553000374,11.781959439395,2.11130228638649,0.0370793248992413,0.162931943917647,23.9386103488505,0.0492907699663192,0.66546715493314,0,0,0.639019665308297,0.01,0.01,89.5381916025071,9.15119227091782,0.01,"C3",0.64,0.015,2.48,2.83,0.114,15,0.51,0,1,1,0.01,1,500,0.06,1180,1800,1.55,25,0.5,25,45,1.89500224594958,3.05898955545854,0.0129203586839139,0.144983374048024,1,0.1,0,1,1,0.25,1.34,0.3,10,0.35,20.6,0.2,0.01,10,0,5,600,300,20,970,15,0.651120220078155,2,410,209,"2018-08-01","2018-09-01",51.55,5.55,1,2.24257363937795,27.3574048373848,109.199101002887
1.77313199965283,34.3380480857621,20.2823719475418,4.3383775530383,0.183665988547727,0.0781498922035098,12.6959930313751,0.705896268365905,0.132895200513303,0,0,0.338191374205053,0.01,0.01,232.726772152062,9.63483635289595,0.01,"C3",0.64,0.015,2.48,2.83,0.114,15,0.51,0,1,1,0.01,1,500,0.06,1180,1800,1.55,25,0.5,25,45,4.93343204886187,4.07549319707323,-0.222173251211643,0.881903517059982,1,0.1,0,1,1,0.25,1.34,0.3,10,0.35,20.6,0.2,0.01,10,0,5,600,300,20,970,15,0.119232104392722,2,410,209,"2018-08-01","2018-09-01",51.55,5.55,1,2.5669848639518,22.940918362001,40.0009720958769
1.92572072334588,42.9681622224164,21.6685606981628,3.95665174978785,0.0267366542015225,0.0286809067707509,38.569491324015,0.0582275961060077,0.142586075235158,0,0,0.624325143638998,0.01,0.01,218.888253273501,5.57448562164791,0.01,"C3",0.64,0.015,2.48,2.83,0.114,15,0.51,0,1,1,0.01,1,500,0.06,1180,1800,1.55,25,0.5,25,45,6.82643807854038,0.624892111169174,-0.158941360656172,-0.821510411333293,1,0.1,0,1,1,0.25,1.34,0.3,10,0.35,20.6,0.2,0.01,10,0,5,600,300,20,970,15,0.501976143801585,2,410,209,"2018-08-01","2018-09-01",51.55,5.55,1,14.6238668588921,26.3619157404173,79.8495981562883
3.57002130453475,80.3843542277636,1.6174782300368,3.13681424292736,0.00128997871652246,0.133311552647501,27.0693563483655,0.121047190856189,0.999715515878052,0,0,0.0757813728414476,0.01,0.01,205.189011422684,6.37657645926811,0.01,"C3",0.64,0.015,2.48,2.83,0.114,15,0.51,0,1,1,0.01,1,500,0.06,1180,1800,1.55,25,0.5,25,45,0.165794338472188,3.52457067987416,-0.817588243633509,-0.547505274880677,1,0.1,0,1,1,0.25,1.34,0.3,10,0.35,20.6,0.2,0.01,10,0,5,600,300,20,970,15,0.139698417624459,2,410,209,"2018-08-01","2018-09-01",51.55,5.55,1,14.4193904218264,19.6639495622367,156.582038775086
3.35776945017278,80.6484724325168,18.2989120541606,6.59806233900599,0.0545126663055271,0.123717233072966,33.534455196932,0.444968951167539,0.254290803801268,0,0,0.312535215867683,0.01,0.01,6.17667616676772,18.3410292598419,0.01,"C3",0.64,0.015,2.48,2.83,0.114,15,0.51,0,1,1,0.01,1,500,0.06,1180,1800,1.55,25,0.5,25,45,4.17119984505698,4.45729175314773,0.355680401436985,-0.58726454898715,1,0.1,0,1,1,0.25,1.34,0.3,10,0.35,20.6,0.2,0.01,10,0,5,600,300,20,970,15,0.105441112071276,2,410,209,"2018-08-01","2018-09-01",51.55,5.55,1,2.156492943177,19.0164863748942,151.862916145474
4.17418235144578,63.4650772670967,24.3168168526608,2.691686704522,0.131179641792551,0.0897526456974447,44.8048314498737,0.288736255606636,0.217078235466033,0,0,0.151323407888412,0.01,0.01,158.085789285775,19.441722212825,0.01,"C3",0.64,0.015,2.48,2.83,0.114,15,0.51,0,1,1,0.01,1,500,0.06,1180,1800,1.55,25,0.5,25,45,3.11842702934519,0.951906690606847,0.039636158850044,0.831923516001552,1,0.1,0,1,1,0.25,1.34,0.3,10,0.35,20.6,0.2,0.01,10,0,5,600,300,20,970,15,0.96517238416709,2,410,209,"2018-08-01","2018-09-01",51.55,5.55,1,8.92345869331621,27.2178871859796,10.8194039901718
3.51899727783166,37.3050347018218,7.77792994049378,2.41493360442109,0.101586614688858,0.161319922516122,8.27656681649387,0.420726557960734,0.671046313596889,0,0,0.718778709415346,0.01,0.01,195.39338769298,14.7861571609974,0.01,"C3",0.64,0.015,2.48,2.83,0.114,15,0.51,0,1,1,0.01,1,500,0.06,1180,1800,1.55,25,0.5,25,45,2.42361972595099,3.50984078529291,0.769657152704895,-0.610358991194516,1,0.1,0,1,1,0.25,1.34,0.3,10,0.35,20.6,0.2,0.01,10,0,5,600,300,20,970,15,0.24751187232323,2,410,209,"2018-08-01","2018-09-01",51.55,5.55,1,4.00309287244454,29.1393201006576,85.3514454094693
3.71123321377672,47.1077785972897,17.9096250154544,6.60561519442126,0.0625530568882823,0.174121376685798,31.3148396043107,0.617326061008498,0.388893807539716,0,0,0.598031977424398,0.01,0.01,179.523205568257,8.04938021604903,0.01,"C3",0.64,0.015,2.48,2.83,0.114,15,0.51,0,1,1,0.01,1,500,0.06,1180,1800,1.55,25,0.5,25,45,0.606533844978549,3.85362685413565,0.385596341453493,0.792859889566898,1,0.1,0,1,1,0.25,1.34,0.3,10,0.35,20.6,0.2,0.01,10,0,5,600,300,20,970,15,0.780551001662388,2,410,209,"2018-08-01","2018-09-01",51.55,5.55,1,12.722410352435,23.3599088061601,120.618776916526
3.06340717733838,35.5679111912797,14.8800467315596,0.647553034359589,0.0384597360156477,0.197236546035856,7.57564779371023,0.843853913713247,0.570966460974887,0,0,0.931623823475093,0.01,0.01,47.0571181327105,10.3161564846523,0.01,"C3",0.64,0.015,2.48,2.83,0.114,15,0.51,0,1,1,0.01,1,500,0.06,1180,1800,1.55,25,0.5,25,45,6.40277066756971,1.7850415162975,-0.629947980865836,-0.0104400459676981,1,0.1,0,1,1,0.25,1.34,0.3,10,0.35,20.6,0.2,0.01,10,0,5,600,300,20,970,15,0.817645966773853,2,410,209,"2018-08-01","2018-09-01",51.55,5.55,1,5.09497730294243,26.9387127121445,157.32991035562
3.47951534902677,46.7109382343949,1.07955588027835,6.1960683434736,0.195309408474714,0.080527315242216,35.0530550256371,0.42507667071186,0.109579738695174,0,0,0.637358776526526,0.01,0.01,145.48315295123,16.4053525957279,0.01,"C3",0.64,0.015,2.48,2.83,0.114,15,0.51,0,1,1,0.01,1,500,0.06,1180,1800,1.55,25,0.5,25,45,2.61832839667331,0.936376609257422,-0.704959372524172,-0.482631454709917,1,0.1,0,1,1,0.25,1.34,0.3,10,0.35,20.6,0.2,0.01,10,0,5,600,300,20,970,15,0.0571307649370283,2,410,209,"2018-08-01","2018-09-01",51.55,5.55,1,3.34427957190201,26.0933862975799,10.5493187857792
3.96541638043709,44.1856802151826,11.2284217553679,2.08855091198348,0.148792989365757,0.0704263862222433,12.4570435797796,0.341026324778795,0.795626309234649,0,0,0.630710082361475,0.01,0.01,103.886817692663,11.6222788381856,0.01,"C3",0.64,0.015,2.48,2.83,0.114,15,0.51,0,1,1,0.01,1,500,0.06,1180,1800,1.55,25,0.5,25,45,4.08775547421537,0.913999910699204,-0.898363120853901,-0.0247887591831386,1,0.1,0,1,1,0.25,1.34,0.3,10,0.35,20.6,0.2,0.01,10,0,5,600,300,20,970,15,0.882043343968689,2,410,209,"2018-08-01","2018-09-01",51.55,5.55,1,12.4947496654931,23.0233274877537,63.6938217747957
3.85884465510026,66.0124471301953,15.9668706066441,1.10426431638189,0.0814625220373273,0.0243797302246094,31.2169037712738,0.24810972227715,0.372525066602975,0,0,0.21756252553314,0.01,0.01,82.3600988366525,15.6620659760665,0.01,"C3",0.64,0.015,2.48,2.83,0.114,15,0.51,0,1,1,0.01,1,500,0.06,1180,1800,1.55,25,0.5,25,45,0.472794787143357,2.59977172256913,-0.615410174243152,0.883326466195285,1,0.1,0,1,1,0.25,1.34,0.3,10,0.35,20.6,0.2,0.01,10,0,5,600,300,20,970,15,0.406076709041372,2,410,209,"2018-08-01","2018-09-01",51.55,5.55,1,6.83497928199358,29.945075417636,121.460409262218
4.4394657521043,51.0910649162398,20.016877411399,0.783307369332761,0.020975036220625,0.198122619232163,51.3940861774608,0.0684820318128914,0.834760853555053,0,0,0.791926114354283,0.01,0.01,105.641148188617,6.08253228175454,0.01,"C3",0.64,0.015,2.48,2.83,0.114,15,0.51,0,1,1,0.01,1,500,0.06,1180,1800,1.55,25,0.5,25,45,1.06318342194427,2.23479963699356,0.786346378736198,0.819862867705524,1,0.1,0,1,1,0.25,1.34,0.3,10,0.35,20.6,0.2,0.01,10,0,5,600,300,20,970,15,0.02317701629363,2,410,209,"2018-08-01","2018-09-01",51.55,5.55,1,5.9638098848518,22.1163956075907,77.4604434426874
2.81829460873269,26.027552818625,13.5471061046701,0.574770970270038,0.137007850548252,0.187145943148062,34.35410218779,0.104295628610998,0.983589028241113,0,0,0.61852166405879,0.01,0.01,91.8761538612307,7.27117289206944,0.01,"C3",0.64,0.015,2.48,2.83,0.114,15,0.51,0,1,1,0.01,1,500,0.06,1180,1800,1.55,25,0.5,25,45,6.1657241419889,2.2650991367409,-0.732318971306086,0.904238343238831,1,0.1,0,1,1,0.25,1.34,0.3,10,0.35,20.6,0.2,0.01,10,0,5,600,300,20,970,15,0.552174153039232,2,410,209,"2018-08-01","2018-09-01",51.55,5.55,1,6.9497433223296,18.8294254196808,177.344814743847
2.43510660622269,36.6531580764718,22.0454915543087,1.62298291316256,0.120510746259242,0.187805970106274,40.5771378753707,0.587290256982669,0.557296622777358,0,0,0.674187447642908,0.01,0.01,217.773711776361,19.4098874637857,0.01,"C3",0.64,0.015,2.48,2.83,0.114,15,0.51,0,1,1,0.01,1,500,0.06,1180,1800,1.55,25,0.5,25,45,0.137863348308019,3.61326550657395,0.969000768847764,0.736194152384996,1,0.1,0,1,1,0.25,1.34,0.3,10,0.35,20.6,0.2,0.01,10,0,5,600,300,20,970,15,0.977694460656494,2,410,209,"2018-08-01","2018-09-01",51.55,5.55,1,0.520308563718572,17.4315038463101,171.607989384793
2.72842485783622,50.2192368559801,0.169641885440797,6.02773279580288,0.130116529250518,0.0814964205026627,29.4094751961529,0.377608980517834,0.3494180473499,0,0,0.233357164310291,0.01,0.01,68.7893695234088,19.0839594199788,0.01,"C3",0.64,0.015,2.48,2.83,0.114,15,0.51,0,1,1,0.01,1,500,0.06,1180,1800,1.55,25,0.5,25,45,2.79969783923589,1.45483181928284,-0.0322624132968485,0.468805162701756,1,0.1,0,1,1,0.25,1.34,0.3,10,0.35,20.6,0.2,0.01,10,0,5,600,300,20,970,15,0.379244175972417,2,410,209,"2018-08-01","2018-09-01",51.55,5.55,1,5.87098930729553,25.6494040112011,104.147964566946
1.53140133549459,51.9026540891084,11.1706202442292,2.89247275539674,0.150797027815133,0.154436066001654,57.382486788556,0.180701545905322,0.963483138009906,0,0,0.795621778815985,0.01,0.01,98.7856053108699,14.7085106964223,0.01,"C3",0.64,0.015,2.48,2.83,0.114,15,0.51,0,1,1,0.01,1,500,0.06,1180,1800,1.55,25,0.5,25,45,3.41127079043072,0.860740792937577,-0.260531201027334,-0.268755569588393,1,0.1,0,1,1,0.25,1.34,0.3,10,0.35,20.6,0.2,0.01,10,0,5,600,300,20,970,15,0.586070920806378,2,410,209,"2018-08-01","2018-09-01",51.55,5.55,1,13.2143323437776,19.852349673165,10.3138665156439
2.05154857202433,32.9275260654552,12.0826483413111,4.9872822528705,0.119561211811379,0.0776430626399815,8.14792680088431,0.520934069529176,0.729136614361778,0,0,0.598479667212814,0.01,0.01,223.147448871168,3.35375338792801,0.01,"C3",0.64,0.015,2.48,2.83,0.114,15,0.51,0,1,1,0.01,1,500,0.06,1180,1800,1.55,25,0.5,25,45,3.01740011170041,4.41481615917291,0.843392707873136,0.627673725131899,1,0.1,0,1,1,0.25,1.34,0.3,10,0.35,20.6,0.2,0.01,10,0,5,600,300,20,970,15,0.863287447951734,2,410,209,"2018-08-01","2018-09-01",51.55,5.55,1,6.67272174032405,17.2763988759834,123.266798160039
4.02818795666099,35.4523294182493,19.8317514092196,6.50923861050978,0.0179101260378957,0.0065255815628916,24.9063302390277,0.820557612460107,0.561005889438093,0,0,0.679059084504843,0.01,0.01,205.897686449985,16.5365759734996,0.01,"C3",0.64,0.015,2.48,2.83,0.114,15,0.51,0,1,1,0.01,1,500,0.06,1180,1800,1.55,25,0.5,25,45,5.8705222803168,2.34663330041803,0.652627767529339,-0.115972253959626,1,0.1,0,1,1,0.25,1.34,0.3,10,0.35,20.6,0.2,0.01,10,0,5,600,300,20,970,15,0.534227947471663,2,410,209,"2018-08-01","2018-09-01",51.55,5.55,1,7.61527222115546,18.8537424278911,113.83473908063
2.1934853461571,52.8255196089138,6.96285729645751,2.13277528807521,0.139562534773722,0.0792428577784449,34.1440201504156,0.713021643226966,0.173665269510821,0,0,0.545042301760986,0.01,0.01,181.600215017796,4.30959759885445,0.01,"C3",0.64,0.015,2.48,2.83,0.114,15,0.51,0,1,1,0.01,1,500,0.06,1180,1800,1.55,25,0.5,25,45,6.53192403563298,2.79631781333592,-0.473066423088312,-0.688755956012756,1,0.1,0,1,1,0.25,1.34,0.3,10,0.35,20.6,0.2,0.01,10,0,5,600,300,20,970,15,0.988051824038848,2,410,209,"2018-08-01","2018-09-01",51.55,5.55,1,9.24489451688714,18.4868025127798,137.923880866729
2.21729986695573,24.756109012208,14.7637575457338,5.16983970860019,0.00406748480163515,0.19178470550105,37.7511915145442,0.0724534306209534,0.641820818418637,0,0,0.397415216080844,0.01,0.01,110.377811244223,4.03281478956342,0.01,"C3",0.64,0.015,2.48,2.83,0.114,15,0.51,0,1,1,0.01,1,500,0.06,1180,1800,1.55,25,0.5,25,45,0.973169463686645,3.76566002191976,-0.0585145312361419,-0.25822332687676,1,0.1,0,1,1,0.25,1.34,0.3,10,0.35,20.6,0.2,0.01,10,0,5,600,300,20,970,15,0.827710860641673,2,410,209,"2018-08-01","2018-09-01",51.55,5.55,1,10.9134005696978,26.3159443403129,85.4513775603846
1.73007349600084,54.1957178086239,4.68648778041825,4.57879928615876,0.195421973289922,0.104466162016615,19.4653628161177,0.190564815187827,0.938020126661286,0,0,0.388200367568061,0.01,0.01,114.584178903198,17.6899687983096,0.01,"C3",0.64,0.015,2.48,2.83,0.114,15,0.51,0,1,1,0.01,1,500,0.06,1180,1800,1.55,25,0.5,25,45,1.43563437922858,3.64085902727675,-0.470361660700291,0.937694888096303,1,0.1,0,1,1,0.25,1.34,0.3,10,0.35,20.6,0.2,0.01,10,0,5,600,300,20,970,15,0.281289321137592,2,410,209,"2018-08-01","2018-09-01",51.55,5.55,1,3.21091225370765,27.9875370394439,38.3482178254053
2.23717103409581,62.9502671595518,20.182043715613,2.1312975010369,0.190319306449965,0.134758531488478,50.5875334935263,0.0218667630106211,0.666835280135274,0,0,0.634771174984053,0.01,0.01,120.498381336336,2.14338955609128,0.01,"C3",0.64,0.015,2.48,2.83,0.114,15,0.51,0,1,1,0.01,1,500,0.06,1180,1800,1.55,25,0.5,25,45,0.133515129587613,1.32832234236412,-0.757304314989597,-0.104455326218158,1,0.1,0,1,1,0.25,1.34,0.3,10,0.35,20.6,0.2,0.01,10,0,5,600,300,20,970,15,0.649660723516718,2,410,209,"2018-08-01","2018-09-01",51.55,5.55,1,13.8132258318365,22.3615982662886,103.467877018265
3.69640561658889,33.6565006886378,14.8584352806211,0.150672661140561,0.164633758598939,0.0020413373131305,55.4680414823815,0.721316191600636,0.680233417078853,0,0,0.168504340341315,0.01,0.01,32.4998156260699,2.13393635815009,0.01,"C3",0.64,0.015,2.48,2.83,0.114,15,0.51,0,1,1,0.01,1,500,0.06,1180,1800,1.55,25,0.5,25,45,0.520793849951588,2.66889120638371,-0.020205192733556,-0.447262595407665,1,0.1,0,1,1,0.25,1.34,0.3,10,0.35,20.6,0.2,0.01,10,0,5,600,300,20,970,15,0.800870066508651,2,410,209,"2018-08-01","2018-09-01",51.55,5.55,1,11.6915139940102,22.0025247114245,30.3160228254274
4.04235949530266,52.8491686409157,6.80850308272056,2.67501357174478,0.0498641212470829,0.101119314273819,53.9856067299843,0.42308233701624,0.127163648838177,0,0,0.768905212637037,0.01,0.01,72.056238242134,19.5330745899118,0.01,"C3",0.64,0.015,2.48,2.83,0.114,15,0.51,0,1,1,0.01,1,500,0.06,1180,1800,1.55,25,0.5,25,45,5.89226718782447,3.99851619871333,-0.037582044955343,-0.0862241433933377,1,0.1,0,1,1,0.25,1.34,0.3,10,0.35,20.6,0.2,0.01,10,0,5,600,300,20,970,15,0.764860173454508,2,410,209,"2018-08-01","2018-09-01",51.55,5.55,1,5.87206606403925,16.4346725761425,139.402098767459
2.99258180125616,62.9645954746298,20.0646213255823,1.77086004801095,0.115572180086747,0.150558089930564,17.8918831190094,0.122244518250227,0.236800278536975,0,0,0.320849350653589,0.01,0.01,156.646153848211,15.0230241257232,0.01,"C3",0.64,0.015,2.48,2.83,0.114,15,0.51,0,1,1,0.01,1,500,0.06,1180,1800,1.55,25,0.5,25,45,1.94808254118543,1.34719553217292,-0.670675966423005,-0.28157057473436,1,0.1,0,1,1,0.25,1.34,0.3,10,0.35,20.6,0.2,0.01,10,0,5,600,300,20,970,15,0.868278760928661,2,410,209,"2018-08-01","2018-09-01",51.55,5.55,1,14.4553400971927,24.5693008764647,53.569920072332
2.66372708952986,45.775061627357,15.1226663554553,3.72885668999515,0.068738080561161,0.0903413916472346,32.5170908030123,0.232329351361841,0.55584412580356,0,0,0.203515229281038,0.01,0.01,172.307111956703,11.0342791976873,0.01,"C3",0.64,0.015,2.48,2.83,0.114,15,0.51,0,1,1,0.01,1,500,0.06,1180,1800,1.55,25,0.5,25,45,2.32220020736568,3.20047122996766,0.683232235722244,0.581931959372014,1,0.1,0,1,1,0.25,1.34,0.3,10,0.35,20.6,0.2,0.01,10,0,5,600,300,20,970,15,0.745373263955116,2,410,209,"2018-08-01","2018-09-01",51.55,5.55,1,1.53048207750544,17.6697769586463,139.267432638444
2.23934698244557,42.9126156017315,23.9479240903165,4.67754980898462,0.192658887431026,0.15292331520468,33.6279739206657,0.292494461871684,0.591124646831304,0,0,0.688338476931676,0.01,0.01,39.9011881260085,11.9869800149463,0.01,"C3",0.64,0.015,2.48,2.83,0.114,15,0.51,0,1,1,0.01,1,500,0.06,1180,1800,1.55,25,0.5,25,45,1.87307773304638,3.73750438354909,0.689880950376391,0.391048554796726,1,0.1,0,1,1,0.25,1.34,0.3,10,0.35,20.6,0.2,0.01,10,0,5,600,300,20,970,15,0.657684571808204,2,410,209,"2018-08-01","2018-09-01",51.55,5.55,1,7.13848481420428,18.5533886239864,115.080788489431
1.8332893839106,15.0325543999364,4.46523186401464,2.04387503163889,0.170383945200592,0.112516483152285,49.5992335584015,0.973701602313668,0.374290898675099,0,0,0.589168180245906,0.01,0.01,200.171846606769,6.55511838570237,0.01,"C3",0.64,0.015,2.48,2.83,0.114,15,0.51,0,1,1,0.01,1,500,0.06,1180,1800,1.55,25,0.5,25,45,0.483900438575074,3.45484656747431,0.595411835238338,-0.177018287125975,1,0.1,0,1,1,0.25,1.34,0.3,10,0.35,20.6,0.2,0.01,10,0,5,600,300,20,970,15,0.435946237761527,2,410,209,"2018-08-01","2018-09-01",51.55,5.55,1,0.431345708202571,22.6664023508783,95.0851327646524
2.66998330573551,49.7855103068135,0.105946452822536,3.29656751826406,0.144023980712518,0.147081145131961,1.45397388841957,0.673780753975734,0.349428557790816,0,0,0.310588877880946,0.01,0.01,49.9057700806297,15.6336135005113,0.01,"C3",0.64,0.015,2.48,2.83,0.114,15,0.51,0,1,1,0.01,1,500,0.06,1180,1800,1.55,25,0.5,25,45,4.49505477333441,1.45745638071094,-0.237277278210968,0.0821495843119919,1,0.1,0,1,1,0.25,1.34,0.3,10,0.35,20.6,0.2,0.01,10,0,5,600,300,20,970,15,0.680947153130546,2,410,209,"2018-08-01","2018-09-01",51.55,5.55,1,10.4764347919263,21.7237349878997,25.5259664123878
3.21580594195984,70.4894972598645,9.29402610636316,2.65702865505591,0.15820469786413,0.146065819449723,34.3911390658468,0.17701759096235,0.579077541828156,0,0,0.883807350881398,0.01,0.01,135.170762370632,9.96558770397678,0.01,"C3",0.64,0.015,2.48,2.83,0.114,15,0.51,0,1,1,0.01,1,500,0.06,1180,1800,1.55,25,0.5,25,45,3.51682355455123,3.01231529645156,0.325455592945218,-0.516059722751379,1,0.1,0,1,1,0.25,1.34,0.3,10,0.35,20.6,0.2,0.01,10,0,5,600,300,20,970,15,0.503082229290158,2,410,209,"2018-08-01","2018-09-01",51.55,5.55,1,5.75068191974424,17.1151105407625,161.582394624129
2.15067828842439,58.2055019298085,19.2861043440644,0.699587258277461,0.148452324327081,0.0680980426725,15.2992088254541,0.24430683767423,0.694521703524515,0,0,0.372398394625634,0.01,0.01,244.831629001128,15.8718113999348,0.01,"C3",0.64,0.015,2.48,2.83,0.114,15,0.51,0,1,1,0.01,1,500,0.06,1180,1800,1.55,25,0.5,25,45,2.6949798577698,4.10995673201978,0.741967786103487,0.907641185913235,1,0.1,0,1,1,0.25,1.34,0.3,10,0.35,20.6,0.2,0.01,10,0,5,600,300,20,970,15,0.889934609644115,2,410,209,"2018-08-01","2018-09-01",51.55,5.55,1,8.75026301247999,17.4245373567101,84.5657632732764
2.83430400607176,19.678647536978,14.3281965982169,1.24740613275208,0.0650889490731061,0.139498445764184,41.4527568407357,0.436816792469472,0.49364544567652,0,0,0.258969142334536,0.01,0.01,104.693323016283,6.99092174461111,0.01,"C3",0.64,0.015,2.48,2.83,0.114,15,0.51,0,1,1,0.01,1,500,0.06,1180,1800,1.55,25,0.5,25,45,1.90162385124713,0.688002856913954,0.136063975282013,0.612801732961088,1,0.1,0,1,1,0.25,1.34,0.3,10,0.35,20.6,0.2,0.01,10,0,5,600,300,20,970,15,0.836748390691355,2,410,209,"2018-08-01","2018-09-01",51.55,5.55,1,1.85327892308123,19.3756699911319,54.584925128147
2.15397200617008,21.5778310499102,4.26148686674424,5.91507357126102,0.178687933180481,0.107910660142079,12.2224263567477,0.217814325820655,0.209143528016284,0,0,0.142363524064422,0.01,0.01,21.0289619980031,5.80413267738186,0.01,"C3",0.64,0.015,2.48,2.83,0.114,15,0.51,0,1,1,0.01,1,500,0.06,1180,1800,1.55,25,0.5,25,45,0.645747518306598,4.96479653578717,0.477470791433007,-0.537579313851893,1,0.1,0,1,1,0.25,1.34,0.3,10,0.35,20.6,0.2,0.01,10,0,5,600,300,20,970,15,0.54812824469991,2,410,209,"2018-08-01","2018-09-01",51.55,5.55,1,7.27959634386934,25.8533780684229,141.844708397985
3.00689868978225,45.5734769366624,2.23488578340039,3.30852743121795,0.0111163834575564,0.175783717446029,10.7095244899392,0.622150141978636,0.341759782517329,0,0,0.493728493573144,0.01,0.01,43.0770709068747,17.1107417303137,0.01,"C3",0.64,0.015,2.48,2.83,0.114,15,0.51,0,1,1,0.01,1,500,0.06,1180,1800,1.55,25,0.5,25,45,2.05873847492039,4.75307423609775,0.363856540527195,-0.345584893133491,1,0.1,0,1,1,0.25,1.34,0.3,10,0.35,20.6,0.2,0.01,10,0,5,600,300,20,970,15,0.478853427805007,2,410,209,"2018-08-01","2018-09-01",51.55,5.55,1,9.58839816972613,18.4854356828146,109.089767877012
2.56171371554956,6.62130651128103,21.9056733651087,6.14318098011427,0.112799058668315,0.0151311986614019,53.4582047536969,0.481124049518257,0.678395176772028,0,0,0.332102542044595,0.01,0.01,47.76340718969,5.69023096840829,0.01,"C3",0.64,0.015,2.48,2.83,0.114,15,0.51,0,1,1,0.01,1,500,0.06,1180,1800,1.55,25,0.5,25,45,3.04640045738779,3.35419172258116,0.573362523689866,-0.409255163744092,1,0.1,0,1,1,0.25,1.34,0.3,10,0.35,20.6,0.2,0.01,10,0,5,600,300,20,970,15,0.0239494442939758,2,410,209,"2018-08-01","2018-09-01",51.55,5.55,1,10.0933425268158,17.7003631554544,52.5278907548636
3.44995547644794,37.5086505276381,3.63993789651431,5.89251105976291,0.063689891109243,0.0753273923881352,27.7048570197076,0.769266918767244,0.120751716196537,0,0,0.447078417753801,0.01,0.01,7.97721587540582,15.4564172709361,0.01,"C3",0.64,0.015,2.48,2.83,0.114,15,0.51,0,1,1,0.01,1,500,0.06,1180,1800,1.55,25,0.5,25,45,0.437219894677401,2.64928027288988,0.104690245352685,-0.0788710359483957,1,0.1,0,1,1,0.25,1.34,0.3,10,0.35,20.6,0.2,0.01,10,0,5,600,300,20,970,15,0.42794729815796,2,410,209,"2018-08-01","2018-09-01",51.55,5.55,1,2.05906528048217,24.1478413261939,57.987449252978
2.62414186983369,44.3019303689826,15.8819166012108,1.21518992842175,0.153184894751757,0.128098860848695,26.3972372375429,0.514133388642222,0.943309595342726,0,0,0.4900846502278,0.01,0.01,70.7108770684572,16.0529814732727,0.01,"C3",0.64,0.015,2.48,2.83,0.114,15,0.51,0,1,1,0.01,1,500,0.06,1180,1800,1.55,25,0.5,25,45,5.09970496045425,3.87536852504127,-0.860896417405456,0.207653807941824,1,0.1,0,1,1,0.25,1.34,0.3,10,0.35,20.6,0.2,0.01,10,0,5,600,300,20,970,15,0.672652207082137,2,410,209,"2018-08-01","2018-09-01",51.55,5.55,1,7.15703252353705,20.6213335320354,85.9225161233917
2.56633614236489,64.8459404837304,11.1559424549341,5.07216556253843,0.124526253389195,0.00506463623605669,35.2434973837808,0.316675347974524,0.166191736236215,0,0,0.906533045461401,0.01,0.01,91.4694101059576,19.7887398642488,0.01,"C3",0.64,0.015,2.48,2.83,0.114,15,0.51,0,1,1,0.01,1,500,0.06,1180,1800,1.55,25,0.5,25,45,6.37485359960701,4.91574279067572,-0.347626832313836,0.106316117104143,1,0.1,0,1,1,0.25,1.34,0.3,10,0.35,20.6,0.2,0.01,10,0,5,600,300,20,970,15,0.53588466043584,2,410,209,"2018-08-01","2018-09-01",51.55,5.55,1,1.23658149736002,29.5687288208865,12.4159485055134
3.10106383636594,37.740244902103,23.1441260722931,2.98502068663947,0.0783715596422553,0.0413896786980331,33.4576380159706,0.824972327100113,0.896662576822564,0,0,0.232967544812709,0.01,0.01,69.4605543377111,16.4438250486273,0.01,"C3",0.64,0.015,2.48,2.83,0.114,15,0.51,0,1,1,0.01,1,500,0.06,1180,1800,1.55,25,0.5,25,45,0.718019169848412,3.51059808605351,-0.907175062224269,0.426964809186757,1,0.1,0,1,1,0.25,1.34,0.3,10,0.35,20.6,0.2,0.01,10,0,5,600,300,20,970,15,0.0989137624856085,2,410,209,"2018-08-01","2018-09-01",51.55,5.55,1,2.88457093876787,19.9966159486212,102.48437454924
3.72100308118388,65.8077068777646,15.2974947006442,4.0964458277449,0.172903450857848,0.126761015271768,37.3859746288508,0.928343523759395,0.0168982110917568,0,0,0.202289765467867,0.01,0.01,30.4962653244729,2.69077979587018,0.01,"C3",0.64,0.015,2.48,2.83,0.114,15,0.51,0,1,1,0.01,1,500,0.06,1180,1800,1.55,25,0.5,25,45,2.35876747840084,2.00939205102623,0.580202814657241,0.696675409562886,1,0.1,0,1,1,0.25,1.34,0.3,10,0.35,20.6,0.2,0.01,10,0,5,600,300,20,970,15,0.572222652379423,2,410,209,"2018-08-01","2018-09-01",51.55,5.55,1,13.0603102454916,23.2546034781262,91.3096933253109
2.16330881346948,55.4213351350109,1.72672292683274,5.37244749278761,0.109934665961191,0.181212548073381,37.0814793230966,0.407730839913711,0.619814068311825,0,0,0.350966529687867,0.01,0.01,33.1981711025001,3.52149042976089,0.01,"C3",0.64,0.015,2.48,2.83,0.114,15,0.51,0,1,1,0.01,1,500,0.06,1180,1800,1.55,25,0.5,25,45,5.90690605011769,4.52535641950089,0.0470283557660878,0.996598362922668,1,0.1,0,1,1,0.25,1.34,0.3,10,0.35,20.6,0.2,0.01,10,0,5,600,300,20,970,15,0.270212064264342,2,410,209,"2018-08-01","2018-09-01",51.55,5.55,1,6.96864982252009,23.4250297117978,9.6440263884142
2.73823835584335,62.5413748622997,12.9202072741464,6.47936300397851,0.170661361282691,0.0991791617590934,8.82183723617345,0.154730611713603,0.609493108000606,0,0,0.550815784372389,0.01,0.01,218.12526187615,7.98427062644623,0.01,"C3",0.64,0.015,2.48,2.83,0.114,15,0.51,0,1,1,0.01,1,500,0.06,1180,1800,1.55,25,0.5,25,45,4.86069930351805,2.42075719952118,0.324046014808118,-0.0944422814063728,1,0.1,0,1,1,0.25,1.34,0.3,10,0.35,20.6,0.2,0.01,10,0,5,600,300,20,970,15,0.604603169020265,2,410,209,"2018-08-01","2018-09-01",51.55,5.55,1,6.97824536939152,18.5928928724024,135.532735115848
2.29706006054766,21.6943616046102,17.2392449108884,5.64291328028776,0.103162195533514,0.0354537670500576,17.8602456254885,0.0444913925603032,0.630688207689673,0,0,0.135514900553972,0.01,0.01,106.817321990733,3.07090068934485,0.01,"C3",0.64,0.015,2.48,2.83,0.114,15,0.51,0,1,1,0.01,1,500,0.06,1180,1800,1.55,25,0.5,25,45,5.34663190823048,0.976096288999543,-0.279884202871472,-0.80640816828236,1,0.1,0,1,1,0.25,1.34,0.3,10,0.35,20.6,0.2,0.01,10,0,5,600,300,20,970,15,0.40535186836496,2,410,209,"2018-08-01","2018-09-01",51.55,5.55,1,13.3228754508309,20.1524162641726,78.1482030311599
3.38991916039959,54.2734903688213,12.122633960098,6.59356102114543,0.129860513657331,0.150936573930085,45.8895991975442,0.806798239937052,0.43791593471542,0,0,0.396796377142891,0.01,0.01,25.7347826992045,14.0961511407513,0.01,"C3",0.64,0.015,2.48,2.83,0.114,15,0.51,0,1,1,0.01,1,500,0.06,1180,1800,1.55,25,0.5,25,45,6.43602223924827,4.46199679723941,0.96611212939024,-0.116209206636995,1,0.1,0,1,1,0.25,1.34,0.3,10,0.35,20.6,0.2,0.01,10,0,5,600,300,20,970,15,0.264188590925187,2,410,209,"2018-08-01","2018-09-01",51.55,5.55,1,14.0583847195376,16.3922209956218,91.0877855401486
2.05148547235876,59.6819877590504,15.4015980369877,2.08943191799335,0.0522346173878759,0.00394860631786287,37.0910482294858,0.255964145530015,0.66330608795397,0,0,0.773121046600863,0.01,0.01,38.0440902890987,3.68400704138912,0.01,"C3",0.64,0.015,2.48,2.83,0.114,15,0.51,0,1,1,0.01,1,500,0.06,1180,1800,1.55,25,0.5,25,45,6.53945970109198,1.26224562246352,-0.265578479040414,0.735898202750832,1,0.1,0,1,1,0.25,1.34,0.3,10,0.35,20.6,0.2,0.01,10,0,5,600,300,20,970,15,0.0169141623191535,2,410,209,"2018-08-01","2018-09-01",51.55,5.55,1,10.7345774886198,16.4645570504945,20.5409473087639
4.09093233430758,60.5082489653271,11.9781445013359,0.0114542287774384,0.0577560782898217,0.123968957690522,39.2220965819433,0.664323178119957,0.739315652055666,0,0,0.262447058456019,0.01,0.01,222.78074355959,19.080415138742,0.01,"C3",0.64,0.015,2.48,2.83,0.114,15,0.51,0,1,1,0.01,1,500,0.06,1180,1800,1.55,25,0.5,25,45,0.801772809238173,4.760573206353,0.19426469411701,0.272668985184282,1,0.1,0,1,1,0.25,1.34,0.3,10,0.35,20.6,0.2,0.01,10,0,5,600,300,20,970,15,0.495375148020685,2,410,209,"2018-08-01","2018-09-01",51.55,5.55,1,6.76712059881538,16.6920842276886,20.1215383317322
3.73970401240513,35.0054842629562,21.3162240805104,1.32877789949998,0.195811421331018,0.113708068244159,56.0427883453667,0.264193410985172,0.815508439904079,0,0,0.986439608968794,0.01,0.01,227.636453325918,10.3879802210722,0.01,"C3",0.64,0.015,2.48,2.83,0.114,15,0.51,0,1,1,0.01,1,500,0.06,1180,1800,1.55,25,0.5,25,45,2.66341326606926,2.8825831275899,-0.0814004223793745,0.626308159902692,1,0.1,0,1,1,0.25,1.34,0.3,10,0.35,20.6,0.2,0.01,10,0,5,600,300,20,970,15,0.427165578352287,2,410,209,"2018-08-01","2018-09-01",51.55,5.55,1,9.80578094953671,24.1544892231468,71.9424469862133
3.5048539491836,40.9459870698354,6.69146156869829,5.20355750666931,0.198505822662264,0.0302735487930477,36.5357273351401,0.137600848218426,0.609618824440986,0,0,0.985172817716375,0.01,0.01,210.700383558462,3.93286803876981,0.01,"C3",0.64,0.015,2.48,2.83,0.114,15,0.51,0,1,1,0.01,1,500,0.06,1180,1800,1.55,25,0.5,25,45,2.88400609022938,1.61841691506561,0.141885869204998,-0.562524187378585,1,0.1,0,1,1,0.25,1.34,0.3,10,0.35,20.6,0.2,0.01,10,0,5,600,300,20,970,15,0.307448686566204,2,410,209,"2018-08-01","2018-09-01",51.55,5.55,1,3.16730950260535,28.5942421504296,62.9246394149959
3.35405361978337,79.6386803175376,10.2147985482588,4.44486809428781,0.0576231609564275,0.0102984022349119,43.8828141801059,0.175583624280989,0.650224692653865,0,0,0.335334425559267,0.01,0.01,137.625520702801,10.3403763207607,0.01,"C3",0.64,0.015,2.48,2.83,0.114,15,0.51,0,1,1,0.01,1,500,0.06,1180,1800,1.55,25,0.5,25,45,4.67959564551711,2.64282587007619,0.890530935488641,0.729857242666185,1,0.1,0,1,1,0.25,1.34,0.3,10,0.35,20.6,0.2,0.01,10,0,5,600,300,20,970,15,0.812489345902577,2,410,209,"2018-08-01","2018-09-01",51.55,5.55,1,6.82021419634111,26.6586241673212,124.852457642555
2.61671418067999,72.8077365025694,19.9904218548909,3.53945697797462,0.120976003492251,0.00838068071752787,9.93003532290459,0.476913764374331,0.253700626082718,0,0,0.631172605557367,0.01,0.01,66.7699455610127,10.6541599498596,0.01,"C3",0.64,0.015,2.48,2.83,0.114,15,0.51,0,1,1,0.01,1,500,0.06,1180,1800,1.55,25,0.5,25,45,5.92307742291596,2.10951925197151,0.815435159951448,-0.0229896702803671,1,0.1,0,1,1,0.25,1.34,0.3,10,0.35,20.6,0.2,0.01,10,0,5,600,300,20,970,15,0.0442153678741306,2,410,209,"2018-08-01","2018-09-01",51.55,5.55,1,7.88221016409807,22.0306181791238,98.4262041701004
3.08950705756433,70.7309601988244,21.8422918347642,0.193769722245634,0.072200576402247,0.0353487144690007,45.750605002977,0.62623716914095,0.72777254646644,0,0,0.679630671162158,0.01,0.01,201.295197809231,19.810629021842,0.01,"C3",0.64,0.015,2.48,2.83,0.114,15,0.51,0,1,1,0.01,1,500,0.06,1180,1800,1.55,25,0.5,25,45,1.41982552667614,1.06202000402845,-0.355777425225824,-0.795575406402349,1,0.1,0,1,1,0.25,1.34,0.3,10,0.35,20.6,0.2,0.01,10,0,5,600,300,20,970,15,0.266705582849681,2,410,209,"2018-08-01","2018-09-01",51.55,5.55,1,10.6475411716383,29.2888434359338,132.238840372302
4.12404702859931,79.1993188947157,13.4723852213938,0.427433942910284,0.197691812738776,0.0489748591557145,46.9603208033368,0.925089609576389,0.279971639160067,0,0,0.858011397067457,0.01,0.01,17.3074177746894,7.58862039493397,0.01,"C3",0.64,0.015,2.48,2.83,0.114,15,0.51,0,1,1,0.01,1,500,0.06,1180,1800,1.55,25,0.5,25,45,0.406135890563019,2.03029759356286,-0.79732495220378,0.46245584404096,1,0.1,0,1,1,0.25,1.34,0.3,10,0.35,20.6,0.2,0.01,10,0,5,600,300,20,970,15,0.540503214811906,2,410,209,"2018-08-01","2018-09-01",51.55,5.55,1,10.6327260739636,28.2052897231188,147.742155287415
3.24525029934011,54.073279302323,8.20435041096061,1.19725490198471,0.181463553197682,0.157862167898566,12.1195927262306,0.993821205105633,0.738201815634966,0,0,0.943171493941918,0.01,0.01,20.6767990113003,14.3867540801875,0.01,"C3",0.64,0.015,2.48,2.83,0.114,15,0.51,0,1,1,0.01,1,500,0.06,1180,1800,1.55,25,0.5,25,45,2.851320803212,0.678796810447238,-0.463176475372165,0.284062245860696,1,0.1,0,1,1,0.25,1.34,0.3,10,0.35,20.6,0.2,0.01,10,0,5,600,300,20,970,15,0.0685745913069695,2,410,209,"2018-08-01","2018-09-01",51.55,5.55,1,0.318009605398402,16.0970839415677,33.6392256896943
4.01930329436436,30.0840255029733,14.4572285236791,6.95891174231656,0.103711557900533,0.0347250580321997,24.5078494492918,0.25780774699524,0.0967249411623925,0,0,0.704923557117581,0.01,0.01,70.1168424774078,2.09812203655019,0.01,"C3",0.64,0.015,2.48,2.83,0.114,15,0.51,0,1,1,0.01,1,500,0.06,1180,1800,1.55,25,0.5,25,45,6.17149022591766,4.02932762843557,0.66585890064016,0.0196440946310759,1,0.1,0,1,1,0.25,1.34,0.3,10,0.35,20.6,0.2,0.01,10,0,5,600,300,20,970,15,0.832432674942538,2,410,209,"2018-08-01","2018-09-01",51.55,5.55,1,8.56595163582824,28.1513188895769,19.6645728964359
2.43734449474141,38.3494245200598,8.34688078612089,5.46288752788678,0.098354700487107,0.193883928610012,34.2629888886586,0.786451032850891,0.590096746571362,0,0,0.350324631202966,0.01,0.01,123.937487933261,9.36026566918008,0.01,"C3",0.64,0.015,2.48,2.83,0.114,15,0.51,0,1,1,0.01,1,500,0.06,1180,1800,1.55,25,0.5,25,45,1.10719815182965,1.93367553688586,0.896334895864129,-0.379957628902048,1,0.1,0,1,1,0.25,1.34,0.3,10,0.35,20.6,0.2,0.01,10,0,5,600,300,20,970,15,0.381352040916681,2,410,209,"2018-08-01","2018-09-01",51.55,5.55,1,7.08924477919936,28.8439877622295,20.5781924212351
3.62487096665427,55.9918736947913,3.96239090478048,3.65632942132652,0.0778202981222421,0.0982470574788749,29.2381689464673,0.254680615849793,0.21974030486308,0,0,0.822917953133583,0.01,0.01,214.117013669631,3.68691254174337,0.01,"C3",0.64,0.015,2.48,2.83,0.114,15,0.51,0,1,1,0.01,1,500,0.06,1180,1800,1.55,25,0.5,25,45,5.02536393736955,3.70892887469381,-0.774398872628808,-0.409500488545746,1,0.1,0,1,1,0.25,1.34,0.3,10,0.35,20.6,0.2,0.01,10,0,5,600,300,20,970,15,0.236085870536044,2,410,209,"2018-08-01","2018-09-01",51.55,5.55,1,9.14865580620244,28.8614087901078,170.254118987359
2.29505341826007,33.4104477675096,12.7530948724598,0.309465675847605,0.175724422233179,0.0792798704933375,36.9222790421918,0.438473899615929,0.764375831000507,0,0,0.34857705142349,0.01,0.01,177.049803194124,6.67663802905008,0.01,"C3",0.64,0.015,2.48,2.83,0.114,15,0.51,0,1,1,0.01,1,500,0.06,1180,1800,1.55,25,0.5,25,45,6.02654755357653,4.7751493108226,0.176974600180984,-0.920423142146319,1,0.1,0,1,1,0.25,1.34,0.3,10,0.35,20.6,0.2,0.01,10,0,5,600,300,20,970,15,0.283164836699143,2,410,209,"2018-08-01","2018-09-01",51.55,5.55,1,1.00663907127455,17.2934416669887,173.201932073571
3.28302958211862,37.6946336780704,0.911826553056017,1.89128992985934,0.184495899267495,0.101971914758906,16.2368148285896,0.85710098175332,0.992774090729654,0,0,0.979715398047119,0.01,0.01,104.384013133647,3.28270635707304,0.01,"C3",0.64,0.015,2.48,2.83,0.114,15,0.51,0,1,1,0.01,1,500,0.06,1180,1800,1.55,25,0.5,25,45,0.972367912135087,1.85844893869944,0.706565436907113,-0.708555246703327,1,0.1,0,1,1,0.25,1.34,0.3,10,0.35,20.6,0.2,0.01,10,0,5,600,300,20,970,15,0.809029754018411,2,410,209,"2018-08-01","2018-09-01",51.55,5.55,1,2.45908019249327,15.7642243453301,17.2937034303322
2.94386940146796,48.3416011532155,3.5619506961666,0.804431796073914,0.0543613932561129,0.166877595894039,15.3720695525408,0.692752366187051,0.523061704123393,0,0,0.741273056948557,0.01,0.01,135.115279942751,6.62980276974849,0.01,"C3",0.64,0.015,2.48,2.83,0.114,15,0.51,0,1,1,0.01,1,500,0.06,1180,1800,1.55,25,0.5,25,45,0.609028025204316,4.94415078824386,0.191545420791954,-0.633057565893978,1,0.1,0,1,1,0.25,1.34,0.3,10,0.35,20.6,0.2,0.01,10,0,5,600,300,20,970,15,0.622051655780524,2,410,209,"2018-08-01","2018-09-01",51.55,5.55,1,5.13856936013326,21.3885986676905,4.95475330855697
2.29509819438681,26.7612488480606,4.29818404372782,5.05908013391308,0.169484233809635,0.0112199397757649,47.007613023743,0.33639622759074,0.749279456445947,0,0,0.524533828254789,0.01,0.01,36.4581990608131,1.69067855901085,0.01,"C3",0.64,0.015,2.48,2.83,0.114,15,0.51,0,1,1,0.01,1,500,0.06,1180,1800,1.55,25,0.5,25,45,0.156327365175821,1.20490405790042,0.399198078084737,-0.035940445959568,1,0.1,0,1,1,0.25,1.34,0.3,10,0.35,20.6,0.2,0.01,10,0,5,600,300,20,970,15,0.280173627892509,2,410,209,"2018-08-01","2018-09-01",51.55,5.55,1,2.5436119758524,15.1615042879712,47.7598890149966
3.19377130432986,38.8556903611678,8.099737187149,2.83402597415261,0.0989754125010222,0.0168399770744145,32.8041959227994,0.925457115517929,0.844060315052047,0,0,0.170460817869753,0.01,0.01,127.124655702617,6.08575419313274,0.01,"C3",0.64,0.015,2.48,2.83,0.114,15,0.51,0,1,1,0.01,1,500,0.06,1180,1800,1.55,25,0.5,25,45,5.14127468282823,4.09189526876435,-0.804691050667316,-0.703506638295949,1,0.1,0,1,1,0.25,1.34,0.3,10,0.35,20.6,0.2,0.01,10,0,5,600,300,20,970,15,0.267115380382165,2,410,209,"2018-08-01","2018-09-01",51.55,5.55,1,1.21069566579536,16.6940291016363,24.0350387385115
4.23956466908567,53.8473929348849,8.83932003634982,6.20109052723274,0.125307221291587,0.186529694218189,9.98882516752928,0.43661554902792,0.107991786673665,0,0,0.822114636423066,0.01,0.01,28.7991039866465,12.2665135054849,0.01,"C3",0.64,0.015,2.48,2.83,0.114,15,0.51,0,1,1,0.01,1,500,0.06,1180,1800,1.55,25,0.5,25,45,0.541643770039082,3.01691484067123,0.382996077183634,0.631344977766275,1,0.1,0,1,1,0.25,1.34,0.3,10,0.35,20.6,0.2,0.01,10,0,5,600,300,20,970,15,0.864398872246966,2,410,209,"2018-08-01","2018-09-01",51.55,5.55,1,6.93594679352827,22.5280336209107,78.3266699267551
4.20562316849828,50.5220045065248,21.6625327593647,2.66908611729741,0.0801862911786884,0.19164592474699,58.5469373920932,0.378559147706255,0.334234065143391,0,0,0.431272060144693,0.01,0.01,38.2627755475696,3.60195919219404,0.01,"C3",0.64,0.015,2.48,2.83,0.114,15,0.51,0,1,1,0.01,1,500,0.06,1180,1800,1.55,25,0.5,25,45,1.80498632611707,0.736614488065243,0.546288430690765,0.898518794681877,1,0.1,0,1,1,0.25,1.34,0.3,10,0.35,20.6,0.2,0.01,10,0,5,600,300,20,970,15,0.24156934581697,2,410,209,"2018-08-01","2018-09-01",51.55,5.55,1,13.4626976551954,29.0521959518082,67.0770819392055
2.32249986450188,58.0658066244139,8.91098295687698,2.9943704304751,0.0155504453927279,0.079335839021951,29.3078475259244,0.806299820542336,0.0134663984645158,0,0,0.907911606132984,0.01,0.01,224.401013733645,11.7288277212065,0.01,"C3",0.64,0.015,2.48,2.83,0.114,15,0.51,0,1,1,0.01,1,500,0.06,1180,1800,1.55,25,0.5,25,45,3.54109472150449,2.63824583473615,-0.921668636612594,0.720331065822393,1,0.1,0,1,1,0.25,1.34,0.3,10,0.35,20.6,0.2,0.01,10,0,5,600,300,20,970,15,0.381785683101043,2,410,209,"2018-08-01","2018-09-01",51.55,5.55,1,2.96725163818337,16.3785696518607,125.222727293149
2.46444826922379,19.1911518941998,23.7678816192783,0.277979960897937,0.0332488497719169,0.0995941033121198,9.89375534467399,0.746808576397598,0.576822379603982,0,0,0.290075189899653,0.01,0.01,66.743206664687,11.8179848494474,0.01,"C3",0.64,0.015,2.48,2.83,0.114,15,0.51,0,1,1,0.01,1,500,0.06,1180,1800,1.55,25,0.5,25,45,1.11659713189583,3.97965501388535,0.757457507308573,-0.520891316700727,1,0.1,0,1,1,0.25,1.34,0.3,10,0.35,20.6,0.2,0.01,10,0,5,600,300,20,970,15,0.639712704345584,2,410,209,"2018-08-01","2018-09-01",51.55,5.55,1,3.68253455730155,23.3329316717573,84.7826337860897
4.45692265313119,23.5135857700843,12.060563697014,3.14728375081904,0.00753353196196258,0.0800918369088322,12.8116939309984,0.568171893944964,0.270415135892108,0,0,0.911214902764186,0.01,0.01,187.782836036349,15.5794410931412,0.01,"C3",0.64,0.015,2.48,2.83,0.114,15,0.51,0,1,1,0.01,1,500,0.06,1180,1800,1.55,25,0.5,25,45,3.41069674140308,4.21658951672725,-0.752063849475235,0.821942059323192,1,0.1,0,1,1,0.25,1.34,0.3,10,0.35,20.6,0.2,0.01,10,0,5,600,300,20,970,15,0.254589918302372,2,410,209,"2018-08-01","2018-09-01",51.55,5.55,1,10.2049660915509,26.7277641710825,98.6905100103468
3.35997993056662,27.2621377661771,21.6853756457567,4.86329652322456,0.0761652134824544,0.0435461367480457,42.5910226861015,0.71290762652643,0.512949034105986,0,0,0.166562878759578,0.01,0.01,86.1866657969076,1.01355399098247,0.01,"C3",0.64,0.015,2.48,2.83,0.114,15,0.51,0,1,1,0.01,1,500,0.06,1180,1800,1.55,25,0.5,25,45,6.50306879186537,1.82540844241157,0.524954239372164,0.630801558028907,1,0.1,0,1,1,0.25,1.34,0.3,10,0.35,20.6,0.2,0.01,10,0,5,600,300,20,970,15,0.689998128218576,2,410,209,"2018-08-01","2018-09-01",51.55,5.55,1,4.68815911095589,22.2444758936763,47.6355679985136
4.31194226746447,82.6713684281661,7.94059025356546,5.6589550212957,0.142687609791756,0.149729445157573,6.07355534099042,0.318326104898006,0.686730234883726,0,0,0.997352796141058,0.01,0.01,159.186945694848,18.0150538682938,0.01,"C3",0.64,0.015,2.48,2.83,0.114,15,0.51,0,1,1,0.01,1,500,0.06,1180,1800,1.55,25,0.5,25,45,0.162999346479774,0.858227255055681,0.951213318388909,0.437639987561852,1,0.1,0,1,1,0.25,1.34,0.3,10,0.35,20.6,0.2,0.01,10,0,5,600,300,20,970,15,0.8531405152753,2,410,209,"2018-08-01","2018-09-01",51.55,5.55,1,6.91600515274331,25.1351971901022,1.1134925018996
2.89959810697474,57.5477594604786,8.3866870671045,1.07463398389518,0.0512295767664909,0.130903359828517,8.48708584439009,0.451198136201128,0.141376708867028,0,0,0.663011443102732,0.01,0.01,53.3839058106532,3.30113467480987,0.01,"C3",0.64,0.015,2.48,2.83,0.114,15,0.51,0,1,1,0.01,1,500,0.06,1180,1800,1.55,25,0.5,25,45,3.84386369006243,2.97916926676407,-0.749677903950214,0.455435568466783,1,0.1,0,1,1,0.25,1.34,0.3,10,0.35,20.6,0.2,0.01,10,0,5,600,300,20,970,15,0.873896463541314,2,410,209,"2018-08-01","2018-09-01",51.55,5.55,1,13.3746346458793,25.0332942651585,15.8350742049515
2.720497779781,77.3819969239715,4.0350679832045,3.8675364931114,0.0810455319937319,0.104090561671183,24.570410689339,0.932397242868319,0.612144364975393,0,0,0.613041441887617,0.01,0.01,180.737499996263,1.49366051587276,0.01,"C3",0.64,0.015,2.48,2.83,0.114,15,0.51,0,1,1,0.01,1,500,0.06,1180,1800,1.55,25,0.5,25,45,6.69649497978389,3.65966233296786,-0.00918593071401119,-0.838102214969695,1,0.1,0,1,1,0.25,1.34,0.3,10,0.35,20.6,0.2,0.01,10,0,5,600,300,20,970,15,0.151589524466544,2,410,209,"2018-08-01","2018-09-01",51.55,5.55,1,6.54067788971588,23.0963848507963,128.60229791142
3.47769097262062,46.6349959848779,15.62348814914,3.06043623271398,0.160880227386951,0.0418371974956244,38.2547798054293,0.522546575870365,0.884702193783596,0,0,0.444798610871658,0.01,0.01,194.544095248857,16.9466002900153,0.01,"C3",0.64,0.015,2.48,2.83,0.114,15,0.51,0,1,1,0.01,1,500,0.06,1180,1800,1.55,25,0.5,25,45,4.45079494458623,3.87931432272308,0.853045959025621,-0.573221479542553,1,0.1,0,1,1,0.25,1.34,0.3,10,0.35,20.6,0.2,0.01,10,0,5,600,300,20,970,15,0.85665071522817,2,410,209,"2018-08-01","2018-09-01",51.55,5.55,1,11.8794405134395,29.9678371008486,83.2660371204838
1.95703985053115,58.7744350117323,4.58522890694439,5.10080879298039,0.158985769981518,0.147270929720253,1.4395145047456,0.330218999646604,0.266986340750009,0,0,0.523823945783079,0.01,0.01,239.955604537739,7.42980246338993,0.01,"C3",0.64,0.015,2.48,2.83,0.114,15,0.51,0,1,1,0.01,1,500,0.06,1180,1800,1.55,25,0.5,25,45,3.96138099748641,4.27056464808993,-0.903992475941777,0.392686587292701,1,0.1,0,1,1,0.25,1.34,0.3,10,0.35,20.6,0.2,0.01,10,0,5,600,300,20,970,15,0.134102489799261,2,410,209,"2018-08-01","2018-09-01",51.55,5.55,1,6.81595676578581,22.2420606447849,77.9095459822565
3.21860117465258,50.3851854925074,13.4807063848712,2.95456811110489,0.0771063878200948,0.104013503761962,8.92478805966675,0.74276425386779,0.122529773972929,0,0,0.984978603664786,0.01,0.01,240.220246158948,11.6267167101614,0.01,"C3",0.64,0.015,2.48,2.83,0.114,15,0.51,0,1,1,0.01,1,500,0.06,1180,1800,1.55,25,0.5,25,45,4.08206890716683,4.7819120461354,-0.234131421893835,0.409541672095656,1,0.1,0,1,1,0.25,1.34,0.3,10,0.35,20.6,0.2,0.01,10,0,5,600,300,20,970,15,0.256049329182133,2,410,209,"2018-08-01","2018-09-01",51.55,5.55,1,5.48942414461635,18.8363937812392,17.9126085340977
2.2161780805327,73.1582093313728,4.90427231998183,3.14668479398824,0.149292047182098,0.0334017075132579,15.4501667618752,0.791629075771198,0.24738920875825,0,0,0.600956974551082,0.01,0.01,116.920779126522,3.53925245068967,0.01,"C3",0.64,0.015,2.48,2.83,0.114,15,0.51,0,1,1,0.01,1,500,0.06,1180,1800,1.55,25,0.5,25,45,0.665694951685145,3.51875415979885,-0.161219675093889,-0.0781517354771495,1,0.1,0,1,1,0.25,1.34,0.3,10,0.35,20.6,0.2,0.01,10,0,5,600,300,20,970,15,0.415257916087285,2,410,209,"2018-08-01","2018-09-01",51.55,5.55,1,3.13018431072123,26.056897204835,68.8977978564799
4.38707680930384,53.3091483898088,2.60025510797277,5.29887694725767,0.0934025516267866,0.108106238488108,43.3513425383717,0.489533493062481,0.904075572034344,0,0,0.00223442236892879,0.01,0.01,226.514493871771,14.4981031960342,0.01,"C3",0.64,0.015,2.48,2.83,0.114,15,0.51,0,1,1,0.01,1,500,0.06,1180,1800,1.55,25,0.5,25,45,5.22660396969877,2.99052849842701,0.933732686564326,0.422044430859387,1,0.1,0,1,1,0.25,1.34,0.3,10,0.35,20.6,0.2,0.01,10,0,5,600,300,20,970,15,0.817425114568323,2,410,209,"2018-08-01","2018-09-01",51.55,5.55,1,0.32550502801314,25.0929474458098,55.6682207342237
3.30409717792645,68.2241935354264,8.25660966802388,1.72488404018804,0.0450893475674093,0.0755532269366086,25.8844141149893,0.735786133445799,0.610424941172823,0,0,0.857691285898909,0.01,0.01,168.812666737766,11.6800559822004,0.01,"C3",0.64,0.015,2.48,2.83,0.114,15,0.51,0,1,1,0.01,1,500,0.06,1180,1800,1.55,25,0.5,25,45,1.00437840614468,1.23934847686905,-0.260369154624641,-0.27994347596541,1,0.1,0,1,1,0.25,1.34,0.3,10,0.35,20.6,0.2,0.01,10,0,5,600,300,20,970,15,0.172018626239151,2,410,209,"2018-08-01","2018-09-01",51.55,5.55,1,12.7420599851757,27.0553285907954,108.669118294492
3.04508918174542,57.7416623915279,15.0392040784936,3.31587408576161,0.0407758464571089,0.175764613086358,6.13922700751573,0.367113163694739,0.142655073665082,0,0,0.740627748193219,0.01,0.01,166.200675259519,6.27628129138611,0.01,"C3",0.64,0.015,2.48,2.83,0.114,15,0.51,0,1,1,0.01,1,500,0.06,1180,1800,1.55,25,0.5,25,45,6.5161910177907,1.58403485221788,0.357882636133581,-0.750896417535841,1,0.1,0,1,1,0.25,1.34,0.3,10,0.35,20.6,0.2,0.01,10,0,5,600,300,20,970,15,0.0926289514172822,2,410,209,"2018-08-01","2018-09-01",51.55,5.55,1,11.9805986993015,23.0800280626863,119.463890595362
2.70772002660669,58.9262603327619,17.2602225560695,1.59529555751942,0.0105139586143196,0.173945040116087,23.0234586820006,0.334060621913522,0.706829295260832,0,0,0.837702994467691,0.01,0.01,163.038012810925,16.9091288505588,0.01,"C3",0.64,0.015,2.48,2.83,0.114,15,0.51,0,1,1,0.01,1,500,0.06,1180,1800,1.55,25,0.5,25,45,5.59216560767964,0.951026911381632,0.9320710580796,0.603217490948737,1,0.1,0,1,1,0.25,1.34,0.3,10,0.35,20.6,0.2,0.01,10,0,5,600,300,20,970,15,0.802908530458808,2,410,209,"2018-08-01","2018-09-01",51.55,5.55,1,7.86139599164017,27.9552031634375,173.327050795779
4.14073962369002,36.4299370916313,5.12216146453284,3.1259459014982,0.117038782173768,0.0570992031600326,30.4901301674545,0.276259404607117,0.163029359886423,0,0,0.205731525784358,0.01,0.01,113.638298301899,18.4926511177327,0.01,"C3",0.64,0.015,2.48,2.83,0.114,15,0.51,0,1,1,0.01,1,500,0.06,1180,1800,1.55,25,0.5,25,45,3.72063074219041,4.00031192507595,0.322794321458787,0.531621987465769,1,0.1,0,1,1,0.25,1.34,0.3,10,0.35,20.6,0.2,0.01,10,0,5,600,300,20,970,15,0.563576557440683,2,410,209,"2018-08-01","2018-09-01",51.55,5.55,1,5.31667160801589,23.5182163235731,152.737105689012
2.59227559436113,52.2001824687945,10.3756369557232,6.32430017669685,0.19349831235595,0.0600317706353962,31.1748452670872,0.994749992387369,0.998204135103151,0,0,0.621999149676412,0.01,0.01,128.896764735808,13.2928964812309,0.01,"C3",0.64,0.015,2.48,2.83,0.114,15,0.51,0,1,1,0.01,1,500,0.06,1180,1800,1.55,25,0.5,25,45,2.31828862300608,4.32087828963995,0.0199253377504647,0.0962110529653728,1,0.1,0,1,1,0.25,1.34,0.3,10,0.35,20.6,0.2,0.01,10,0,5,600,300,20,970,15,0.400975196855143,2,410,209,"2018-08-01","2018-09-01",51.55,5.55,1,5.79240211984143,22.4286437372211,141.226323852316
2.3647178420797,53.335625767085,3.61075903056189,6.65708022029139,0.0106975792907178,0.0707407402340323,54.6054661413655,0.614459839183837,0.805350266862661,0,0,0.387351302430034,0.01,0.01,179.63531605422,8.27821406559087,0.01,"C3",0.64,0.015,2.48,2.83,0.114,15,0.51,0,1,1,0.01,1,500,0.06,1180,1800,1.55,25,0.5,25,45,6.23368719187565,4.07221079140436,0.955322043038905,-0.0043400707654655,1,0.1,0,1,1,0.25,1.34,0.3,10,0.35,20.6,0.2,0.01,10,0,5,600,300,20,970,15,0.0234466909896582,2,410,209,"2018-08-01","2018-09-01",51.55,5.55,1,3.60181362717412,28.013731992105,155.623019719496
2.01193570531905,47.4644368041539,5.18893962725997,4.10237561445683,0.14360483395867,0.0926236786413938,10.3509032540023,0.391740752151236,0.421052885241807,0,0,0.679907004116103,0.01,0.01,101.285909305967,9.8773634894751,0.01,"C3",0.64,0.015,2.48,2.83,0.114,15,0.51,0,1,1,0.01,1,500,0.06,1180,1800,1.55,25,0.5,25,45,6.46453878120519,4.90872780617792,0.942791499197483,-0.399000173900276,1,0.1,0,1,1,0.25,1.34,0.3,10,0.35,20.6,0.2,0.01,10,0,5,600,300,20,970,15,0.0160848731175065,2,410,209,"2018-08-01","2018-09-01",51.55,5.55,1,12.627186155878,16.7827406711876,71.4785417122766
2.01651523914188,49.7980465609508,19.1482250054833,4.51510106981732,0.000317905796691775,0.109867961145937,24.7183453571051,0.478060469031334,0.467424776637927,0,0,0.138120824471116,0.01,0.01,54.380813701544,14.7088284390047,0.01,"C3",0.64,0.015,2.48,2.83,0.114,15,0.51,0,1,1,0.01,1,500,0.06,1180,1800,1.55,25,0.5,25,45,0.165225165267475,4.17632384295575,0.773081307299435,-0.189227784983814,1,0.1,0,1,1,0.25,1.34,0.3,10,0.35,20.6,0.2,0.01,10,0,5,600,300,20,970,15,0.657152566825971,2,410,209,"2018-08-01","2018-09-01",51.55,5.55,1,4.42285941098817,23.7056332372595,147.34744857531
2.94612781656906,23.1408497864066,12.0406793022994,6.60251015983522,0.197937870072201,0.0957481402438134,24.9711212608963,0.0428385632112622,0.389925384428352,0,0,0.835570042487234,0.01,0.01,103.515682197001,7.82587044592947,0.01,"C3",0.64,0.015,2.48,2.83,0.114,15,0.51,0,1,1,0.01,1,500,0.06,1180,1800,1.55,25,0.5,25,45,1.19617366583552,1.01583985297475,0.268748723901808,-0.145616737194359,1,0.1,0,1,1,0.25,1.34,0.3,10,0.35,20.6,0.2,0.01,10,0,5,600,300,20,970,15,0.635260502574965,2,410,209,"2018-08-01","2018-09-01",51.55,5.55,1,8.61861087963916,22.8394018183462,77.6312185591087
2.25889478554018,37.1263778820792,5.98734439117834,5.13474700879306,0.193990640714765,0.163048087060452,27.4580073729157,0.355043864576146,0.0325048887170851,0,0,0.718503117794171,0.01,0.01,151.412487382942,10.6036389279179,0.01,"C3",0.64,0.015,2.48,2.83,0.114,15,0.51,0,1,1,0.01,1,500,0.06,1180,1800,1.55,25,0.5,25,45,5.17626465647481,4.43140183121432,0.354978992603719,-0.624016758054495,1,0.1,0,1,1,0.25,1.34,0.3,10,0.35,20.6,0.2,0.01,10,0,5,600,300,20,970,15,0.141539410687983,2,410,209,"2018-08-01","2018-09-01",51.55,5.55,1,1.97200119495392,22.0290011598263,70.4676113091409
2.14876436884515,29.3038397802948,19.9100330180954,6.65181012544781,0.139925505593419,0.0363886202219874,2.16203015763313,0.429180457256734,0.660358069697395,0,0,0.0597908115014434,0.01,0.01,117.46645281394,10.8553145257756,0.01,"C3",0.64,0.015,2.48,2.83,0.114,15,0.51,0,1,1,0.01,1,500,0.06,1180,1800,1.55,25,0.5,25,45,4.76738545256667,3.44256996794138,-0.745361231733114,-0.367107260972261,1,0.1,0,1,1,0.25,1.34,0.3,10,0.35,20.6,0.2,0.01,10,0,5,600,300,20,970,15,0.370591747807339,2,410,209,"2018-08-01","2018-09-01",51.55,5.55,1,13.9347911335062,26.6427517659031,89.3924226192757
3.52312916424125,56.0808407005627,11.068274686113,4.77799271978438,0.155110690323636,0.194198663672432,55.1921344874427,0.570084170205519,0.933634667424485,0,0,0.912357754074037,0.01,0.01,141.851660507964,13.9972218112089,0.01,"C3",0.64,0.015,2.48,2.83,0.114,15,0.51,0,1,1,0.01,1,500,0.06,1180,1800,1.55,25,0.5,25,45,4.68019920652732,3.26126765890513,-0.568169752135873,-0.138182520866394,1,0.1,0,1,1,0.25,1.34,0.3,10,0.35,20.6,0.2,0.01,10,0,5,600,300,20,970,15,0.470578886801377,2,410,209,"2018-08-01","2018-09-01",51.55,5.55,1,1.16948577342555,24.3578374979552,7.1181804779917
1.64299088227563,44.1103642729645,4.24874546588399,1.80886034667492,0.08952118284069,0.127409000508487,45.1703580329195,0.628109013196081,0.258065453264862,0,0,0.904956290498376,0.01,0.01,100.962664820428,16.2620948979165,0.01,"C3",0.64,0.015,2.48,2.83,0.114,15,0.51,0,1,1,0.01,1,500,0.06,1180,1800,1.55,25,0.5,25,45,6.03878105434123,1.1777912749676,0.224935022182763,0.288497783709317,1,0.1,0,1,1,0.25,1.34,0.3,10,0.35,20.6,0.2,0.01,10,0,5,600,300,20,970,15,0.240471721626818,2,410,209,"2018-08-01","2018-09-01",51.55,5.55,1,0.323917987989262,21.256626737304,19.9231564952061
3.60255926242098,46.3962502456708,4.12747217342257,5.01350666256621,0.147439458128065,0.188639298640192,58.7483820738271,0.219741384498775,0.0064136628061533,0,0,0.687618868658319,0.01,0.01,3.1211027794634,7.25940229580738,0.01,"C3",0.64,0.015,2.48,2.83,0.114,15,0.51,0,1,1,0.01,1,500,0.06,1180,1800,1.55,25,0.5,25,45,4.04522740924731,1.27747843647376,0.632748695090413,-0.722012583166361,1,0.1,0,1,1,0.25,1.34,0.3,10,0.35,20.6,0.2,0.01,10,0,5,600,300,20,970,15,0.607970387209207,2,410,209,"2018-08-01","2018-09-01",51.55,5.55,1,2.33562951441854,18.5653793346137,10.6487950030714
2.55566591536626,54.5879099141693,24.2162381066009,3.4299044944346,0.135537017462775,0.10408340045251,53.1175427511334,0.845959543483332,0.822118812939152,0,0,0.177000559400767,0.01,0.01,49.9096042073797,16.545385396108,0.01,"C3",0.64,0.015,2.48,2.83,0.114,15,0.51,0,1,1,0.01,1,500,0.06,1180,1800,1.55,25,0.5,25,45,1.53837994332425,1.36020983976778,-0.338489074259996,-0.812981809023768,1,0.1,0,1,1,0.25,1.34,0.3,10,0.35,20.6,0.2,0.01,10,0,5,600,300,20,970,15,0.598428626311943,2,410,209,"2018-08-01","2018-09-01",51.55,5.55,1,1.95030536153354,19.7461912804283,98.1973055005074
2.72683199378662,58.8059788393082,13.0576740659308,6.36427599308081,0.00253185015171766,0.16630732822232,59.6092718839645,0.211155138444155,0.244303527055308,0,0,0.180922124534845,0.01,0.01,242.787220713275,17.9717814303003,0.01,"C3",0.64,0.015,2.48,2.83,0.114,15,0.51,0,1,1,0.01,1,500,0.06,1180,1800,1.55,25,0.5,25,45,3.89892714393791,2.98845326388255,0.557937826029956,-0.0191390016116202,1,0.1,0,1,1,0.25,1.34,0.3,10,0.35,20.6,0.2,0.01,10,0,5,600,300,20,970,15,0.0668240336235613,2,410,209,"2018-08-01","2018-09-01",51.55,5.55,1,12.9093979205936,29.5440701488405,135.615084338933
3.96285397186875,54.612672809989,13.0633318214677,6.54044263972901,0.107272488623858,0.194212959660217,22.518919184804,0.761026651831344,0.0983588185627013,0,0,0.588394931284711,0.01,0.01,176.117476034735,13.4107496850193,0.01,"C3",0.64,0.015,2.48,2.83,0.114,15,0.51,0,1,1,0.01,1,500,0.06,1180,1800,1.55,25,0.5,25,45,4.49247840135358,4.01541560329497,0.548812209162861,0.330025551840663,1,0.1,0,1,1,0.25,1.34,0.3,10,0.35,20.6,0.2,0.01,10,0,5,600,300,20,970,15,0.827092610066757,2,410,209,"2018-08-01","2018-09-01",51.55,5.55,1,10.245708245784,22.7293214877136,50.3573980601504
4.25657204445451,40.7202551406797,17.2190702520311,3.34061775519513,0.150167597597465,0.00570305031724274,20.8157304720953,0.915211791172624,0.0642128582112491,0,0,0.946788043016568,0.01,0.01,23.5569168786169,6.74478144408204,0.01,"C3",0.64,0.015,2.48,2.83,0.114,15,0.51,0,1,1,0.01,1,500,0.06,1180,1800,1.55,25,0.5,25,45,2.33291454629507,0.675603885785677,-0.392159191891551,-0.105611566454172,1,0.1,0,1,1,0.25,1.34,0.3,10,0.35,20.6,0.2,0.01,10,0,5,600,300,20,970,15,0.815355299506336,2,410,209,"2018-08-01","2018-09-01",51.55,5.55,1,2.2191316599492,29.5280953450128,2.00072856154293
2.34758499031886,69.3453452033583,19.7020047111437,3.08061134302989,0.0040690244641155,0.0351403318345547,46.6876319143921,0.287146794376895,0.555627989815548,0,0,0.9592623738572,0.01,0.01,169.713333625114,17.4916984664742,0.01,"C3",0.64,0.015,2.48,2.83,0.114,15,0.51,0,1,1,0.01,1,500,0.06,1180,1800,1.55,25,0.5,25,45,1.72919146115892,1.18047269294038,0.162407301366329,0.661740899085999,1,0.1,0,1,1,0.25,1.34,0.3,10,0.35,20.6,0.2,0.01,10,0,5,600,300,20,970,15,0.820945104118437,2,410,209,"2018-08-01","2018-09-01",51.55,5.55,1,4.43340174620971,22.1500123408623,68.3356720162556
4.38331438112073,10.1692364791396,17.3089495045133,4.17155796755105,0.139680695906281,0.165652667917311,8.74088579323143,0.189062561141327,0.28502852213569,0,0,0.434973164461553,0.01,0.01,1.82708221575012,19.9597460899968,0.01,"C3",0.64,0.015,2.48,2.83,0.114,15,0.51,0,1,1,0.01,1,500,0.06,1180,1800,1.55,25,0.5,25,45,1.93965914018918,4.43792164116167,-0.173475093208253,-0.193768059834838,1,0.1,0,1,1,0.25,1.34,0.3,10,0.35,20.6,0.2,0.01,10,0,5,600,300,20,970,15,0.863567226100713,2,410,209,"2018-08-01","2018-09-01",51.55,5.55,1,5.59530329774134,18.192951392848,138.754170024768
3.68518328480422,54.3387268828877,21.9857553835027,4.94569896184839,0.170350022614002,0.124812417849898,30.1851959852502,0.983132239896804,0.0263807056471705,0,0,0.592123529175296,0.01,0.01,65.3253067470505,10.8831103970297,0.01,"C3",0.64,0.015,2.48,2.83,0.114,15,0.51,0,1,1,0.01,1,500,0.06,1180,1800,1.55,25,0.5,25,45,6.53548279355746,1.15493524051271,-0.244710680097342,-0.426972397137433,1,0.1,0,1,1,0.25,1.34,0.3,10,0.35,20.6,0.2,0.01,10,0,5,600,300,20,970,15,0.446297179209068,2,410,209,"2018-08-01","2018-09-01",51.55,5.55,1,11.135410167044,18.6375870241318,124.373133815825
3.55912524601445,51.9380846740211,3.52824063156731,6.82891887659207,0.0938102454412729,0.1548802645877,44.5515943877399,0.62391830352135,0.535332332132384,0,0,0.570928564993665,0.01,0.01,125.340945865144,9.2794350059703,0.01,"C3",0.64,0.015,2.48,2.83,0.114,15,0.51,0,1,1,0.01,1,500,0.06,1180,1800,1.55,25,0.5,25,45,6.05734597744886,3.62054686900228,-0.216793978121132,0.734592352062464,1,0.1,0,1,1,0.25,1.34,0.3,10,0.35,20.6,0.2,0.01,10,0,5,600,300,20,970,15,0.609248641645536,2,410,209,"2018-08-01","2018-09-01",51.55,5.55,1,10.5001964920666,15.4424135643058,91.4409196050838
1.65853182831779,52.8724646932549,6.63113179034553,3.26082543190569,0.0520095260348171,0.153335926681757,12.0838506007567,0.953839255962521,0.714554545469582,0,0,0.249425096204504,0.01,0.01,72.0165105073247,18.6512150533963,0.01,"C3",0.64,0.015,2.48,2.83,0.114,15,0.51,0,1,1,0.01,1,500,0.06,1180,1800,1.55,25,0.5,25,45,4.92728017407935,4.27667814528104,0.940119296312332,-0.709312735591084,1,0.1,0,1,1,0.25,1.34,0.3,10,0.35,20.6,0.2,0.01,10,0,5,600,300,20,970,15,0.761194411898032,2,410,209,"2018-08-01","2018-09-01",51.55,5.55,1,9.78629371966235,20.1988561707549,97.1081125549972
2.68566040392034,49.8369569534893,22.3952939908486,2.08629875117913,0.159065041365102,0.0485304086934775,40.1060917926952,0.166425674920902,0.369363056961447,0,0,0.480364564806223,0.01,0.01,136.035184550041,11.45349791646,0.01,"C3",0.64,0.015,2.48,2.83,0.114,15,0.51,0,1,1,0.01,1,500,0.06,1180,1800,1.55,25,0.5,25,45,3.03915764333215,3.91494803526439,-0.899776586797088,-0.464154633227736,1,0.1,0,1,1,0.25,1.34,0.3,10,0.35,20.6,0.2,0.01,10,0,5,600,300,20,970,15,0.108382598031312,2,410,209,"2018-08-01","2018-09-01",51.55,5.55,1,10.0811671034899,29.6176930039655,174.995795893483
2.93353613954969,78.416336271697,8.84776142193004,5.78516300953925,0.0850322200451046,0.0478328655008227,26.6271667415276,0.298313395353034,0.411377411568537,0,0,0.340264073805884,0.01,0.01,160.300744485168,4.00612175394781,0.01,"C3",0.64,0.015,2.48,2.83,0.114,15,0.51,0,1,1,0.01,1,500,0.06,1180,1800,1.55,25,0.5,25,45,4.51351955169812,1.92119557561819,-0.754628149326891,-0.647814445197582,1,0.1,0,1,1,0.25,1.34,0.3,10,0.35,20.6,0.2,0.01,10,0,5,600,300,20,970,15,0.237590960692614,2,410,209,"2018-08-01","2018-09-01",51.55,5.55,1,3.69003178901039,25.4991300764959,57.9625117918476
3.18075979105197,77.1733153754006,23.3069426729344,6.31154802069068,0.173752865102142,0.0572121234145015,54.0384143823758,0.408809039043263,0.281343792099506,0,0,0.414571538567543,0.01,0.01,124.578976835823,6.08405078039505,0.01,"C3",0.64,0.015,2.48,2.83,0.114,15,0.51,0,1,1,0.01,1,500,0.06,1180,1800,1.55,25,0.5,25,45,6.18092935159802,3.0379462626297,0.502397115342319,-0.105272614397109,1,0.1,0,1,1,0.25,1.34,0.3,10,0.35,20.6,0.2,0.01,10,0,5,600,300,20,970,15,0.0688147293403745,2,410,209,"2018-08-01","2018-09-01",51.55,5.55,1,0.384706923505291,25.3314340033103,89.2350081307814
3.59478478459641,65.0325811318255,8.17811980377883,4.29835338005796,0.125769651541486,0.0152960794977844,17.6047600060701,0.0498578699771315,0.937920010183007,0,0,0.478970108320937,0.01,0.01,187.864241822273,12.5482161401305,0.01,"C3",0.64,0.015,2.48,2.83,0.114,15,0.51,0,1,1,0.01,1,500,0.06,1180,1800,1.55,25,0.5,25,45,4.52840782960411,2.31029332871549,-0.788414551876485,0.453762918245047,1,0.1,0,1,1,0.25,1.34,0.3,10,0.35,20.6,0.2,0.01,10,0,5,600,300,20,970,15,0.111021419521421,2,410,209,"2018-08-01","2018-09-01",51.55,5.55,1,14.4209986645728,27.3761644412298,135.719405505806
4.24705061526038,42.4965849387827,16.1348111461848,1.90329656307586,0.0902769446372986,0.0170952276326716,33.5821117507294,0.651865667430684,0.434945929562673,0,0,0.532269912771881,0.01,0.01,139.306340575509,15.5963608745951,0.01,"C3",0.64,0.015,2.48,2.83,0.114,15,0.51,0,1,1,0.01,1,500,0.06,1180,1800,1.55,25,0.5,25,45,2.51086524496786,0.537782685831189,-0.863409763667732,0.612328593619168,1,0.1,0,1,1,0.25,1.34,0.3,10,0.35,20.6,0.2,0.01,10,0,5,600,300,20,970,15,0.0663516626227647,2,410,209,"2018-08-01","2018-09-01",51.55,5.55,1,13.9213732921053,16.1966632667463,2.88569576572627
3.35505368211307,35.6951562555441,13.0335715482943,3.03107419540174,0.10400482872501,0.11339127542451,1.71351706143469,0.222915646154433,0.142688359832391,0,0,0.155627555446699,0.01,0.01,217.153751622012,1.66211232589558,0.01,"C3",0.64,0.015,2.48,2.83,0.114,15,0.51,0,1,1,0.01,1,500,0.06,1180,1800,1.55,25,0.5,25,45,1.07011543000117,2.72338583029341,-0.542785584926605,-0.698206013999879,1,0.1,0,1,1,0.25,1.34,0.3,10,0.35,20.6,0.2,0.01,10,0,5,600,300,20,970,15,0.923963202629238,2,410,209,"2018-08-01","2018-09-01",51.55,5.55,1,11.9334064680152,27.3816697660368,123.638846282847
2.78526452626102,85.582053337029,14.0641635167412,6.69465984590352,0.194826557813212,0.0989989229943603,33.8329295581207,0.156358635285869,0.606098808115348,0,0,0.151375305838883,0.01,0.01,30.1672540379222,11.9232207937166,0.01,"C3",0.64,0.015,2.48,2.83,0.114,15,0.51,0,1,1,0.01,1,500,0.06,1180,1800,1.55,25,0.5,25,45,1.17236479758285,1.71965619863477,0.270249919034541,0.81349028646946,1,0.1,0,1,1,0.25,1.34,0.3,10,0.35,20.6,0.2,0.01,10,0,5,600,300,20,970,15,0.327682149829343,2,410,209,"2018-08-01","2018-09-01",51.55,5.55,1,8.55922832968645,18.1308263505343,143.12386917416
3.12624110165052,49.724931670492,12.4703227949794,3.56510073528625,0.136704002832994,0.0550769104622304,34.3022968433797,0.720994951436296,0.113438057247549,0,0,0.490146431606263,0.01,0.01,203.867745798489,13.9215873358771,0.01,"C3",0.64,0.015,2.48,2.83,0.114,15,0.51,0,1,1,0.01,1,500,0.06,1180,1800,1.55,25,0.5,25,45,4.58605235938448,1.67924585216679,-0.250463690143079,0.738744247239083,1,0.1,0,1,1,0.25,1.34,0.3,10,0.35,20.6,0.2,0.01,10,0,5,600,300,20,970,15,0.904535252833739,2,410,209,"2018-08-01","2018-09-01",51.55,5.55,1,3.39919446967542,19.5468724134844,116.399230719544
1.67543546576053,15.9684039467919,13.2706154254265,1.76838547131047,0.167702494934201,0.107221341691911,56.0973880486563,0.724091191776097,0.196065386058763,0,0,0.875588167691603,0.01,0.01,181.017848085088,15.0104827650357,0.01,"C3",0.64,0.015,2.48,2.83,0.114,15,0.51,0,1,1,0.01,1,500,0.06,1180,1800,1.55,25,0.5,25,45,6.48933235201985,4.22374025767203,-0.878027593716979,-0.0830201082862914,1,0.1,0,1,1,0.25,1.34,0.3,10,0.35,20.6,0.2,0.01,10,0,5,600,300,20,970,15,0.457496996037662,2,410,209,"2018-08-01","2018-09-01",51.55,5.55,1,12.6190674025565,17.2742044448387,155.359233766794
2.28257057117298,37.0977208628042,9.57842581556179,2.87234528944828,0.0789577590767294,0.102801381237805,40.4294528905302,0.263795843347907,0.908129753312096,0,0,0.467413662234321,0.01,0.01,241.9359018135,1.1667423765175,0.01,"C3",0.64,0.015,2.48,2.83,0.114,15,0.51,0,1,1,0.01,1,500,0.06,1180,1800,1.55,25,0.5,25,45,6.7417239341652,3.79191380855627,-0.75714721949771,-0.949315676931292,1,0.1,0,1,1,0.25,1.34,0.3,10,0.35,20.6,0.2,0.01,10,0,5,600,300,20,970,15,0.437236494617537,2,410,209,"2018-08-01","2018-09-01",51.55,5.55,1,3.48604520084336,18.1100544752553,156.577057451941
2.69145585992374,54.1841616487426,15.040533139836,1.45401099300943,0.177919312240556,0.00795075646601617,33.860606267117,0.58664195262827,0.0189999325666577,0,0,0.740966806653887,0.01,0.01,229.140886944777,15.4804687998258,0.01,"C3",0.64,0.015,2.48,2.83,0.114,15,0.51,0,1,1,0.01,1,500,0.06,1180,1800,1.55,25,0.5,25,45,3.27932375897653,2.26471890741959,0.661136687733233,0.0520279784686863,1,0.1,0,1,1,0.25,1.34,0.3,10,0.35,20.6,0.2,0.01,10,0,5,600,300,20,970,15,0.638002165127546,2,410,209,"2018-08-01","2018-09-01",51.55,5.55,1,2.61456187348813,23.2842410949524,61.3470936566591
2.09323421004228,62.7898399580107,6.57951856264845,3.5251444245223,0.00510818301700056,0.0855139461345971,10.1912668626755,0.786109380656853,0.547909947345033,0,0,0.413476836169139,0.01,0.01,29.5240289609646,8.36759136547334,0.01,"C3",0.64,0.015,2.48,2.83,0.114,15,0.51,0,1,1,0.01,1,500,0.06,1180,1800,1.55,25,0.5,25,45,2.74367623555008,2.66684206470381,0.544444562401623,-0.522921635769308,1,0.1,0,1,1,0.25,1.34,0.3,10,0.35,20.6,0.2,0.01,10,0,5,600,300,20,970,15,0.896122408797964,2,410,209,"2018-08-01","2018-09-01",51.55,5.55,1,9.3999919120688,15.3563030110672,56.0849729832262
3.99578268849291,57.3222876586344,16.16747485823,5.94994980888441,0.0752672346774489,0.011380085721612,45.1472915243357,0.375771183520555,0.177263044985011,0,0,0.531415503006428,0.01,0.01,50.8020956324763,5.19861957058311,0.01,"C3",0.64,0.015,2.48,2.83,0.114,15,0.51,0,1,1,0.01,1,500,0.06,1180,1800,1.55,25,0.5,25,45,6.22893385412172,4.09421204042155,0.589138630311936,0.728290565311909,1,0.1,0,1,1,0.25,1.34,0.3,10,0.35,20.6,0.2,0.01,10,0,5,600,300,20,970,15,0.786899976665154,2,410,209,"2018-08-01","2018-09-01",51.55,5.55,1,4.9049039860256,20.8729048550595,69.1200184123591
1.95866166846827,62.1074133786067,16.6513905336615,0.154642498120666,0.13686006446369,0.0773585055489093,18.245391016826,0.15688002621755,0.0394434875342995,0,0,0.650920214364305,0.01,0.01,164.165543320647,11.0955593623221,0.01,"C3",0.64,0.015,2.48,2.83,0.114,15,0.51,0,1,1,0.01,1,500,0.06,1180,1800,1.55,25,0.5,25,45,6.16524725598283,2.70468217390589,-0.508065461181104,-0.714100920595229,1,0.1,0,1,1,0.25,1.34,0.3,10,0.35,20.6,0.2,0.01,10,0,5,600,300,20,970,15,0.690481019439176,2,410,209,"2018-08-01","2018-09-01",51.55,5.55,1,0.407018418191001,16.0451156634372,11.899890108034
3.91025562607683,79.6806186311257,13.8603722851258,5.82897315686569,0.0895678122993559,0.113851574575529,41.159441540949,0.596952395979315,0.0284318022895604,0,0,0.827774111181498,0.01,0.01,155.322336221172,16.1156409068499,0.01,"C3",0.64,0.015,2.48,2.83,0.114,15,0.51,0,1,1,0.01,1,500,0.06,1180,1800,1.55,25,0.5,25,45,0.851919875270687,1.2839847819414,0.938856760039926,0.250907015055418,1,0.1,0,1,1,0.25,1.34,0.3,10,0.35,20.6,0.2,0.01,10,0,5,600,300,20,970,15,0.302061049733311,2,410,209,"2018-08-01","2018-09-01",51.55,5.55,1,5.90985402697697,28.7310374819208,118.236992619932
3.14047846966423,71.6955017972129,7.70529030123726,1.78684785193764,0.0427159619517624,0.0267310705967247,7.33286880422384,0.106353268958628,0.759150193771347,0,0,0.471933066146448,0.01,0.01,245.785003408615,14.1723793849815,0.01,"C3",0.64,0.015,2.48,2.83,0.114,15,0.51,0,1,1,0.01,1,500,0.06,1180,1800,1.55,25,0.5,25,45,1.5781533771893,4.07498493522871,-0.174192542210221,-0.00874652480706573,1,0.1,0,1,1,0.25,1.34,0.3,10,0.35,20.6,0.2,0.01,10,0,5,600,300,20,970,15,0.936066853580996,2,410,209,"2018-08-01","2018-09-01",51.55,5.55,1,5.4045526322443,18.6794864817057,128.140134774148
3.48695292603225,39.3413052535305,18.5846781590953,4.96598731493577,0.0356223287526518,0.0304475117009133,28.9358472498134,0.529910477809608,0.737396242562681,0,0,0.110825681360438,0.01,0.01,98.7635358108091,3.22386126336642,0.01,"C3",0.64,0.015,2.48,2.83,0.114,15,0.51,0,1,1,0.01,1,500,0.06,1180,1800,1.55,25,0.5,25,45,4.51460397487972,3.20829425088596,-0.764310109429061,0.259980075526983,1,0.1,0,1,1,0.25,1.34,0.3,10,0.35,20.6,0.2,0.01,10,0,5,600,300,20,970,15,0.86457157577388,2,410,209,"2018-08-01","2018-09-01",51.55,5.55,1,11.1426446260884,29.5300987281371,108.145665382035
2.01509548164904,32.4948904500897,21.1762442369945,4.64346900233068,0.136103669647127,0.060133059322834,5.20886848680675,0.731996628222987,0.203625001711771,0,0,0.319042117567733,0.01,0.01,241.883152277442,6.24261684832163,0.01,"C3",0.64,0.015,2.48,2.83,0.114,15,0.51,0,1,1,0.01,1,500,0.06,1180,1800,1.55,25,0.5,25,45,0.279991600872017,3.01888961077202,-0.574732332024723,-0.651184316258878,1,0.1,0,1,1,0.25,1.34,0.3,10,0.35,20.6,0.2,0.01,10,0,5,600,300,20,970,15,0.485405266750604,2,410,209,"2018-08-01","2018-09-01",51.55,5.55,1,5.10810415260494,28.3023609593511,167.180400788784
3.39916607947089,62.7591273482176,9.21306762611493,4.25352095114067,0.13162630777806,0.0764774993527681,17.7834135526791,0.200552314752713,0.969269083114341,0,0,0.861067732563242,0.01,0.01,119.33439035184,11.6579360933974,0.01,"C3",0.64,0.015,2.48,2.83,0.114,15,0.51,0,1,1,0.01,1,500,0.06,1180,1800,1.55,25,0.5,25,45,2.69519417388365,1.81326550489757,0.660371620673686,-0.205165762454271,1,0.1,0,1,1,0.25,1.34,0.3,10,0.35,20.6,0.2,0.01,10,0,5,600,300,20,970,15,0.355777645017952,2,410,209,"2018-08-01","2018-09-01",51.55,5.55,1,1.66539067751728,27.2771749226376,88.9695942029357
2.43560924031772,51.1203346654992,11.0310874064453,4.32058525760658,0.0842131026554853,0.0398937097750604,7.76986747048795,0.540592527715489,0.656360680237412,0,0,0.317033590981737,0.01,0.01,77.9638155075954,6.44539312971756,0.01,"C3",0.64,0.015,2.48,2.83,0.114,15,0.51,0,1,1,0.01,1,500,0.06,1180,1800,1.55,25,0.5,25,45,1.62287400092464,3.51647698110901,0.486190927680582,0.539016668684781,1,0.1,0,1,1,0.25,1.34,0.3,10,0.35,20.6,0.2,0.01,10,0,5,600,300,20,970,15,0.604492778657004,2,410,209,"2018-08-01","2018-09-01",51.55,5.55,1,5.87384629994631,16.5351357241161,123.116726721637
3.67366303922608,62.659214260629,21.7655955522787,4.16888918052427,0.120822889450938,0.16864095046185,22.071118382737,0.0811971738003194,0.126008925493807,0,0,0.583947213599458,0.01,0.01,208.972332685371,16.5663077891804,0.01,"C3",0.64,0.015,2.48,2.83,0.114,15,0.51,0,1,1,0.01,1,500,0.06,1180,1800,1.55,25,0.5,25,45,6.82510207414161,1.66153540939558,-0.17056391062215,0.0795121733099222,1,0.1,0,1,1,0.25,1.34,0.3,10,0.35,20.6,0.2,0.01,10,0,5,600,300,20,970,15,0.0667092395015061,2,410,209,"2018-08-01","2018-09-01",51.55,5.55,1,4.73859043093398,22.3729996068869,93.9657638780773
2.69681947398931,40.9637412748555,10.2211910590995,4.73810489871539,0.0801310383714736,0.0620971729513258,28.2674808287993,0.367354951566085,0.852867129957303,0,0,0.289255978073925,0.01,0.01,149.268129084026,10.8654714722652,0.01,"C3",0.64,0.015,2.48,2.83,0.114,15,0.51,0,1,1,0.01,1,500,0.06,1180,1800,1.55,25,0.5,25,45,0.299128714250401,0.856459818664007,0.685771997086704,0.884727697819471,1,0.1,0,1,1,0.25,1.34,0.3,10,0.35,20.6,0.2,0.01,10,0,5,600,300,20,970,15,0.566175825893879,2,410,209,"2018-08-01","2018-09-01",51.55,5.55,1,14.9226351594552,17.775738456985,69.0711787389591
4.40806923341006,38.351966507895,12.1242572844494,6.86034252820536,0.107273270795122,0.0670172556769103,1.54055837541819,0.542261095251888,0.187960910378024,0,0,0.692595562897623,0.01,0.01,152.644158991694,2.05929844151251,0.01,"C3",0.64,0.015,2.48,2.83,0.114,15,0.51,0,1,1,0.01,1,500,0.06,1180,1800,1.55,25,0.5,25,45,6.34112425993662,2.41829088737722,0.17097982717678,0.00577720673754811,1,0.1,0,1,1,0.25,1.34,0.3,10,0.35,20.6,0.2,0.01,10,0,5,600,300,20,970,15,0.76222863397561,2,410,209,"2018-08-01","2018-09-01",51.55,5.55,1,11.0110286925919,28.0221875198185,175.738187427633
4.40219511184841,56.060913904509,12.5927976914681,5.86307495879009,0.169428481254727,0.136664246255532,26.2036529928446,0.446261465083808,0.489108694018796,0,0,0.288376042386517,0.01,0.01,160.850913237606,6.39242820697837,0.01,"C3",0.64,0.015,2.48,2.83,0.114,15,0.51,0,1,1,0.01,1,500,0.06,1180,1800,1.55,25,0.5,25,45,1.8010024060728,2.62367277708836,0.118885975331068,0.426877446472645,1,0.1,0,1,1,0.25,1.34,0.3,10,0.35,20.6,0.2,0.01,10,0,5,600,300,20,970,15,0.593833958730102,2,410,209,"2018-08-01","2018-09-01",51.55,5.55,1,5.24231198010966,15.6524620391428,148.322209138423
3.68010761705227,45.8110314345452,0.98925840575248,0.531968190101907,0.0496069284621626,0.110111051658168,53.9673289703205,0.157515565399081,0.190641731256619,0,0,0.324298549676314,0.01,0.01,243.347626087372,7.25977539760061,0.01,"C3",0.64,0.015,2.48,2.83,0.114,15,0.51,0,1,1,0.01,1,500,0.06,1180,1800,1.55,25,0.5,25,45,5.01526618199423,4.80562471528538,-0.321246241685003,0.435393009800464,1,0.1,0,1,1,0.25,1.34,0.3,10,0.35,20.6,0.2,0.01,10,0,5,600,300,20,970,15,0.711229239124805,2,410,209,"2018-08-01","2018-09-01",51.55,5.55,1,12.9460102622397,18.4102045639884,155.525410026312
2.27165023935959,52.5407721269918,9.88210338400677,3.69745431724004,0.136354721430689,0.0241617611609399,13.5686263907701,0.348921455210075,0.725790154188871,0,0,0.302133216988295,0.01,0.01,128.742002810584,13.9790854807943,0.01,"C3",0.64,0.015,2.48,2.83,0.114,15,0.51,0,1,1,0.01,1,500,0.06,1180,1800,1.55,25,0.5,25,45,1.616857346287,2.18255686585326,0.594482830259949,0.675990644376725,1,0.1,0,1,1,0.25,1.34,0.3,10,0.35,20.6,0.2,0.01,10,0,5,600,300,20,970,15,0.895932542858645,2,410,209,"2018-08-01","2018-09-01",51.55,5.55,1,12.191898644669,25.0727806461509,16.9429376302287
2.16536380397156,35.134877171415,11.5070790518075,1.1338883691933,0.0816561702638865,0.146195434732363,3.32062348723412,0.485952168004587,0.784765821648762,0,0,0.217021025950089,0.01,0.01,92.9313536174013,7.52628103084862,0.01,"C3",0.64,0.015,2.48,2.83,0.114,15,0.51,0,1,1,0.01,1,500,0.06,1180,1800,1.55,25,0.5,25,45,2.21215027335566,3.05764613754582,0.3218919695355,-0.11554276291281,1,0.1,0,1,1,0.25,1.34,0.3,10,0.35,20.6,0.2,0.01,10,0,5,600,300,20,970,15,0.546946826390922,2,410,209,"2018-08-01","2018-09-01",51.55,5.55,1,2.73988337488845,18.8691525219474,176.34597230237
3.27913695503958,65.6834175818867,13.9232264249586,3.02186444611289,0.108054373087361,0.0808699583169073,18.8971203519031,0.0272064108867198,0.946103452704847,0,0,0.247431279625744,0.01,0.01,45.2148972391733,14.4281427124515,0.01,"C3",0.64,0.015,2.48,2.83,0.114,15,0.51,0,1,1,0.01,1,500,0.06,1180,1800,1.55,25,0.5,25,45,2.6986497924896,3.49697731737979,-0.426968741696328,-0.103898548986763,1,0.1,0,1,1,0.25,1.34,0.3,10,0.35,20.6,0.2,0.01,10,0,5,600,300,20,970,15,0.0342094227671623,2,410,209,"2018-08-01","2018-09-01",51.55,5.55,1,0.812711018370464,15.165555345593,140.443610963412
2.30256429640576,41.1250137626695,16.8142463255208,0.702967020915821,0.195286796381697,0.0260734096169472,16.641633817926,0.0496685265097767,0.512502676341683,0,0,0.292463184567168,0.01,0.01,232.757460428751,1.37219987250865,0.01,"C3",0.64,0.015,2.48,2.83,0.114,15,0.51,0,1,1,0.01,1,500,0.06,1180,1800,1.55,25,0.5,25,45,5.87750448123552,3.1460617085686,-0.733580045867711,-0.241300351452082,1,0.1,0,1,1,0.25,1.34,0.3,10,0.35,20.6,0.2,0.01,10,0,5,600,300,20,970,15,0.688357174396515,2,410,209,"2018-08-01","2018-09-01",51.55,5.55,1,13.8156269816682,22.6461245852988,61.7404522653669
3.0932111965958,48.1713144889972,17.0569814683404,0.738943301839754,0.119110276317224,0.162580212112516,28.4008224355057,0.0812195704784244,0.280702733900398,0,0,0.186083637177944,0.01,0.01,84.559599954111,3.09122342988849,0.01,"C3",0.64,0.015,2.48,2.83,0.114,15,0.51,0,1,1,0.01,1,500,0.06,1180,1800,1.55,25,0.5,25,45,0.793339004344307,3.01355132751632,-0.282084789127111,-0.935067448299378,1,0.1,0,1,1,0.25,1.34,0.3,10,0.35,20.6,0.2,0.01,10,0,5,600,300,20,970,15,0.95815575029701,2,410,209,"2018-08-01","2018-09-01",51.55,5.55,1,0.857644553761929,28.1739646929782,121.552597749978
3.85587501386181,50.691021342677,22.2664344299119,5.8216370260343,0.0352806498296559,0.178601311286911,21.3340754667297,0.17643611994572,0.687560682184994,0,0,0.849957948783413,0.01,0.01,81.586469693284,8.9750139315147,0.01,"C3",0.64,0.015,2.48,2.83,0.114,15,0.51,0,1,1,0.01,1,500,0.06,1180,1800,1.55,25,0.5,25,45,5.37684094069991,4.7493040508125,-0.633012779522687,-0.0597691130824387,1,0.1,0,1,1,0.25,1.34,0.3,10,0.35,20.6,0.2,0.01,10,0,5,600,300,20,970,15,0.923656321596354,2,410,209,"2018-08-01","2018-09-01",51.55,5.55,1,6.70877081807703,21.3962328771595,61.2517044134438
2.00418243161403,43.5678786022408,16.6509271133691,6.67817474808544,0.176733242254704,0.186692683584988,40.2378847589716,0.763641326222569,0.188473881222308,0,0,0.604468067875132,0.01,0.01,219.680367042078,8.09207165217958,0.01,"C3",0.64,0.015,2.48,2.83,0.114,15,0.51,0,1,1,0.01,1,500,0.06,1180,1800,1.55,25,0.5,25,45,6.59509873983916,2.90985567378812,0.328032723627985,0.1141173732467,1,0.1,0,1,1,0.25,1.34,0.3,10,0.35,20.6,0.2,0.01,10,0,5,600,300,20,970,15,0.103399616898969,2,410,209,"2018-08-01","2018-09-01",51.55,5.55,1,13.3141900110058,15.5276655347552,56.9642005953938
2.71319754305296,87.6567958477294,13.1001496629324,2.82085796771571,0.0684676290024072,0.164086540043354,53.1600182689726,0.607231592060998,0.779785766964778,0,0,0.862314411439002,0.01,0.01,102.57664380694,18.487097337842,0.01,"C3",0.64,0.015,2.48,2.83,0.114,15,0.51,0,1,1,0.01,1,500,0.06,1180,1800,1.55,25,0.5,25,45,0.610489819408394,2.24055566906463,0.588129809126258,-0.353923739399761,1,0.1,0,1,1,0.25,1.34,0.3,10,0.35,20.6,0.2,0.01,10,0,5,600,300,20,970,15,0.370657961117104,2,410,209,"2018-08-01","2018-09-01",51.55,5.55,1,6.35542542440817,18.2861305307597,68.072138610296
2.9147288328968,38.1400526868937,7.77570207137614,2.58054193132557,0.16927218050696,0.0916102899704129,24.9427769891918,0.738111957209185,0.731025233864784,0,0,0.526754712918773,0.01,0.01,244.865318630473,17.9581258560065,0.01,"C3",0.64,0.015,2.48,2.83,0.114,15,0.51,0,1,1,0.01,1,500,0.06,1180,1800,1.55,25,0.5,25,45,2.75485941979568,2.55501920345705,0.456011594738811,0.836948315612972,1,0.1,0,1,1,0.25,1.34,0.3,10,0.35,20.6,0.2,0.01,10,0,5,600,300,20,970,15,0.319541873177513,2,410,209,"2018-08-01","2018-09-01",51.55,5.55,1,7.48489594319835,26.820061620092,111.949722021818
4.10432042065077,28.1356512695024,0.654641119763255,3.13795906049199,0.0160487894900143,0.179696965171024,31.3839736953378,0.85206309100613,0.597868810407817,0,0,0.940011765342206,0.01,0.01,93.4185220520594,2.51345037505962,0.01,"C3",0.64,0.015,2.48,2.83,0.114,15,0.51,0,1,1,0.01,1,500,0.06,1180,1800,1.55,25,0.5,25,45,6.18978558429517,3.63953756995033,-0.996100124903023,0.878403255715966,1,0.1,0,1,1,0.25,1.34,0.3,10,0.35,20.6,0.2,0.01,10,0,5,600,300,20,970,15,0.843752696644515,2,410,209,"2018-08-01","2018-09-01",51.55,5.55,1,11.2441026885062,24.6714125422295,137.633855659515
4.2771238675341,59.6125119975043,3.25103846262209,3.03626573644578,0.0125031042378396,0.0639179656282067,20.2905371552333,0.996789290104061,0.572137508774176,0,0,0.910063506104052,0.01,0.01,154.316402451892,6.78488529054448,0.01,"C3",0.64,0.015,2.48,2.83,0.114,15,0.51,0,1,1,0.01,1,500,0.06,1180,1800,1.55,25,0.5,25,45,1.93394549826626,0.68617362389341,-0.873333717696369,0.557022232562304,1,0.1,0,1,1,0.25,1.34,0.3,10,0.35,20.6,0.2,0.01,10,0,5,600,300,20,970,15,0.483789833961055,2,410,209,"2018-08-01","2018-09-01",51.55,5.55,1,5.76611289172433,16.3619348080829,65.7832769723609
4.14593267790042,75.5814516641867,12.5481896218844,6.73912268830463,0.0214705840218812,0.0669961316045374,49.6483640139922,0.567211230983958,0.672862647101283,0,0,0.475282533559948,0.01,0.01,153.612318070023,3.57992530614138,0.01,"C3",0.64,0.015,2.48,2.83,0.114,15,0.51,0,1,1,0.01,1,500,0.06,1180,1800,1.55,25,0.5,25,45,5.64952641758136,1.5566541365115,-0.214972341898829,-0.710766196716577,1,0.1,0,1,1,0.25,1.34,0.3,10,0.35,20.6,0.2,0.01,10,0,5,600,300,20,970,15,0.290865745861083,2,410,209,"2018-08-01","2018-09-01",51.55,5.55,1,12.1429416874889,18.9900615625083,173.294622511603
3.52256052754819,40.8396386380611,12.7730964042712,5.18933312781155,0.170815398031846,0.140069566154853,9.83692437876016,0.0680083106271923,0.586459463927895,0,0,0.161141765071079,0.01,0.01,27.3781981897773,6.05133245163597,0.01,"C3",0.64,0.015,2.48,2.83,0.114,15,0.51,0,1,1,0.01,1,500,0.06,1180,1800,1.55,25,0.5,25,45,3.44522616104223,4.00558849866502,0.749010855332017,-0.99852788541466,1,0.1,0,1,1,0.25,1.34,0.3,10,0.35,20.6,0.2,0.01,10,0,5,600,300,20,970,15,0.172332319431007,2,410,209,"2018-08-01","2018-09-01",51.55,5.55,1,3.90817624982446,21.3633990974631,161.744316439144
4.35050093801692,27.2674762444466,2.88056940189563,1.96899965987541,0.0774292104877532,0.0143106651492417,23.0574220977724,0.160005576442927,0.12250296282582,0,0,0.224807677557692,0.01,0.01,170.136168142781,7.59550536610186,0.01,"C3",0.64,0.015,2.48,2.83,0.114,15,0.51,0,1,1,0.01,1,500,0.06,1180,1800,1.55,25,0.5,25,45,3.03668671443593,4.10846006986685,-0.342979471664876,0.774719007778913,1,0.1,0,1,1,0.25,1.34,0.3,10,0.35,20.6,0.2,0.01,10,0,5,600,300,20,970,15,0.91694570844993,2,410,209,"2018-08-01","2018-09-01",51.55,5.55,1,3.36182681028731,28.0747908528429,119.47324312292
3.04933468275703,63.0155672630736,6.40334521885961,3.43696787743829,0.175474953884259,0.103977375617251,40.7176545308903,0.348628403618932,0.6663296923507,0,0,0.752208082005382,0.01,0.01,1.01070158416405,16.8384629595093,0.01,"C3",0.64,0.015,2.48,2.83,0.114,15,0.51,0,1,1,0.01,1,500,0.06,1180,1800,1.55,25,0.5,25,45,6.52453804910183,2.18681506754365,-0.4631153405644,-0.70013131853193,1,0.1,0,1,1,0.25,1.34,0.3,10,0.35,20.6,0.2,0.01,10,0,5,600,300,20,970,15,0.836186615284532,2,410,209,"2018-08-01","2018-09-01",51.55,5.55,1,5.19145400030538,16.8397153483238,136.873554890044
3.22955706389621,29.5403231570411,4.11265118746087,6.84916983032599,0.069558489182964,0.139076303923503,57.1605323860422,0.33894746680744,0.475365719525144,0,0,0.929552480811253,0.01,0.01,139.758756853931,10.0495414070319,0.01,"C3",0.64,0.015,2.48,2.83,0.114,15,0.51,0,1,1,0.01,1,500,0.06,1180,1800,1.55,25,0.5,25,45,6.92831345524173,0.900469131185673,0.544641272630543,-0.00833437265828252,1,0.1,0,1,1,0.25,1.34,0.3,10,0.35,20.6,0.2,0.01,10,0,5,600,300,20,970,15,0.434236856177449,2,410,209,"2018-08-01","2018-09-01",51.55,5.55,1,12.0954789861571,20.4402277478948,67.5474200723693
2.50899361772463,31.6804151262642,6.98490793583915,3.97226300952025,0.0746059763245285,0.143960231263191,13.8325870921835,0.484624216100201,0.584294001339003,0,0,0.259797358186916,0.01,0.01,135.207998805156,3.02540903445333,0.01,"C3",0.64,0.015,2.48,2.83,0.114,15,0.51,0,1,1,0.01,1,500,0.06,1180,1800,1.55,25,0.5,25,45,4.96512021964882,2.24873585544992,-0.186176449991763,-0.910894082859159,1,0.1,0,1,1,0.25,1.34,0.3,10,0.35,20.6,0.2,0.01,10,0,5,600,300,20,970,15,0.620326127391309,2,410,209,"2018-08-01","2018-09-01",51.55,5.55,1,3.08678428642452,22.9114426311571,115.901265162975
2.54197389422916,37.3806426667893,3.81334262201563,0.55546702677384,0.0537299661431462,0.146377545315772,41.212204056792,0.862942702369764,0.268913116771728,0,0,0.0603376999497414,0.01,0.01,181.586364272633,11.2938674776815,0.01,"C3",0.64,0.015,2.48,2.83,0.114,15,0.51,0,1,1,0.01,1,500,0.06,1180,1800,1.55,25,0.5,25,45,5.82469933182001,2.6498308381997,0.33325626142323,-0.956674365792423,1,0.1,0,1,1,0.25,1.34,0.3,10,0.35,20.6,0.2,0.01,10,0,5,600,300,20,970,15,0.407956667244434,2,410,209,"2018-08-01","2018-09-01",51.55,5.55,1,2.56979423342273,20.3861381008755,111.789890066721
1.56007290165871,56.1809329089364,10.7227003318258,0.415109370369464,0.0950065668206662,0.190675327228382,5.15758459456265,0.71360602718778,0.702085295924917,0,0,0.635977699188516,0.01,0.01,84.9837086451589,7.51818902185187,0.01,"C3",0.64,0.015,2.48,2.83,0.114,15,0.51,0,1,1,0.01,1,500,0.06,1180,1800,1.55,25,0.5,25,45,4.82395863311831,1.38956545235123,-0.0184063380584121,-0.300281846895814,1,0.1,0,1,1,0.25,1.34,0.3,10,0.35,20.6,0.2,0.01,10,0,5,600,300,20,970,15,0.372948321513832,2,410,209,"2018-08-01","2018-09-01",51.55,5.55,1,4.83674702234566,21.5726331307087,179.208450657316
3.00843913690187,51.4801042336992,5.30198552296497,6.34354460914619,0.043902286561206,0.198892642650753,42.4747012043372,0.698009528918192,0.0959754933137447,0,0,0.436879594111815,0.01,0.01,54.8689477479202,11.9240826747846,0.01,"C3",0.64,0.015,2.48,2.83,0.114,15,0.51,0,1,1,0.01,1,500,0.06,1180,1800,1.55,25,0.5,25,45,2.19518859311938,4.41626214538701,-0.824345865752548,-0.414161251392215,1,0.1,0,1,1,0.25,1.34,0.3,10,0.35,20.6,0.2,0.01,10,0,5,600,300,20,970,15,0.732449576724321,2,410,209,"2018-08-01","2018-09-01",51.55,5.55,1,11.9871634198353,22.1178546419833,66.3303275406361
4.11313024093397,49.0224646405268,1.94989072624594,5.76934002549388,0.161549033271149,0.0759774075355381,55.5822357628495,0.145617478527129,0.109932234277949,0,0,0.0322236064821482,0.01,0.01,51.8292757031741,5.85559417773038,0.01,"C3",0.64,0.015,2.48,2.83,0.114,15,0.51,0,1,1,0.01,1,500,0.06,1180,1800,1.55,25,0.5,25,45,0.568509289273061,3.26087552309036,-0.790608952287585,-0.935414202511311,1,0.1,0,1,1,0.25,1.34,0.3,10,0.35,20.6,0.2,0.01,10,0,5,600,300,20,970,15,0.273215322522447,2,410,209,"2018-08-01","2018-09-01",51.55,5.55,1,10.2605417452287,25.0136367359664,140.602168324403
1.51890235184692,40.8321972181522,21.8064459797461,4.38688738946803,0.0844119501765817,0.19144753376022,48.5940513666719,0.784370869863778,0.121204968774691,0,0,0.726831140229478,0.01,0.01,101.845773580018,8.41814118181355,0.01,"C3",0.64,0.015,2.48,2.83,0.114,15,0.51,0,1,1,0.01,1,500,0.06,1180,1800,1.55,25,0.5,25,45,5.78635645636823,4.59330527100246,0.861893801484257,0.752311343792826,1,0.1,0,1,1,0.25,1.34,0.3,10,0.35,20.6,0.2,0.01,10,0,5,600,300,20,970,15,0.728168945061043,2,410,209,"2018-08-01","2018-09-01",51.55,5.55,1,4.46867898339406,28.7008309259545,76.3960740482435
1.71617137198336,78.4115060975827,5.35443747066893,1.49727412080392,0.14785460261628,0.116833210922778,10.5032058851793,0.586327891331166,0.668403000570834,0,0,0.207280640723184,0.01,0.01,12.0615156817366,2.25756799033843,0.01,"C3",0.64,0.015,2.48,2.83,0.114,15,0.51,0,1,1,0.01,1,500,0.06,1180,1800,1.55,25,0.5,25,45,3.99097748843487,4.61623434745707,0.539765191730112,0.783288999926299,1,0.1,0,1,1,0.25,1.34,0.3,10,0.35,20.6,0.2,0.01,10,0,5,600,300,20,970,15,0.571332231163979,2,410,209,"2018-08-01","2018-09-01",51.55,5.55,1,3.1501611659769,19.0513050591107,72.9988332465291
1.99263367499225,46.7181999173039,5.07093648775481,2.44150087982416,0.174321405822411,0.0642015422228724,4.14835513103753,0.84054516046308,0.825777444988489,0,0,0.122559905052185,0.01,0.01,185.903633937589,19.8260119149927,0.01,"C3",0.64,0.015,2.48,2.83,0.114,15,0.51,0,1,1,0.01,1,500,0.06,1180,1800,1.55,25,0.5,25,45,4.64599372146185,2.59495652664918,0.708907614462078,-0.803961196448654,1,0.1,0,1,1,0.25,1.34,0.3,10,0.35,20.6,0.2,0.01,10,0,5,600,300,20,970,15,0.925216830568388,2,410,209,"2018-08-01","2018-09-01",51.55,5.55,1,3.23501544655301,25.9413749689702,29.9123641150072
3.81100222282112,68.2993063662808,7.91384690091945,0.989588245283812,0.176717897644266,0.0190281402785331,33.1929922616109,0.213696905178949,0.975740747060627,0,0,0.897803096566349,0.01,0.01,225.886238184816,8.55537214875221,0.01,"C3",0.64,0.015,2.48,2.83,0.114,15,0.51,0,1,1,0.01,1,500,0.06,1180,1800,1.55,25,0.5,25,45,0.690170773072168,2.49839009961579,-0.160379897803068,0.281789591535926,1,0.1,0,1,1,0.25,1.34,0.3,10,0.35,20.6,0.2,0.01,10,0,5,600,300,20,970,15,0.569567700615153,2,410,209,"2018-08-01","2018-09-01",51.55,5.55,1,13.3537480433006,19.4273394893389,92.4909393070266
3.70555291743949,26.8816694983266,8.25770066003315,3.01972870132886,0.0720492098014802,0.0314041814301163,29.7480960655957,0.647087070625275,0.0967067782767117,0,0,0.0593686210922897,0.01,0.01,212.70802838105,7.2169612236321,0.01,"C3",0.64,0.015,2.48,2.83,0.114,15,0.51,0,1,1,0.01,1,500,0.06,1180,1800,1.55,25,0.5,25,45,3.07087220139802,0.537935308762826,0.849490781780332,0.105422601103783,1,0.1,0,1,1,0.25,1.34,0.3,10,0.35,20.6,0.2,0.01,10,0,5,600,300,20,970,15,0.680816388688982,2,410,209,"2018-08-01","2018-09-01",51.55,5.55,1,12.8280658624135,24.6322582487483,100.203993679024
4.41562690702267,66.9961329502238,19.2307381716091,5.41370908776298,0.114841241529211,0.0269974888768047,49.5994421560317,0.500994218280539,0.496647028252482,0,0,0.812556431861594,0.01,0.01,72.9134726235643,12.0639143390581,0.01,"C3",0.64,0.015,2.48,2.83,0.114,15,0.51,0,1,1,0.01,1,500,0.06,1180,1800,1.55,25,0.5,25,45,6.45828108901624,3.38347746047657,0.0544865694828331,0.836592472158372,1,0.1,0,1,1,0.25,1.34,0.3,10,0.35,20.6,0.2,0.01,10,0,5,600,300,20,970,15,0.886224129470065,2,410,209,"2018-08-01","2018-09-01",51.55,5.55,1,4.70782177406363,17.1973881544545,123.962175892666
2.89941713050939,28.1826247639477,14.3265328020789,6.36797375697643,0.0199420665856451,0.146539312135428,35.0935131171718,0.866366861853749,0.34298576018773,0,0,0.68764484138228,0.01,0.01,158.387397139682,2.72671655891463,0.01,"C3",0.64,0.015,2.48,2.83,0.114,15,0.51,0,1,1,0.01,1,500,0.06,1180,1800,1.55,25,0.5,25,45,0.103814692841843,4.7751834000228,-0.669396902900189,-0.780542607419193,1,0.1,0,1,1,0.25,1.34,0.3,10,0.35,20.6,0.2,0.01,10,0,5,600,300,20,970,15,0.843231112230569,2,410,209,"2018-08-01","2018-09-01",51.55,5.55,1,10.2138273208402,27.7100548055023,60.7103177066892
1.72315353993326,64.2969671189868,4.05295194359496,5.78729359759018,0.0269455578643829,0.0547624683473259,40.5944191105664,0.0562294512055814,0.338104109279811,0,0,0.528864349471405,0.01,0.01,44.76620273554,5.76596850017086,0.01,"C3",0.64,0.015,2.48,2.83,0.114,15,0.51,0,1,1,0.01,1,500,0.06,1180,1800,1.55,25,0.5,25,45,6.03765667993575,0.839115128619596,-0.326459317933768,0.132963329553604,1,0.1,0,1,1,0.25,1.34,0.3,10,0.35,20.6,0.2,0.01,10,0,5,600,300,20,970,15,0.992756717605516,2,410,209,"2018-08-01","2018-09-01",51.55,5.55,1,0.493479548022151,16.8555875890888,87.6918927161023
3.44645437295549,83.5304462389659,20.3342238906771,6.69053923315369,0.028504633018747,0.19537651068531,13.2972752675414,0.165223488584161,0.837089224951342,0,0,0.947496598819271,0.01,0.01,190.418955562578,2.11752450652421,0.01,"C3",0.64,0.015,2.48,2.83,0.114,15,0.51,0,1,1,0.01,1,500,0.06,1180,1800,1.55,25,0.5,25,45,2.39782904051244,1.70056791347452,0.943170207086951,0.0645955177024007,1,0.1,0,1,1,0.25,1.34,0.3,10,0.35,20.6,0.2,0.01,10,0,5,600,300,20,970,15,0.753016141941771,2,410,209,"2018-08-01","2018-09-01",51.55,5.55,1,1.67425141436979,17.0868550927844,27.8542190138251
3.77577950851992,13.0305444932467,23.0491979338694,2.63537250296213,0.0366758346557617,0.0744898319244385,19.3311214121059,0.182816437911242,0.703173368470743,0,0,0.463973121950403,0.01,0.01,206.119586680725,9.74494526581839,0.01,"C3",0.64,0.015,2.48,2.83,0.114,15,0.51,0,1,1,0.01,1,500,0.06,1180,1800,1.55,25,0.5,25,45,4.7254991165828,1.29615814681165,0.370914759114385,-0.498772913590074,1,0.1,0,1,1,0.25,1.34,0.3,10,0.35,20.6,0.2,0.01,10,0,5,600,300,20,970,15,0.88617284828797,2,410,209,"2018-08-01","2018-09-01",51.55,5.55,1,6.78198738838546,17.1007999428548,28.1019406719133
1.91131824301556,63.0651535894276,6.31200725911185,0.326395333278924,0.00450328337028623,0.0236756070982665,30.291312597692,0.617776124505326,0.629020220600069,0,0,0.237385930027813,0.01,0.01,200.041064281017,8.9979324855376,0.01,"C3",0.64,0.015,2.48,2.83,0.114,15,0.51,0,1,1,0.01,1,500,0.06,1180,1800,1.55,25,0.5,25,45,3.61685568543617,3.93654185254127,0.772036726120859,0.694033094681799,1,0.1,0,1,1,0.25,1.34,0.3,10,0.35,20.6,0.2,0.01,10,0,5,600,300,20,970,15,0.315622826805338,2,410,209,"2018-08-01","2018-09-01",51.55,5.55,1,12.1186879172456,28.1138067925349,90.8351052319631
2.68975378386676,38.4828086417461,18.7858190271072,2.02698174514808,0.0529585711658001,0.0268440036103129,56.6051926044747,0.222811376675963,0.900825360324234,0,0,0.299712728476152,0.01,0.01,192.580803916499,13.7479820717126,0.01,"C3",0.64,0.015,2.48,2.83,0.114,15,0.51,0,1,1,0.01,1,500,0.06,1180,1800,1.55,25,0.5,25,45,5.048138041934,1.83291815512348,0.308316235430539,0.459925462957472,1,0.1,0,1,1,0.25,1.34,0.3,10,0.35,20.6,0.2,0.01,10,0,5,600,300,20,970,15,0.944693346740678,2,410,209,"2018-08-01","2018-09-01",51.55,5.55,1,10.3578249772545,28.6832924885675,144.800560022704
2.17495598760433,40.1103824903315,5.10846383403987,6.997817046009,0.00871704425662756,0.0435095677152276,14.1210044547915,0.367123208241537,0.742911405162886,0,0,0.246139861177653,0.01,0.01,182.413413291681,6.59944415278733,0.01,"C3",0.64,0.015,2.48,2.83,0.114,15,0.51,0,1,1,0.01,1,500,0.06,1180,1800,1.55,25,0.5,25,45,5.38044153752271,0.701969435671344,0.752644928637892,-0.162613825406879,1,0.1,0,1,1,0.25,1.34,0.3,10,0.35,20.6,0.2,0.01,10,0,5,600,300,20,970,15,0.897473935969174,2,410,209,"2018-08-01","2018-09-01",51.55,5.55,1,5.91855676146224,22.552384265,123.27312071342
1.67387568159029,43.7705090908775,20.7310831116047,3.14125959132798,0.0107497041113675,0.177658913191408,16.2022613547742,0.654951320728287,0.483007547445595,0,0,0.46286785765551,0.01,0.01,158.793958032853,12.0881621555891,0.01,"C3",0.64,0.015,2.48,2.83,0.114,15,0.51,0,1,1,0.01,1,500,0.06,1180,1800,1.55,25,0.5,25,45,1.37727146320976,4.20509033661801,0.692056365776807,-0.190611405298114,1,0.1,0,1,1,0.25,1.34,0.3,10,0.35,20.6,0.2,0.01,10,0,5,600,300,20,970,15,0.010751633439213,2,410,209,"2018-08-01","2018-09-01",51.55,5.55,1,12.0553249062505,29.8114289052319,117.594726230018
2.68767806491815,61.0431542843712,7.55035927868448,6.96521332720295,0.0454809971619397,0.191948315221816,35.2179642347619,0.579939571442083,0.629821023205295,0,0,0.173197771189734,0.01,0.01,103.313508614548,17.2077937393915,0.01,"C3",0.64,0.015,2.48,2.83,0.114,15,0.51,0,1,1,0.01,1,500,0.06,1180,1800,1.55,25,0.5,25,45,4.50094288939144,1.97484354977496,-0.773787548299879,0.661431938875467,1,0.1,0,1,1,0.25,1.34,0.3,10,0.35,20.6,0.2,0.01,10,0,5,600,300,20,970,15,0.166465131798759,2,410,209,"2018-08-01","2018-09-01",51.55,5.55,1,10.7269224780612,16.1165893357247,78.6994672240689
1.69478489994071,52.8895140942139,19.1652149776928,4.95215396769345,0.0339076321106404,0.0363801625091583,4.28449225611985,0.877370949834585,0.70242758677341,0,0,0.241435421165079,0.01,0.01,103.879174857633,6.51548291603103,0.01,"C3",0.64,0.015,2.48,2.83,0.114,15,0.51,0,1,1,0.01,1,500,0.06,1180,1800,1.55,25,0.5,25,45,1.68826493131928,2.99143308913335,-0.489633376710117,0.144854679703712,1,0.1,0,1,1,0.25,1.34,0.3,10,0.35,20.6,0.2,0.01,10,0,5,600,300,20,970,15,0.471478550229222,2,410,209,"2018-08-01","2018-09-01",51.55,5.55,1,0.696463101776317,22.2340151912067,116.737246890552
2.17765929875895,62.2784592838737,3.01637513330206,2.09775816602632,0.0328858628403395,0.193381770700216,2.22867542412132,0.907480406807736,0.440826003439724,0,0,0.931191790150478,0.01,0.01,109.106504057127,9.08935019746423,0.01,"C3",0.64,0.015,2.48,2.83,0.114,15,0.51,0,1,1,0.01,1,500,0.06,1180,1800,1.55,25,0.5,25,45,4.1688560458133,4.76852561766282,-0.0542376418597996,0.533970696851611,1,0.1,0,1,1,0.25,1.34,0.3,10,0.35,20.6,0.2,0.01,10,0,5,600,300,20,970,15,0.846459175460041,2,410,209,"2018-08-01","2018-09-01",51.55,5.55,1,10.1432532677427,19.1731974680442,72.0101030683145
1.66388732730411,66.5158166333034,21.1162844614591,6.35832413379103,0.116960247699171,0.0493660841137171,44.5009237993509,0.186885708477348,0.324399429839104,0,0,0.274120099144056,0.01,0.01,100.297441391915,4.89453338086605,0.01,"C3",0.64,0.015,2.48,2.83,0.114,15,0.51,0,1,1,0.01,1,500,0.06,1180,1800,1.55,25,0.5,25,45,6.60466767325997,2.70167930994648,0.8059171596542,-0.789534972514957,1,0.1,0,1,1,0.25,1.34,0.3,10,0.35,20.6,0.2,0.01,10,0,5,600,300,20,970,15,0.418465612223372,2,410,209,"2018-08-01","2018-09-01",51.55,5.55,1,5.26065722457133,26.5896388865076,85.4648140864447
3.51084611867554,68.5732547769337,20.5305583251175,3.32033145404421,0.0250545216258615,0.115425977855921,36.7171044135466,0.692796744406223,0.0139134684577584,0,0,0.23949275072664,0.01,0.01,183.456989494618,11.0997168240137,0.01,"C3",0.64,0.015,2.48,2.83,0.114,15,0.51,0,1,1,0.01,1,500,0.06,1180,1800,1.55,25,0.5,25,45,6.55071964540984,3.35379547858611,0.149341750890017,0.77350779203698,1,0.1,0,1,1,0.25,1.34,0.3,10,0.35,20.6,0.2,0.01,10,0,5,600,300,20,970,15,0.185348911676556,2,410,209,"2018-08-01","2018-09-01",51.55,5.55,1,2.49049844336696,20.359695305815,73.2429567631334
2.39322534785606,32.5043724561263,21.3472451840062,5.70719074900262,0.141299812588841,0.0231899920850992,45.1824877364561,0.182262920541689,0.255947161000222,0,0,0.960867541609332,0.01,0.01,158.76551331341,13.3707306424621,0.01,"C3",0.64,0.015,2.48,2.83,0.114,15,0.51,0,1,1,0.01,1,500,0.06,1180,1800,1.55,25,0.5,25,45,0.814226803230122,1.94985371327493,0.0316702658310533,-0.777862505987287,1,0.1,0,1,1,0.25,1.34,0.3,10,0.35,20.6,0.2,0.01,10,0,5,600,300,20,970,15,0.902161450823769,2,410,209,"2018-08-01","2018-09-01",51.55,5.55,1,13.293139465386,20.6458099745214,14.1895385133103
1.80216474691406,12.2734968253491,0.363907805876806,1.77443019743077,0.195332567766309,0.0105182812083513,15.7379453955218,0.26446615695022,0.271315745543689,0,0,0.201171569526196,0.01,0.01,81.6108292350546,2.0045052934438,0.01,"C3",0.64,0.015,2.48,2.83,0.114,15,0.51,0,1,1,0.01,1,500,0.06,1180,1800,1.55,25,0.5,25,45,3.40447368281893,3.35484168154653,-0.828846866730601,0.817364688962698,1,0.1,0,1,1,0.25,1.34,0.3,10,0.35,20.6,0.2,0.01,10,0,5,600,300,20,970,15,0.836194847943261,2,410,209,"2018-08-01","2018-09-01",51.55,5.55,1,6.81437853374518,29.0354848047718,150.921804481186
1.7157122916542,27.2159872005319,0.948152056662366,6.70667795790359,0.139590714219958,0.0894530236721039,48.3171429857612,0.478034177096561,0.317883581621572,0,0,0.792949141701683,0.01,0.01,85.2443540533422,16.7022407609038,0.01,"C3",0.64,0.015,2.48,2.83,0.114,15,0.51,0,1,1,0.01,1,500,0.06,1180,1800,1.55,25,0.5,25,45,4.2151335479226,0.796370632713661,-0.868779592681676,-0.612899052910507,1,0.1,0,1,1,0.25,1.34,0.3,10,0.35,20.6,0.2,0.01,10,0,5,600,300,20,970,15,0.871441486524418,2,410,209,"2018-08-01","2018-09-01",51.55,5.55,1,12.0954336156137,16.7036934569478,54.9829504452646
4.14132170635276,58.4114837739629,7.47141345636919,3.24065945507027,0.192007665662095,0.0587425532750785,49.5733123272657,0.363111522747204,0.0840541056822985,0,0,0.210689821047708,0.01,0.01,112.289018621435,8.6985942129977,0.01,"C3",0.64,0.015,2.48,2.83,0.114,15,0.51,0,1,1,0.01,1,500,0.06,1180,1800,1.55,25,0.5,25,45,1.10434330208227,4.16931362566538,-0.159669265616685,0.682888086419553,1,0.1,0,1,1,0.25,1.34,0.3,10,0.35,20.6,0.2,0.01,10,0,5,600,300,20,970,15,0.45541319088079,2,410,209,"2018-08-01","2018-09-01",51.55,5.55,1,7.35970121109858,15.3433313348796,137.842754814774
3.76274220622145,40.4876995157764,8.16726259654388,0.910704828798771,0.179842489399016,0.079817169951275,11.0937240533531,0.359203343046829,0.908565406454727,0,0,0.995684729656205,0.01,0.01,74.3359669587808,9.14898273325525,0.01,"C3",0.64,0.015,2.48,2.83,0.114,15,0.51,0,1,1,0.01,1,500,0.06,1180,1800,1.55,25,0.5,25,45,2.17118893801235,3.47205638431478,-0.51652361266315,0.740315726958215,1,0.1,0,1,1,0.25,1.34,0.3,10,0.35,20.6,0.2,0.01,10,0,5,600,300,20,970,15,0.60749648581259,2,410,209,"2018-08-01","2018-09-01",51.55,5.55,1,11.3765619671904,20.8753450750373,43.8288667006418
3.94981766282581,28.6399026453343,1.86931407079101,5.3921515296679,0.198966485122219,0.175695873703808,1.45448944531381,0.170716251712292,0.352683989796788,0,0,0.278298365185037,0.01,0.01,116.258852554893,8.46423527179286,0.01,"C3",0.64,0.015,2.48,2.83,0.114,15,0.51,0,1,1,0.01,1,500,0.06,1180,1800,1.55,25,0.5,25,45,2.22034776390065,0.887757737189531,0.563136904500425,0.303815782535821,1,0.1,0,1,1,0.25,1.34,0.3,10,0.35,20.6,0.2,0.01,10,0,5,600,300,20,970,15,0.513998114038259,2,410,209,"2018-08-01","2018-09-01",51.55,5.55,1,4.98137524235062,20.4649230244104,88.1088998168707
4.44642112101428,82.0842436324777,17.7020548610017,0.994432239793241,0.0477021108847112,0.143658084096387,20.3782617487013,0.516394102713093,0.938837727997452,0,0,0.818386164028198,0.01,0.01,232.403447987163,3.81703125685453,0.01,"C3",0.64,0.015,2.48,2.83,0.114,15,0.51,0,1,1,0.01,1,500,0.06,1180,1800,1.55,25,0.5,25,45,3.45664339282084,4.29942570638377,0.428992804139853,0.997621961869299,1,0.1,0,1,1,0.25,1.34,0.3,10,0.35,20.6,0.2,0.01,10,0,5,600,300,20,970,15,0.03136464394629,2,410,209,"2018-08-01","2018-09-01",51.55,5.55,1,4.67836185009219,27.8861600509845,160.380565118976
1.81079893489368,66.3925627500748,0.629659584956244,3.7881374033168,0.156254375819117,0.196873892983422,31.0173147311434,0.464217415079474,0.980017341440544,0,0,0.275014072889462,0.01,0.01,14.7772815482458,2.52575666038319,0.01,"C3",0.64,0.015,2.48,2.83,0.114,15,0.51,0,1,1,0.01,1,500,0.06,1180,1800,1.55,25,0.5,25,45,3.04561860351823,2.80703754140995,0.247164875734597,0.0496666673570871,1,0.1,0,1,1,0.25,1.34,0.3,10,0.35,20.6,0.2,0.01,10,0,5,600,300,20,970,15,0.973285580053926,2,410,209,"2018-08-01","2018-09-01",51.55,5.55,1,0.345866794232279,17.5095037696883,32.7264723507687
1.79712548805401,53.4620974698591,20.6015116302297,4.6025095814839,0.139617382921278,0.000382142467424274,59.7003934113309,0.276451389770955,0.128883338533342,0,0,0.425079506123438,0.01,0.01,36.4155652635964,1.18259522574954,0.01,"C3",0.64,0.015,2.48,2.83,0.114,15,0.51,0,1,1,0.01,1,500,0.06,1180,1800,1.55,25,0.5,25,45,5.56820454949047,2.25914735998958,-0.729267629794776,-0.278069279622287,1,0.1,0,1,1,0.25,1.34,0.3,10,0.35,20.6,0.2,0.01,10,0,5,600,300,20,970,15,0.770924686454237,2,410,209,"2018-08-01","2018-09-01",51.55,5.55,1,3.43304181704298,17.1686855354346,135.288202981465
3.89649483351968,69.2252830361935,12.7857850049622,4.03292146208696,0.0871897638309747,0.0987332881428301,24.7548838471994,0.308679476147518,0.554968857672065,0,0,0.727891171351075,0.01,0.01,157.997210964561,4.43204584275372,0.01,"C3",0.64,0.015,2.48,2.83,0.114,15,0.51,0,1,1,0.01,1,500,0.06,1180,1800,1.55,25,0.5,25,45,2.05098993119318,3.57152826397214,0.190650102682412,0.109474116470665,1,0.1,0,1,1,0.25,1.34,0.3,10,0.35,20.6,0.2,0.01,10,0,5,600,300,20,970,15,0.223562402417883,2,410,209,"2018-08-01","2018-09-01",51.55,5.55,1,4.58764927578159,24.0939463383984,93.7276492221281
3.85372579959221,74.7335160016321,19.1676916263532,3.53493811027147,0.137433524988592,0.0721775889862329,24.2795019596815,0.309351142030209,0.573801341233775,0,0,0.64238194306381,0.01,0.01,40.1538910745876,3.64873764570802,0.01,"C3",0.64,0.015,2.48,2.83,0.114,15,0.51,0,1,1,0.01,1,500,0.06,1180,1800,1.55,25,0.5,25,45,4.6781859575538,1.88273225934245,-0.938264185097069,0.715836078394204,1,0.1,0,1,1,0.25,1.34,0.3,10,0.35,20.6,0.2,0.01,10,0,5,600,300,20,970,15,0.374918463407084,2,410,209,"2018-08-01","2018-09-01",51.55,5.55,1,8.08513167779893,28.17710725707,176.919757076539
1.52828971529379,41.6980566070873,23.4501125232782,6.51282889465801,0.0296827571000904,0.0527749521192163,49.5915284380317,0.785695066908374,0.236025393242016,0,0,0.61857032822445,0.01,0.01,179.129120849713,4.63430747017264,0.01,"C3",0.64,0.015,2.48,2.83,0.114,15,0.51,0,1,1,0.01,1,500,0.06,1180,1800,1.55,25,0.5,25,45,0.314711058721878,4.42111634020694,0.852048711385578,0.283630116377026,1,0.1,0,1,1,0.25,1.34,0.3,10,0.35,20.6,0.2,0.01,10,0,5,600,300,20,970,15,0.852554093813524,2,410,209,"2018-08-01","2018-09-01",51.55,5.55,1,10.3204634715803,22.6088387193158,18.4190725442022
3.83719764836133,41.256809336392,13.5490250657313,1.5862507536076,0.00443089329637587,0.0572762942872942,50.2831793110818,0.304534182650968,0.6709997698199,0,0,0.593544779811054,0.01,0.01,37.7247903671814,5.6681135923136,0.01,"C3",0.64,0.015,2.48,2.83,0.114,15,0.51,0,1,1,0.01,1,500,0.06,1180,1800,1.55,25,0.5,25,45,6.83067793510854,1.57333723455667,-0.2079444876872,-0.996779089327902,1,0.1,0,1,1,0.25,1.34,0.3,10,0.35,20.6,0.2,0.01,10,0,5,600,300,20,970,15,0.774228251772001,2,410,209,"2018-08-01","2018-09-01",51.55,5.55,1,10.4816387488972,26.1972538847476,107.219164632261
3.68817195575684,54.612336612624,23.723444173811,0.0963675824459642,0.0270998399704695,0.123985265986994,3.42312962282449,0.311102534178644,0.812915806658566,0,0,0.682516784640029,0.01,0.01,119.302882532589,16.1227880136576,0.01,"C3",0.64,0.015,2.48,2.83,0.114,15,0.51,0,1,1,0.01,1,500,0.06,1180,1800,1.55,25,0.5,25,45,5.09719575594645,1.44114306918345,-0.549525659065694,-0.632133107632399,1,0.1,0,1,1,0.25,1.34,0.3,10,0.35,20.6,0.2,0.01,10,0,5,600,300,20,970,15,0.248519139597192,2,410,209,"2018-08-01","2018-09-01",51.55,5.55,1,12.4950616678689,27.8163395903539,155.467964401469
3.3903955584392,17.0301036323743,7.92361667263322,1.94577413494699,0.138417387474328,0.1710428616032,27.5193628482521,0.435991688165814,0.0782247248571366,0,0,0.897986939409748,0.01,0.01,70.5359906784724,17.8467073088977,0.01,"C3",0.64,0.015,2.48,2.83,0.114,15,0.51,0,1,1,0.01,1,500,0.06,1180,1800,1.55,25,0.5,25,45,5.68166223550215,1.32666725490708,0.388560635969043,-0.46587340021506,1,0.1,0,1,1,0.25,1.34,0.3,10,0.35,20.6,0.2,0.01,10,0,5,600,300,20,970,15,0.0820750859566033,2,410,209,"2018-08-01","2018-09-01",51.55,5.55,1,5.42969287605956,22.8807357908227,56.4600994018838
2.94273248990066,72.0513039887217,7.16984094469808,2.18089591991156,0.0619277941528708,0.11151932911016,17.4957019044086,0.761245497502387,0.688418644014746,0,0,0.264281773474067,0.01,0.01,240.926995185786,14.5201526936144,0.01,"C3",0.64,0.015,2.48,2.83,0.114,15,0.51,0,1,1,0.01,1,500,0.06,1180,1800,1.55,25,0.5,25,45,5.52121353214607,3.16670289007016,0.572274829261005,-0.447686950210482,1,0.1,0,1,1,0.25,1.34,0.3,10,0.35,20.6,0.2,0.01,10,0,5,600,300,20,970,15,0.509946328122169,2,410,209,"2018-08-01","2018-09-01",51.55,5.55,1,13.1089066865388,27.5875393487513,115.96458482556
1.96991055412218,63.7039647610219,24.2095156223513,6.30309914378449,0.0697462122421712,0.0348563115112484,18.6068985192105,0.51302730711177,0.599265747936442,0,0,0.36869859113358,0.01,0.01,179.265091038891,11.8591442103498,0.01,"C3",0.64,0.015,2.48,2.83,0.114,15,0.51,0,1,1,0.01,1,500,0.06,1180,1800,1.55,25,0.5,25,45,3.43699215564411,3.91281663253903,0.663970475550741,-0.304678138811141,1,0.1,0,1,1,0.25,1.34,0.3,10,0.35,20.6,0.2,0.01,10,0,5,600,300,20,970,15,0.263646977255121,2,410,209,"2018-08-01","2018-09-01",51.55,5.55,1,6.71081918408163,23.6871025152504,120.29326830525
1.52464655949734,85.590058195503,6.0728813521564,3.90190160134807,0.17996380138211,0.0363173158839345,45.7034842064604,0.764462213264778,0.467979419743642,0,0,0.765624972293153,0.01,0.01,107.985440981283,15.3695503701456,0.01,"C3",0.64,0.015,2.48,2.83,0.114,15,0.51,0,1,1,0.01,1,500,0.06,1180,1800,1.55,25,0.5,25,45,1.69264043376315,3.86319026933052,0.714312211610377,-0.381538390181959,1,0.1,0,1,1,0.25,1.34,0.3,10,0.35,20.6,0.2,0.01,10,0,5,600,300,20,970,15,0.450909543782473,2,410,209,"2018-08-01","2018-09-01",51.55,5.55,1,11.4347277826164,26.4296253200155,167.690680744126
2.85737518267706,36.1317067344763,19.9933650379535,0.944727286463603,0.0954588443040848,0.0327195247169584,0.866744332015514,0.74134735413827,0.336743128253147,0,0,0.976194286718965,0.01,0.01,95.8166899315547,12.8564450868871,0.01,"C3",0.64,0.015,2.48,2.83,0.114,15,0.51,0,1,1,0.01,1,500,0.06,1180,1800,1.55,25,0.5,25,45,0.150004881573841,4.95161291060504,-0.873499521519989,-0.155427774880081,1,0.1,0,1,1,0.25,1.34,0.3,10,0.35,20.6,0.2,0.01,10,0,5,600,300,20,970,15,0.3655308149755,2,410,209,"2018-08-01","2018-09-01",51.55,5.55,1,12.3684788052924,27.5053441571072,137.112756259739
2.97687998623587,47.4960004262343,7.38026017206721,1.51748806796968,0.14948896272108,0.144607184408233,43.8012030813843,0.331661375705153,0.409966461593285,0,0,0.0011706380173564,0.01,0.01,179.870442304469,18.4821172826923,0.01,"C3",0.64,0.015,2.48,2.83,0.114,15,0.51,0,1,1,0.01,1,500,0.06,1180,1800,1.55,25,0.5,25,45,4.71377346932422,4.99954411352519,-0.808828278910369,-0.399845819920301,1,0.1,0,1,1,0.25,1.34,0.3,10,0.35,20.6,0.2,0.01,10,0,5,600,300,20,970,15,0.973895246163011,2,410,209,"2018-08-01","2018-09-01",51.55,5.55,1,6.30125859752297,29.4558671931736,155.236398400739
2.66876133461483,53.2968173583693,17.4196400563233,0.592046490637586,0.12720810896717,0.192064745584503,7.68530356697738,0.580099255777895,0.0358908888883889,0,0,0.236078313086182,0.01,0.01,62.9738245314802,10.8605911601335,0.01,"C3",0.64,0.015,2.48,2.83,0.114,15,0.51,0,1,1,0.01,1,500,0.06,1180,1800,1.55,25,0.5,25,45,3.33276486350223,0.711087955161929,0.487558518536389,0.342842566780746,1,0.1,0,1,1,0.25,1.34,0.3,10,0.35,20.6,0.2,0.01,10,0,5,600,300,20,970,15,0.468441155040637,2,410,209,"2018-08-01","2018-09-01",51.55,5.55,1,11.5579886175692,18.5026450222358,73.0631001479924
2.89399782568216,72.4530843251934,19.0295527805574,5.98953168280423,0.162626568274573,0.183560599666089,38.3522889856249,0.923136777943,0.442163743078709,0,0,0.870277142850682,0.01,0.01,175.93389327795,8.10515823517926,0.01,"C3",0.64,0.015,2.48,2.83,0.114,15,0.51,0,1,1,0.01,1,500,0.06,1180,1800,1.55,25,0.5,25,45,2.69526765181217,4.74830462725367,-0.953484777361155,-0.221695912536234,1,0.1,0,1,1,0.25,1.34,0.3,10,0.35,20.6,0.2,0.01,10,0,5,600,300,20,970,15,0.89834801107645,2,410,209,"2018-08-01","2018-09-01",51.55,5.55,1,5.47147283214144,17.0954380219337,121.850054394454
3.63983700214885,49.1329446301249,6.84325741021894,0.41079812310636,0.106487333076075,0.0850243715569377,2.69417671021074,0.667342347791418,0.76535149011761,0,0,0.438334319042042,0.01,0.01,92.2938074794365,5.16635453351773,0.01,"C3",0.64,0.015,2.48,2.83,0.114,15,0.51,0,1,1,0.01,1,500,0.06,1180,1800,1.55,25,0.5,25,45,5.38168660420924,4.40402102016378,-0.411062743049115,-0.542026299983263,1,0.1,0,1,1,0.25,1.34,0.3,10,0.35,20.6,0.2,0.01,10,0,5,600,300,20,970,15,0.143394310493022,2,410,209,"2018-08-01","2018-09-01",51.55,5.55,1,6.3997492461931,23.862354371231,89.4449956761673
1.66590577899478,73.2642908780472,0.130202755099162,2.29584035952576,0.0851565430406481,0.101046828366816,36.8126934533939,0.510739947902039,0.471531734568998,0,0,0.57919963891618,0.01,0.01,196.082019269641,17.7505273865536,0.01,"C3",0.64,0.015,2.48,2.83,0.114,15,0.51,0,1,1,0.01,1,500,0.06,1180,1800,1.55,25,0.5,25,45,2.7485596075654,0.539959740592167,0.663233997765929,-0.0442619095556438,1,0.1,0,1,1,0.25,1.34,0.3,10,0.35,20.6,0.2,0.01,10,0,5,600,300,20,970,15,0.53004258708097,2,410,209,"2018-08-01","2018-09-01",51.55,5.55,1,4.21051342855208,19.6675654524006,57.7732148906216
2.56434929254465,46.7414657860309,10.5524984421209,3.50137701723725,0.0986564991995692,0.156517789559439,7.27250719908625,0.171492614084855,0.299323187675327,0,0,0.450018738163635,0.01,0.01,168.113319592783,14.1672406310681,0.01,"C3",0.64,0.015,2.48,2.83,0.114,15,0.51,0,1,1,0.01,1,500,0.06,1180,1800,1.55,25,0.5,25,45,2.73124058011454,2.5412223917665,-0.63768078899011,-0.851664549671113,1,0.1,0,1,1,0.25,1.34,0.3,10,0.35,20.6,0.2,0.01,10,0,5,600,300,20,970,15,0.0176214659586549,2,410,209,"2018-08-01","2018-09-01",51.55,5.55,1,3.61088485806249,16.0384443495423,42.0966444443911
3.90843681874685,66.4222371947481,14.9454229685944,2.33727243961766,0.0120271186344326,0.146852120477706,2.85624715033919,0.256936670280993,0.732216447824612,0,0,0.342701198067516,0.01,0.01,165.733854658785,8.50921377236955,0.01,"C3",0.64,0.015,2.48,2.83,0.114,15,0.51,0,1,1,0.01,1,500,0.06,1180,1800,1.55,25,0.5,25,45,5.11711175914388,2.78092582488898,-0.197966233827174,-0.573269390035421,1,0.1,0,1,1,0.25,1.34,0.3,10,0.35,20.6,0.2,0.01,10,0,5,600,300,20,970,15,0.553407138446346,2,410,209,"2018-08-01","2018-09-01",51.55,5.55,1,12.3911190242507,27.489401253406,81.5836731065065
4.0071265110746,41.4544142558914,11.0541843052488,6.13939453964122,0.122194282663986,0.0920530368108302,43.2156373048201,0.473766138311476,0.0666987544391304,0,0,0.413276087725535,0.01,0.01,73.2472762203543,4.77951802010648,0.01,"C3",0.64,0.015,2.48,2.83,0.114,15,0.51,0,1,1,0.01,1,500,0.06,1180,1800,1.55,25,0.5,25,45,6.44545907722786,2.18759588582907,-0.402170749846846,0.673094569239765,1,0.1,0,1,1,0.25,1.34,0.3,10,0.35,20.6,0.2,0.01,10,0,5,600,300,20,970,15,0.218308804556727,2,410,209,"2018-08-01","2018-09-01",51.55,5.55,1,11.8252329714596,19.1206439444795,47.8203090419993
2.21324821491726,50.4386212563676,8.56350420508534,6.17947737453505,0.125588028645143,0.119902464747429,48.1579559342936,0.529653689358383,0.550789655419067,0,0,0.682794479653239,0.01,0.01,106.470105914283,17.6477277872618,0.01,"C3",0.64,0.015,2.48,2.83,0.114,15,0.51,0,1,1,0.01,1,500,0.06,1180,1800,1.55,25,0.5,25,45,4.66827225605957,3.09096210612915,0.983388752676547,-0.974538306705654,1,0.1,0,1,1,0.25,1.34,0.3,10,0.35,20.6,0.2,0.01,10,0,5,600,300,20,970,15,0.532563277985901,2,410,209,"2018-08-01","2018-09-01",51.55,5.55,1,4.09646805608645,19.1988773911726,21.0269736405462
2.56195830786601,40.2093425757517,12.9161597928032,6.30779142701067,0.0312725716736168,0.191525793960318,45.968330539763,0.559845085022971,0.983304652385414,0,0,0.96229856275022,0.01,0.01,216.761347075982,15.2410952448845,0.01,"C3",0.64,0.015,2.48,2.83,0.114,15,0.51,0,1,1,0.01,1,500,0.06,1180,1800,1.55,25,0.5,25,45,4.34879835348111,2.97742546524387,-0.101490264292806,0.0776543258689344,1,0.1,0,1,1,0.25,1.34,0.3,10,0.35,20.6,0.2,0.01,10,0,5,600,300,20,970,15,0.297094692708924,2,410,209,"2018-08-01","2018-09-01",51.55,5.55,1,7.49942603521049,19.573683970375,13.768176259473
4.07065626047552,21.159307072831,5.71142100379802,5.58559647877701,0.083006985951215,0.135560748027638,35.1251309690997,0.160851947497576,0.265206187264994,0,0,0.110641797771677,0.01,0.01,178.565653246304,2.99679516162723,0.01,"C3",0.64,0.015,2.48,2.83,0.114,15,0.51,0,1,1,0.01,1,500,0.06,1180,1800,1.55,25,0.5,25,45,2.03014423467685,4.07015474094078,0.249996210914105,0.956359071657062,1,0.1,0,1,1,0.25,1.34,0.3,10,0.35,20.6,0.2,0.01,10,0,5,600,300,20,970,15,0.0840529787819833,2,410,209,"2018-08-01","2018-09-01",51.55,5.55,1,8.70949839125387,16.5868284227327,75.764097198844
4.06129012140445,44.1968176038867,7.23549965186976,6.31037590047345,0.0565012012608349,0.0825016489252448,28.7266073841602,0.113603110425174,0.788941435515881,0,0,0.257623593322933,0.01,0.01,76.8863867765758,4.31210929853842,0.01,"C3",0.64,0.015,2.48,2.83,0.114,15,0.51,0,1,1,0.01,1,500,0.06,1180,1800,1.55,25,0.5,25,45,3.29220893476158,2.55350115487818,0.0103975269012153,-0.85554946353659,1,0.1,0,1,1,0.25,1.34,0.3,10,0.35,20.6,0.2,0.01,10,0,5,600,300,20,970,15,0.310307152802125,2,410,209,"2018-08-01","2018-09-01",51.55,5.55,1,6.14769999403507,16.8800524505787,53.33259859588
2.38768636621535,88.0027266978944,0.560543057508767,3.08182714716531,0.0761159655172378,0.0830840990878642,2.08706798963249,0.742474590428174,0.797964157536626,0,0,0.263460353948176,0.01,0.01,150.316873593256,6.18423275253735,0.01,"C3",0.64,0.015,2.48,2.83,0.114,15,0.51,0,1,1,0.01,1,500,0.06,1180,1800,1.55,25,0.5,25,45,1.70160512661096,1.58992136223242,-0.0219670021906495,-0.585770577192307,1,0.1,0,1,1,0.25,1.34,0.3,10,0.35,20.6,0.2,0.01,10,0,5,600,300,20,970,15,0.0460839839652181,2,410,209,"2018-08-01","2018-09-01",51.55,5.55,1,12.350349604385,24.5524739858229,157.974950736389
1.94114497373812,29.3767101620507,13.2091630017385,2.78174506803043,0.15735363131389,0.0206713682971895,14.4116669241339,0.225295417243615,0.879135978873819,0,0,0.716334724100307,0.01,0.01,94.4093776193913,15.8636343216058,0.01,"C3",0.64,0.015,2.48,2.83,0.114,15,0.51,0,1,1,0.01,1,500,0.06,1180,1800,1.55,25,0.5,25,45,1.16635926817544,2.66014345618896,-0.124627412762493,-0.044599290471524,1,0.1,0,1,1,0.25,1.34,0.3,10,0.35,20.6,0.2,0.01,10,0,5,600,300,20,970,15,0.824119930155575,2,410,209,"2018-08-01","2018-09-01",51.55,5.55,1,11.055747885257,16.3820916262921,48.3958669239655
3.6119761839509,72.6210930369204,10.4615812888369,2.60083357663825,0.19710504738614,0.176903471769765,25.868900148198,0.185348650440574,0.242462304886431,0,0,0.5434668159578,0.01,0.01,149.352733128704,16.5702736701351,0.01,"C3",0.64,0.015,2.48,2.83,0.114,15,0.51,0,1,1,0.01,1,500,0.06,1180,1800,1.55,25,0.5,25,45,4.97514567147009,4.28218065202236,-0.916533618234098,0.693248051218688,1,0.1,0,1,1,0.25,1.34,0.3,10,0.35,20.6,0.2,0.01,10,0,5,600,300,20,970,15,0.425772953778505,2,410,209,"2018-08-01","2018-09-01",51.55,5.55,1,9.60354436305352,26.88456032658,102.000134401023
1.81142006465234,85.3980821977871,24.3699491547886,3.70166001282632,0.101673764362931,0.197432110412046,41.0094055719674,0.310674677370116,0.55952882161364,0,0,0.0493175161536783,0.01,0.01,157.262352301041,18.8802748830058,0.01,"C3",0.64,0.015,2.48,2.83,0.114,15,0.51,0,1,1,0.01,1,500,0.06,1180,1800,1.55,25,0.5,25,45,0.294306989666074,4.9643463678658,-0.59776024799794,-0.661647849716246,1,0.1,0,1,1,0.25,1.34,0.3,10,0.35,20.6,0.2,0.01,10,0,5,600,300,20,970,15,0.334572859574109,2,410,209,"2018-08-01","2018-09-01",51.55,5.55,1,6.96140995714813,29.1351660573855,40.7532655913383
1.60118331899866,30.9110212962436,1.23920004116371,0.516497883247212,0.161553086154163,0.118330907216296,49.793963637203,0.901993250939995,0.904773552902043,0,0,0.059078463120386,0.01,0.01,191.204752202844,19.0744412676431,0.01,"C3",0.64,0.015,2.48,2.83,0.114,15,0.51,0,1,1,0.01,1,500,0.06,1180,1800,1.55,25,0.5,25,45,1.19627470381092,1.599056091276,-0.581713434308767,-0.463192398659885,1,0.1,0,1,1,0.25,1.34,0.3,10,0.35,20.6,0.2,0.01,10,0,5,600,300,20,970,15,0.418677452486008,2,410,209,"2018-08-01","2018-09-01",51.55,5.55,1,8.61111819162033,19.5404193224385,101.548594823107
4.49821358383633,39.5476660560817,15.9625306201633,5.0179483781103,0.192619151901454,0.180925448751077,9.48659077752382,0.510393286589533,0.00819856929592788,0,0,0.137099656043574,0.01,0.01,50.5690216625808,3.10032630409114,0.01,"C3",0.64,0.015,2.48,2.83,0.114,15,0.51,0,1,1,0.01,1,500,0.06,1180,1800,1.55,25,0.5,25,45,0.759780512866564,3.30367424781434,0.203103884123266,0.902808816637844,1,0.1,0,1,1,0.25,1.34,0.3,10,0.35,20.6,0.2,0.01,10,0,5,600,300,20,970,15,0.360124682076275,2,410,209,"2018-08-01","2018-09-01",51.55,5.55,1,14.4472459936514,23.4451208158862,133.401260683313
1.60462441225536,45.7430344270694,12.3473321960773,1.69968646741472,0.0819330458994955,0.0615075739100575,45.5530481692404,0.019030069001019,0.163499225163832,0,0,0.483948722947389,0.01,0.01,195.204827326466,10.2053859464359,0.01,"C3",0.64,0.015,2.48,2.83,0.114,15,0.51,0,1,1,0.01,1,500,0.06,1180,1800,1.55,25,0.5,25,45,1.76032600835897,2.56455410236958,-0.832012694329023,0.38272468233481,1,0.1,0,1,1,0.25,1.34,0.3,10,0.35,20.6,0.2,0.01,10,0,5,600,300,20,970,15,0.233770624734461,2,410,209,"2018-08-01","2018-09-01",51.55,5.55,1,5.05948780453764,15.0532264646608,59.7699704719707
2.51517385127954,55.475329820731,0.117656326619908,5.91149908327498,0.177099672332406,0.135194397950545,25.938404398039,0.0122564355842769,0.259828325128183,0,0,0.794477531453595,0.01,0.01,54.5883659020183,3.70052992110141,0.01,"C3",0.64,0.015,2.48,2.83,0.114,15,0.51,0,1,1,0.01,1,500,0.06,1180,1800,1.55,25,0.5,25,45,6.22316950203385,4.31767551624216,0.209849717561156,0.820141659118235,1,0.1,0,1,1,0.25,1.34,0.3,10,0.35,20.6,0.2,0.01,10,0,5,600,300,20,970,15,0.19114388525486,2,410,209,"2018-08-01","2018-09-01",51.55,5.55,1,1.53268618974835,23.9620311919134,26.1578506417572
4.24519128492102,54.7319100372042,4.63549555279315,6.96722787572071,0.00569823128171265,0.147160445991904,15.8356266003102,0.132970178034157,0.772765430388972,0,0,0.485509644960985,0.01,0.01,124.527528052276,8.03403131524101,0.01,"C3",0.64,0.015,2.48,2.83,0.114,15,0.51,0,1,1,0.01,1,500,0.06,1180,1800,1.55,25,0.5,25,45,6.42512463685125,3.77165144926403,0.99561077542603,-0.108848633710295,1,0.1,0,1,1,0.25,1.34,0.3,10,0.35,20.6,0.2,0.01,10,0,5,600,300,20,970,15,0.186111402697861,2,410,209,"2018-08-01","2018-09-01",51.55,5.55,1,1.82716820505448,17.0449591695797,163.327202559449
3.35170580889098,33.2800138829428,15.8562726690434,0.735074063530192,0.137258408451453,0.0815024401061237,25.2529518026859,0.908874179702252,0.0710869608446956,0,0,0.153334938455373,0.01,0.01,170.046026469558,16.6546056021471,0.01,"C3",0.64,0.015,2.48,2.83,0.114,15,0.51,0,1,1,0.01,1,500,0.06,1180,1800,1.55,25,0.5,25,45,5.75524227356073,1.36087069206405,0.162865366786718,-0.998496425338089,1,0.1,0,1,1,0.25,1.34,0.3,10,0.35,20.6,0.2,0.01,10,0,5,600,300,20,970,15,0.718537265667692,2,410,209,"2018-08-01","2018-09-01",51.55,5.55,1,1.29289822652936,27.0566518208943,168.309058165178
2.35885604610667,44.554649311633,12.9618072533049,3.39553934382275,0.0774386853910983,0.166158289415762,49.0771813876927,0.36755126924254,0.895767341600731,0,0,0.390150967054069,0.01,0.01,87.6416651910986,14.9529244389851,0.01,"C3",0.64,0.015,2.48,2.83,0.114,15,0.51,0,1,1,0.01,1,500,0.06,1180,1800,1.55,25,0.5,25,45,3.98938701106235,1.72210471495055,-0.799324809107929,0.452409613877535,1,0.1,0,1,1,0.25,1.34,0.3,10,0.35,20.6,0.2,0.01,10,0,5,600,300,20,970,15,0.479000998428091,2,410,209,"2018-08-01","2018-09-01",51.55,5.55,1,5.86486074258573,16.5697976772208,126.147761670873
3.71339220902883,48.4947360470255,22.2919826803263,4.78587577561848,0.0565579328685999,0.120800696825609,57.4353260407224,0.625943251652643,0.314958069706336,0,0,0.510925678303465,0.01,0.01,10.7189246570924,19.3186066413764,0.01,"C3",0.64,0.015,2.48,2.83,0.114,15,0.51,0,1,1,0.01,1,500,0.06,1180,1800,1.55,25,0.5,25,45,5.24542837494519,1.27597050485201,-0.234998090658337,0.884074447210878,1,0.1,0,1,1,0.25,1.34,0.3,10,0.35,20.6,0.2,0.01,10,0,5,600,300,20,970,15,0.157951993634924,2,410,209,"2018-08-01","2018-09-01",51.55,5.55,1,1.40580035978928,21.3348205131479,87.9419162962586
4.00216292752884,68.0951778739062,16.9400541053619,5.73655635560863,0.167801593337208,0.0940626177471131,20.7418351387605,0.241745897568762,0.889180848142132,0,0,0.0979831512086093,0.01,0.01,227.056409513752,9.58774676150642,0.01,"C3",0.64,0.015,2.48,2.83,0.114,15,0.51,0,1,1,0.01,1,500,0.06,1180,1800,1.55,25,0.5,25,45,2.36732361102477,2.90217240329366,0.465658982750028,-0.935536750592291,1,0.1,0,1,1,0.25,1.34,0.3,10,0.35,20.6,0.2,0.01,10,0,5,600,300,20,970,15,0.962770452024415,2,410,209,"2018-08-01","2018-09-01",51.55,5.55,1,2.93891374720261,18.9299066201784,35.5618553655222
2.44281234126538,13.8621407182934,12.8441997570917,5.35897312033921,0.115165046043694,0.0309781497810036,49.1497269691899,0.726513080997393,0.608761021634564,0,0,0.187709142221138,0.01,0.01,23.9963767590234,6.66304730740376,0.01,"C3",0.64,0.015,2.48,2.83,0.114,15,0.51,0,1,1,0.01,1,500,0.06,1180,1800,1.55,25,0.5,25,45,1.78987047339324,2.00235750840511,0.123810010962188,-0.587976566981524,1,0.1,0,1,1,0.25,1.34,0.3,10,0.35,20.6,0.2,0.01,10,0,5,600,300,20,970,15,0.687904139515013,2,410,209,"2018-08-01","2018-09-01",51.55,5.55,1,14.5072356029414,26.8485128588509,21.5080840699375
2.97769964346662,20.8706816584715,7.68056202214211,2.98760152072646,0.129071832867339,0.000740268314257264,38.9252462005243,0.911001049680635,0.455347936600447,0,0,0.878354589221999,0.01,0.01,130.643906215089,10.6032783763949,0.01,"C3",0.64,0.015,2.48,2.83,0.114,15,0.51,0,1,1,0.01,1,500,0.06,1180,1800,1.55,25,0.5,25,45,0.923997705220245,4.74222227931023,0.820239967666566,0.187868535984308,1,0.1,0,1,1,0.25,1.34,0.3,10,0.35,20.6,0.2,0.01,10,0,5,600,300,20,970,15,0.362791520776227,2,410,209,"2018-08-01","2018-09-01",51.55,5.55,1,8.33163847681135,20.2189441595692,110.431729014963
3.59212129865773,65.0212260521265,9.9347330047749,6.551801022375,0.0724869707133621,0.185389434266835,12.1763857360929,0.68436663527973,0.701574387727305,0,0,0.354728776030242,0.01,0.01,206.534396912204,4.19369527860545,0.01,"C3",0.64,0.015,2.48,2.83,0.114,15,0.51,0,1,1,0.01,1,500,0.06,1180,1800,1.55,25,0.5,25,45,4.57650592061691,4.83673049334902,-0.85982340388,-0.0320899821817875,1,0.1,0,1,1,0.25,1.34,0.3,10,0.35,20.6,0.2,0.01,10,0,5,600,300,20,970,15,0.853135082637891,2,410,209,"2018-08-01","2018-09-01",51.55,5.55,1,4.6285225788597,20.9102951560635,46.7865644395351
3.42438706196845,53.224527026524,3.83240435039625,5.10307627730072,0.121446052473038,0.189819480571896,49.4060604879633,0.475908183725551,0.755594176938757,0,0,0.068722388939932,0.01,0.01,88.8249524508719,12.3916773987003,0.01,"C3",0.64,0.015,2.48,2.83,0.114,15,0.51,0,1,1,0.01,1,500,0.06,1180,1800,1.55,25,0.5,25,45,5.36752011517528,1.94651562557556,-0.253919411916286,-0.118690502364188,1,0.1,0,1,1,0.25,1.34,0.3,10,0.35,20.6,0.2,0.01,10,0,5,600,300,20,970,15,0.870199563913047,2,410,209,"2018-08-01","2018-09-01",51.55,5.55,1,7.68861591699533,27.5998689467087,155.876500750892
3.43176874495111,67.2830497245179,9.49522369774058,2.36121148592792,0.183724778052419,0.100525137875229,44.2627677787095,0.585117819253355,0.527807509992272,0,0,0.15187276666984,0.01,0.01,137.485744184698,14.0675709948409,0.01,"C3",0.64,0.015,2.48,2.83,0.114,15,0.51,0,1,1,0.01,1,500,0.06,1180,1800,1.55,25,0.5,25,45,2.37322922060266,3.54168115754146,-0.513351664878428,-0.0951192118227482,1,0.1,0,1,1,0.25,1.34,0.3,10,0.35,20.6,0.2,0.01,10,0,5,600,300,20,970,15,0.827481605811045,2,410,209,"2018-08-01","2018-09-01",51.55,5.55,1,9.44749893271364,26.358153289184,165.729585886002
4.43356021447107,62.9958373430704,6.75885391538031,3.35282350284979,0.170402030460536,0.0452875027898699,39.1166818421334,0.638631946640089,0.0162729262374341,0,0,0.0698216839227825,0.01,0.01,43.6243695193552,17.3786577803548,0.01,"C3",0.64,0.015,2.48,2.83,0.114,15,0.51,0,1,1,0.01,1,500,0.06,1180,1800,1.55,25,0.5,25,45,2.10003053243272,1.05496031674556,0.114802340045571,0.834660241845995,1,0.1,0,1,1,0.25,1.34,0.3,10,0.35,20.6,0.2,0.01,10,0,5,600,300,20,970,15,0.402690515853465,2,410,209,"2018-08-01","2018-09-01",51.55,5.55,1,5.52358331624418,16.1604784545489,71.5071747964248
2.74420600337908,58.5204097335801,23.6322439857759,6.75851653888822,0.198580556595698,0.172440112102777,13.3799241576344,0.00562218856066465,0.0767243711743504,0,0,0.477887491695583,0.01,0.01,67.0580566132558,18.2919863252901,0.01,"C3",0.64,0.015,2.48,2.83,0.114,15,0.51,0,1,1,0.01,1,500,0.06,1180,1800,1.55,25,0.5,25,45,6.41229711626656,3.69431144220289,-0.881104413419962,-0.00460964487865567,1,0.1,0,1,1,0.25,1.34,0.3,10,0.35,20.6,0.2,0.01,10,0,5,600,300,20,970,15,0.275655945530161,2,410,209,"2018-08-01","2018-09-01",51.55,5.55,1,1.37636479921639,16.0702056612354,117.027821782976
1.85821433993988,45.7853163861645,6.30651004612446,6.39592758077197,0.086578877363354,0.0726981276646256,15.4184420127422,0.760331577854231,0.671564008109272,0,0,0.280067712068558,0.01,0.01,151.89914443047,3.7228893134743,0.01,"C3",0.64,0.015,2.48,2.83,0.114,15,0.51,0,1,1,0.01,1,500,0.06,1180,1800,1.55,25,0.5,25,45,3.81626949475613,3.94416782644112,-0.72068205056712,-0.259598121512681,1,0.1,0,1,1,0.25,1.34,0.3,10,0.35,20.6,0.2,0.01,10,0,5,600,300,20,970,15,0.621536011807621,2,410,209,"2018-08-01","2018-09-01",51.55,5.55,1,10.7853170845192,19.058950493345,92.8878383897245
3.07808898040093,70.2135592902853,18.3932860323694,1.5965540301986,0.175107995327562,0.0979971151333302,23.8298922171816,0.518490449292585,0.718785759294406,0,0,0.540133778005838,0.01,0.01,158.388549675816,6.39980034274049,0.01,"C3",0.64,0.015,2.48,2.83,0.114,15,0.51,0,1,1,0.01,1,500,0.06,1180,1800,1.55,25,0.5,25,45,6.0492631386267,1.99203672120348,-0.640253879595548,0.621476685628295,1,0.1,0,1,1,0.25,1.34,0.3,10,0.35,20.6,0.2,0.01,10,0,5,600,300,20,970,15,0.860662709223107,2,410,209,"2018-08-01","2018-09-01",51.55,5.55,1,3.76143586705439,17.7348520851228,119.052999685518
2.17522005247883,39.4612935724536,1.69206254649907,2.1508165311534,0.0729491506237537,0.189447326818481,47.6332150166854,0.560752740362659,0.456487480085343,0,0,0.939345643855631,0.01,0.01,162.931400491041,7.26077115559019,0.01,"C3",0.64,0.015,2.48,2.83,0.114,15,0.51,0,1,1,0.01,1,500,0.06,1180,1800,1.55,25,0.5,25,45,6.19270847546868,1.4736265859101,-0.00476919859647751,-0.302028853446245,1,0.1,0,1,1,0.25,1.34,0.3,10,0.35,20.6,0.2,0.01,10,0,5,600,300,20,970,15,0.985142867313698,2,410,209,"2018-08-01","2018-09-01",51.55,5.55,1,13.9066965866368,18.4501371032093,65.5558324372396
2.95923529216088,17.6445246923755,9.27022484247573,2.42679643747397,0.0134307368192822,0.1115185062401,43.7249530339614,0.479685330530629,0.223454132676125,0,0,0.352473229635507,0.01,0.01,228.75044049148,11.4343291858677,0.01,"C3",0.64,0.015,2.48,2.83,0.114,15,0.51,0,1,1,0.01,1,500,0.06,1180,1800,1.55,25,0.5,25,45,2.98251871387474,2.52133932930883,-0.262941440101713,-0.859821802470833,1,0.1,0,1,1,0.25,1.34,0.3,10,0.35,20.6,0.2,0.01,10,0,5,600,300,20,970,15,0.0219723240006715,2,410,209,"2018-08-01","2018-09-01",51.55,5.55,1,9.01024601887912,20.8576440811157,10.9980494622141
2.61064439546317,48.2213886509867,5.43783833854832,0.306039303774014,0.0799521719105542,0.00576908220537007,55.8131887530908,0.831726441159844,0.725688450969756,0,0,0.542559077497572,0.01,0.01,32.5416530359071,14.7912143536378,0.01,"C3",0.64,0.015,2.48,2.83,0.114,15,0.51,0,1,1,0.01,1,500,0.06,1180,1800,1.55,25,0.5,25,45,2.9505571162561,2.27388067753054,-0.28190481569618,-0.934077900834382,1,0.1,0,1,1,0.25,1.34,0.3,10,0.35,20.6,0.2,0.01,10,0,5,600,300,20,970,15,0.615980780683458,2,410,209,"2018-08-01","2018-09-01",51.55,5.55,1,7.83200604259036,28.8526227115653,162.131265657954
4.4500505423639,39.0274527779335,21.9745430164039,6.74541497509927,0.0998269618488848,0.181696565961465,0.514789447188377,0.0351119404658675,0.0175641807727516,0,0,0.0242955149151385,0.01,0.01,197.102708925377,7.48323244065978,0.01,"C3",0.64,0.015,2.48,2.83,0.114,15,0.51,0,1,1,0.01,1,500,0.06,1180,1800,1.55,25,0.5,25,45,0.74870802666992,3.08669960033149,0.953008085954934,0.885739961639047,1,0.1,0,1,1,0.25,1.34,0.3,10,0.35,20.6,0.2,0.01,10,0,5,600,300,20,970,15,0.589729696745053,2,410,209,"2018-08-01","2018-09-01",51.55,5.55,1,11.8070648121648,22.0402360497974,87.2881239512935
2.66495734546334,44.5350378637615,10.5830212123692,5.70887600490823,0.153736382350326,0.0268490984104574,10.5836189864203,0.669928674818948,0.543303207261488,0,0,0.602401001844555,0.01,0.01,22.8764705137582,1.30449673440307,0.01,"C3",0.64,0.015,2.48,2.83,0.114,15,0.51,0,1,1,0.01,1,500,0.06,1180,1800,1.55,25,0.5,25,45,5.95647560504731,3.62391323409975,-0.548757093492895,0.130453161429614,1,0.1,0,1,1,0.25,1.34,0.3,10,0.35,20.6,0.2,0.01,10,0,5,600,300,20,970,15,0.258363580796868,2,410,209,"2018-08-01","2018-09-01",51.55,5.55,1,10.5863489722833,16.0185604530852,98.5067957499996
2.18773452099413,30.6593619466218,8.02588892984204,4.72305972897448,0.0462589437142015,0.059469828568399,37.1326555358246,0.784790770150721,0.0813295347616076,0,0,0.334069720702246,0.01,0.01,151.767994291324,15.9143618899398,0.01,"C3",0.64,0.015,2.48,2.83,0.114,15,0.51,0,1,1,0.01,1,500,0.06,1180,1800,1.55,25,0.5,25,45,6.99295756218489,0.7717935515102,0.0122816958464682,0.682866078335792,1,0.1,0,1,1,0.25,1.34,0.3,10,0.35,20.6,0.2,0.01,10,0,5,600,300,20,970,15,0.974228937411681,2,410,209,"2018-08-01","2018-09-01",51.55,5.55,1,14.0380988584366,17.0586441911291,179.726246707141
3.36989263887517,81.5829112361618,10.315277823247,2.84230587026104,0.0787661793176085,0.0453585599549115,25.6629068730399,0.757478252286091,0.902304844232276,0,0,0.414498282130808,0.01,0.01,143.587844827387,18.1459096607286,0.01,"C3",0.64,0.015,2.48,2.83,0.114,15,0.51,0,1,1,0.01,1,500,0.06,1180,1800,1.55,25,0.5,25,45,0.968557608337142,3.54973739862908,0.449477314949036,0.464021688327193,1,0.1,0,1,1,0.25,1.34,0.3,10,0.35,20.6,0.2,0.01,10,0,5,600,300,20,970,15,0.0439547575078905,2,410,209,"2018-08-01","2018-09-01",51.55,5.55,1,2.28633128805086,15.9162762458436,179.230431527831
1.90962059120648,52.2324099639442,3.90989966108464,1.8630176729057,0.0833824987523258,0.0310145081952214,17.8471747040749,0.0700403663795441,0.785529610700905,0,0,0.0194480593781918,0.01,0.01,158.801538366301,11.0124868678395,0.01,"C3",0.64,0.015,2.48,2.83,0.114,15,0.51,0,1,1,0.01,1,500,0.06,1180,1800,1.55,25,0.5,25,45,4.46183965385426,4.18273727921769,-0.16741999797523,0.962138530798256,1,0.1,0,1,1,0.25,1.34,0.3,10,0.35,20.6,0.2,0.01,10,0,5,600,300,20,970,15,0.749408702598885,2,410,209,"2018-08-01","2018-09-01",51.55,5.55,1,5.06443547434174,22.9824755550362,78.8292070571333
4.40240848297253,48.1272641217791,15.7281717460137,6.49825441860594,0.155292540462688,0.0189222916960716,50.5337021173909,0.068638572236523,0.432249192614108,0,0,0.606745808850974,0.01,0.01,52.2006423444254,5.90767280454747,0.01,"C3",0.64,0.015,2.48,2.83,0.114,15,0.51,0,1,1,0.01,1,500,0.06,1180,1800,1.55,25,0.5,25,45,0.368810630682856,4.46400680276565,-0.595008263830096,-0.18547591380775,1,0.1,0,1,1,0.25,1.34,0.3,10,0.35,20.6,0.2,0.01,10,0,5,600,300,20,970,15,0.303944817045704,2,410,209,"2018-08-01","2018-09-01",51.55,5.55,1,6.90256563364528,27.7609041065443,4.32124734856188
3.04521542368457,25.1016475533736,19.234915135894,2.56601507193409,0.105628390191123,0.113482274580747,15.066095944494,0.364095291122794,0.6140524931252,0,0,0.218219663016498,0.01,0.01,119.098421287781,16.2553193401545,0.01,"C3",0.64,0.015,2.48,2.83,0.114,15,0.51,0,1,1,0.01,1,500,0.06,1180,1800,1.55,25,0.5,25,45,4.89864321777131,0.891217963886447,-0.462938558775932,0.616569904144853,1,0.1,0,1,1,0.25,1.34,0.3,10,0.35,20.6,0.2,0.01,10,0,5,600,300,20,970,15,0.555796873988584,2,410,209,"2018-08-01","2018-09-01",51.55,5.55,1,8.19971112417988,24.3110652908217,24.6495721768588
1.98921098769642,45.016186444892,22.5449976627715,3.84644477837719,0.0219378044363111,0.173009803425521,11.8265580525622,0.130014680558816,0.768446246162057,0,0,0.736694968771189,0.01,0.01,227.883977696358,3.81501827668399,0.01,"C3",0.64,0.015,2.48,2.83,0.114,15,0.51,0,1,1,0.01,1,500,0.06,1180,1800,1.55,25,0.5,25,45,4.43499804462772,1.61799524247181,-0.877659705001861,-0.440316648688167,1,0.1,0,1,1,0.25,1.34,0.3,10,0.35,20.6,0.2,0.01,10,0,5,600,300,20,970,15,0.84082814026624,2,410,209,"2018-08-01","2018-09-01",51.55,5.55,1,7.68531714915298,22.7043026767205,86.703390693292
3.36570688546635,27.4178091452446,15.2537565561943,3.64732938352972,0.09654531609267,0.00664375671185553,2.09385068155825,0.0555429835803807,0.215095174964517,0,0,0.659099490148947,0.01,0.01,41.3971829867223,10.5710981565062,0.01,"C3",0.64,0.015,2.48,2.83,0.114,15,0.51,0,1,1,0.01,1,500,0.06,1180,1800,1.55,25,0.5,25,45,2.59817441476043,4.26572173007298,-0.581007597967982,0.0912952129729092,1,0.1,0,1,1,0.25,1.34,0.3,10,0.35,20.6,0.2,0.01,10,0,5,600,300,20,970,15,0.30526150111109,2,410,209,"2018-08-01","2018-09-01",51.55,5.55,1,12.1644289093092,22.1050677343737,105.236359848641
4.45786249567755,76.5181668519849,15.7671523746103,6.4889363925904,0.0203705514315516,0.179394799191505,2.56637876853347,0.0129934484139085,0.45780860283412,0,0,0.760362568078563,0.01,0.01,34.1753877452575,11.7642923737876,0.01,"C3",0.64,0.015,2.48,2.83,0.114,15,0.51,0,1,1,0.01,1,500,0.06,1180,1800,1.55,25,0.5,25,45,6.19305289492477,2.18754742061719,0.589486464392394,0.281401173677295,1,0.1,0,1,1,0.25,1.34,0.3,10,0.35,20.6,0.2,0.01,10,0,5,600,300,20,970,15,0.320820331806317,2,410,209,"2018-08-01","2018-09-01",51.55,5.55,1,10.1500746177044,19.201762676239,146.413008444943
3.50631455238909,64.4244161422579,16.5516044886317,3.51214582752436,0.17902144305408,0.169339098129421,32.9470036178827,0.305183103773743,9.37420409172773e-05,0,0,0.280389635125175,0.01,0.01,187.920048132539,12.2413421978708,0.01,"C3",0.64,0.015,2.48,2.83,0.114,15,0.51,0,1,1,0.01,1,500,0.06,1180,1800,1.55,25,0.5,25,45,5.23459822759032,3.08355887397192,-0.345768754370511,0.817293392494321,1,0.1,0,1,1,0.25,1.34,0.3,10,0.35,20.6,0.2,0.01,10,0,5,600,300,20,970,15,0.486546019790694,2,410,209,"2018-08-01","2018-09-01",51.55,5.55,1,1.55167384073138,15.0701561907772,107.817598697729
2.75674769072793,43.3515431086655,23.2499862380791,4.45841071684845,0.110136321000755,0.138354168972,18.6243774555624,0.400028676260263,0.74401154415682,0,0,0.914762865984812,0.01,0.01,15.8800994431949,19.7577716279775,0.01,"C3",0.64,0.015,2.48,2.83,0.114,15,0.51,0,1,1,0.01,1,500,0.06,1180,1800,1.55,25,0.5,25,45,2.1653292206116,1.64868293120526,0.160081631503999,-0.7684371676296,1,0.1,0,1,1,0.25,1.34,0.3,10,0.35,20.6,0.2,0.01,10,0,5,600,300,20,970,15,0.792565869400278,2,410,209,"2018-08-01","2018-09-01",51.55,5.55,1,9.74596026702784,18.5301246203016,71.695249741897
2.47003497951664,75.8989159134061,24.8061585531104,1.64465618156828,0.185307190427557,0.131621251767501,10.5208946345374,0.84689312055707,0.725962279131636,0,0,0.119007479632273,0.01,0.01,112.686067609524,16.4982862803154,0.01,"C3",0.64,0.015,2.48,2.83,0.114,15,0.51,0,1,1,0.01,1,500,0.06,1180,1800,1.55,25,0.5,25,45,4.88790796340909,0.580267088138498,0.757827827706933,0.621863713022321,1,0.1,0,1,1,0.25,1.34,0.3,10,0.35,20.6,0.2,0.01,10,0,5,600,300,20,970,15,0.988222383661196,2,410,209,"2018-08-01","2018-09-01",51.55,5.55,1,6.55810358352028,25.3751513944007,37.6308002555743
4.00576595985331,48.2004960596867,6.46291057928465,2.54474563733675,0.155297440756112,0.0660367508418858,51.4139307104051,0.923893241211772,0.109111678320915,0,0,0.218267957912758,0.01,0.01,118.435218685714,5.76334019401111,0.01,"C3",0.64,0.015,2.48,2.83,0.114,15,0.51,0,1,1,0.01,1,500,0.06,1180,1800,1.55,25,0.5,25,45,2.85523761361837,2.45934679126367,-0.895378159359097,0.247029070742428,1,0.1,0,1,1,0.25,1.34,0.3,10,0.35,20.6,0.2,0.01,10,0,5,600,300,20,970,15,0.405008672038093,2,410,209,"2018-08-01","2018-09-01",51.55,5.55,1,8.53572954190895,15.0730563921388,176.512609021738
1.93145113089122,53.2903741701168,7.27107997518033,6.25451410445385,0.12845166111365,0.0302426205947995,57.1481575956568,0.483855495462194,0.714842763729393,0,0,0.77604982117191,0.01,0.01,20.6762011549436,5.48019702988677,0.01,"C3",0.64,0.015,2.48,2.83,0.114,15,0.51,0,1,1,0.01,1,500,0.06,1180,1800,1.55,25,0.5,25,45,5.24705007846933,4.57929293334018,0.7446180107072,0.335830135736614,1,0.1,0,1,1,0.25,1.34,0.3,10,0.35,20.6,0.2,0.01,10,0,5,600,300,20,970,15,0.852051933994517,2,410,209,"2018-08-01","2018-09-01",51.55,5.55,1,7.20178775140084,21.8180716352072,107.555200243369
2.07844784064218,33.4690554872642,22.7899790683296,5.36170293251052,0.0683528509456664,0.0671799223404378,5.19737903494388,0.163937565404922,0.727931679459289,0,0,0.437183669768274,0.01,0.01,170.267299305124,2.28263867902569,0.01,"C3",0.64,0.015,2.48,2.83,0.114,15,0.51,0,1,1,0.01,1,500,0.06,1180,1800,1.55,25,0.5,25,45,5.77735841353424,4.89500897971448,-0.518456914462149,0.688647140283138,1,0.1,0,1,1,0.25,1.34,0.3,10,0.35,20.6,0.2,0.01,10,0,5,600,300,20,970,15,0.0803902524057776,2,410,209,"2018-08-01","2018-09-01",51.55,5.55,1,9.78424767265096,24.1033891984262,89.2005889769644
4.19021604792215,10.6267688665156,9.33268067310564,5.56810145499185,0.155107016302645,0.10811060955748,36.8803285807371,0.372695812257007,0.426974656525999,0,0,0.072963657323271,0.01,0.01,69.0502339482773,15.1332426865119,0.01,"C3",0.64,0.015,2.48,2.83,0.114,15,0.51,0,1,1,0.01,1,500,0.06,1180,1800,1.55,25,0.5,25,45,4.0474551590858,2.54268125048839,-0.246909799985588,-0.856511616148055,1,0.1,0,1,1,0.25,1.34,0.3,10,0.35,20.6,0.2,0.01,10,0,5,600,300,20,970,15,0.809713886352256,2,410,209,"2018-08-01","2018-09-01",51.55,5.55,1,14.8663234035484,22.2050169529393,66.6799664357677
2.42435866291635,54.7614298312543,18.0886558606289,2.2612203923054,0.0563654864672571,0.0569985353853554,24.1169802378863,0.62364317337051,0.348419706569985,0,0,0.660393999423832,0.01,0.01,140.910936664382,9.49363429378718,0.01,"C3",0.64,0.015,2.48,2.83,0.114,15,0.51,0,1,1,0.01,1,500,0.06,1180,1800,1.55,25,0.5,25,45,2.34039238304831,2.64046514895745,0.60536733828485,-0.130589259788394,1,0.1,0,1,1,0.25,1.34,0.3,10,0.35,20.6,0.2,0.01,10,0,5,600,300,20,970,15,0.0289736425038427,2,410,209,"2018-08-01","2018-09-01",51.55,5.55,1,2.81501064193435,21.6531417926308,27.0900252694264
2.58990163053386,76.8524784001216,20.9993060387205,0.647575910435989,0.0479403432458639,0.0859598643146455,10.1800138503313,0.905339861288667,0.225311259971932,0,0,0.158612578408793,0.01,0.01,88.0191142750555,1.85027021891437,0.01,"C3",0.64,0.015,2.48,2.83,0.114,15,0.51,0,1,1,0.01,1,500,0.06,1180,1800,1.55,25,0.5,25,45,1.10877884863876,3.90719582256861,0.0717021962627769,0.502731107641011,1,0.1,0,1,1,0.25,1.34,0.3,10,0.35,20.6,0.2,0.01,10,0,5,600,300,20,970,15,0.927288983482867,2,410,209,"2018-08-01","2018-09-01",51.55,5.55,1,6.34511412936263,16.4394400594756,174.348282390274
3.85183943621814,54.5711394652437,2.91719261440448,6.67787735909224,0.000452018156647682,0.0599787338636816,49.9174581561238,0.670377628412098,0.653510298347101,0,0,0.795335695846006,0.01,0.01,113.38635047921,17.7018843796104,0.01,"C3",0.64,0.015,2.48,2.83,0.114,15,0.51,0,1,1,0.01,1,500,0.06,1180,1800,1.55,25,0.5,25,45,1.00603687674738,2.70008081290871,-0.68148409947753,-0.302199691068381,1,0.1,0,1,1,0.25,1.34,0.3,10,0.35,20.6,0.2,0.01,10,0,5,600,300,20,970,15,0.156191234709695,2,410,209,"2018-08-01","2018-09-01",51.55,5.55,1,8.63565896870568,27.9777823830955,59.4125066930428
2.08013603975996,56.2090016108329,21.1136369500309,3.15014295559376,0.0770358997862786,0.0850201646797359,40.0738849444315,0.919281776994467,0.077197149861604,0,0,0.633749770233408,0.01,0.01,191.055992054404,14.2426369388122,0.01,"C3",0.64,0.015,2.48,2.83,0.114,15,0.51,0,1,1,0.01,1,500,0.06,1180,1800,1.55,25,0.5,25,45,0.238669395190664,4.16236695682164,0.183935037814081,-0.893805273808539,1,0.1,0,1,1,0.25,1.34,0.3,10,0.35,20.6,0.2,0.01,10,0,5,600,300,20,970,15,0.0584121898282319,2,410,209,"2018-08-01","2018-09-01",51.55,5.55,1,9.00500203133561,22.9872682713903,17.6626424957067
1.55329743563198,37.248624698391,16.4055230037775,3.9078887347132,0.129183439025655,0.137078042654321,31.1228687362745,0.594263582024723,0.190700301202014,0,0,0.369558744831011,0.01,0.01,162.159840399574,8.42610648926347,0.01,"C3",0.64,0.015,2.48,2.83,0.114,15,0.51,0,1,1,0.01,1,500,0.06,1180,1800,1.55,25,0.5,25,45,1.51083434238099,3.62978853436653,0.561598171945661,-0.273021006956697,1,0.1,0,1,1,0.25,1.34,0.3,10,0.35,20.6,0.2,0.01,10,0,5,600,300,20,970,15,0.502958268625662,2,410,209,"2018-08-01","2018-09-01",51.55,5.55,1,0.777091729687527,19.7550466284156,73.9062750991434
2.71982359886169,53.6609593988787,0.232016982045025,1.19669892988168,0.162420204048976,0.00247026644647121,31.6022679861635,0.375457501737401,0.282608929323032,0,0,0.0306595037691295,0.01,0.01,217.635579740454,16.0979008632712,0.01,"C3",0.64,0.015,2.48,2.83,0.114,15,0.51,0,1,1,0.01,1,500,0.06,1180,1800,1.55,25,0.5,25,45,4.90196572882123,4.7116253603017,-0.31633225036785,0.530920858029276,1,0.1,0,1,1,0.25,1.34,0.3,10,0.35,20.6,0.2,0.01,10,0,5,600,300,20,970,15,0.407502888003364,2,410,209,"2018-08-01","2018-09-01",51.55,5.55,1,11.7142979137134,27.8093399957288,114.052040926181
2.94950300781056,54.1434394843586,2.69787478027865,0.148298761341721,0.0366602855268866,0.16367888757959,42.8769243462011,0.388119898503646,0.705967049580067,0,0,0.742403794080019,0.01,0.01,55.8664169343538,14.7875169608742,0.01,"C3",0.64,0.015,2.48,2.83,0.114,15,0.51,0,1,1,0.01,1,500,0.06,1180,1800,1.55,25,0.5,25,45,3.07616469431669,1.00332064449321,-0.256691052112728,0.372978716157377,1,0.1,0,1,1,0.25,1.34,0.3,10,0.35,20.6,0.2,0.01,10,0,5,600,300,20,970,15,0.309677152894437,2,410,209,"2018-08-01","2018-09-01",51.55,5.55,1,12.2789354575798,27.6528683665674,97.6285969326273
2.76553485053591,66.7643877455698,10.6791791506112,1.48339393921196,0.196353084035218,0.0224906643852592,51.9846526533365,0.22877036430873,0.354498747736216,0,0,0.722480510594323,0.01,0.01,35.8405879677739,10.532716745045,0.01,"C3",0.64,0.015,2.48,2.83,0.114,15,0.51,0,1,1,0.01,1,500,0.06,1180,1800,1.55,25,0.5,25,45,1.00143209816888,3.99022929603234,-0.11270768661052,0.471096250228584,1,0.1,0,1,1,0.25,1.34,0.3,10,0.35,20.6,0.2,0.01,10,0,5,600,300,20,970,15,0.129867038456723,2,410,209,"2018-08-01","2018-09-01",51.55,5.55,1,3.20386241655797,17.5440422014799,24.791233506985
2.52842640504241,49.9187869312732,20.7059843582101,2.22881887643598,0.131273902300745,0.0647974614985287,56.8685984238982,0.268240192905068,0.99861206416972,0,0,0.291690553305671,0.01,0.01,147.753908193321,17.6493948497809,0.01,"C3",0.64,0.015,2.48,2.83,0.114,15,0.51,0,1,1,0.01,1,500,0.06,1180,1800,1.55,25,0.5,25,45,0.518919104873203,4.23435731162317,-0.843796689528972,-0.796963677741587,1,0.1,0,1,1,0.25,1.34,0.3,10,0.35,20.6,0.2,0.01,10,0,5,600,300,20,970,15,0.215563748264685,2,410,209,"2018-08-01","2018-09-01",51.55,5.55,1,11.295409812592,23.9948341960553,101.541738300584
4.09944994398393,45.1271023272111,8.38168252375908,4.07811911776662,0.164893827354535,0.130941984802485,53.7263551913202,0.687128246994689,0.174953342881054,0,0,0.613291589543223,0.01,0.01,181.56216171023,14.5884838583879,0.01,"C3",0.64,0.015,2.48,2.83,0.114,15,0.51,0,1,1,0.01,1,500,0.06,1180,1800,1.55,25,0.5,25,45,6.06711135592777,2.99570381548256,0.0156924552284181,0.0100863953121006,1,0.1,0,1,1,0.25,1.34,0.3,10,0.35,20.6,0.2,0.01,10,0,5,600,300,20,970,15,0.380574916023761,2,410,209,"2018-08-01","2018-09-01",51.55,5.55,1,9.82434106757864,17.5170337117743,18.3939600270241
2.86532415286638,68.2954654171127,7.36715140519664,0.35910405125469,0.184648111928254,0.125026620831341,48.9687010506168,0.262137998593971,0.9382832380943,0,0,0.366372458869591,0.01,0.01,51.155482535949,1.82230759318918,0.01,"C3",0.64,0.015,2.48,2.83,0.114,15,0.51,0,1,1,0.01,1,500,0.06,1180,1800,1.55,25,0.5,25,45,5.5556326441234,2.6452819929691,0.36221668869257,-0.600408621132374,1,0.1,0,1,1,0.25,1.34,0.3,10,0.35,20.6,0.2,0.01,10,0,5,600,300,20,970,15,0.535713599296287,2,410,209,"2018-08-01","2018-09-01",51.55,5.55,1,7.20378681086004,26.5600266808178,167.710587847978
3.1012946208939,18.8435550302978,22.6692665659357,1.74899323424324,0.119652347592637,0.166003862256184,9.12559466902167,0.682376478798687,0.145038121845573,0,0,0.771413190523162,0.01,0.01,149.332248162711,14.7108080771286,0.01,"C3",0.64,0.015,2.48,2.83,0.114,15,0.51,0,1,1,0.01,1,500,0.06,1180,1800,1.55,25,0.5,25,45,1.47197401761077,1.0473085307749,0.729885515756905,-0.733575121033937,1,0.1,0,1,1,0.25,1.34,0.3,10,0.35,20.6,0.2,0.01,10,0,5,600,300,20,970,15,0.342604038305581,2,410,209,"2018-08-01","2018-09-01",51.55,5.55,1,7.78085657861084,21.1276513617486,38.850329616107
4.39152999571525,35.9639113292278,10.16683964408,0.102828597417101,0.0619951519183815,0.00170423407107592,43.368219374679,0.506962483515963,0.836550408275798,0,0,0.844265338499099,0.01,0.01,53.2381832855172,14.789659234928,0.01,"C3",0.64,0.015,2.48,2.83,0.114,15,0.51,0,1,1,0.01,1,500,0.06,1180,1800,1.55,25,0.5,25,45,5.04739732330199,1.5818983920617,-0.987186224199831,-0.864619770087302,1,0.1,0,1,1,0.25,1.34,0.3,10,0.35,20.6,0.2,0.01,10,0,5,600,300,20,970,15,0.137239835225046,2,410,209,"2018-08-01","2018-09-01",51.55,5.55,1,14.314319381956,15.5437397479545,44.3426771136001
3.82377462624572,58.6056939271997,14.1913431754801,1.52929028659128,0.155798255605623,0.178905658703297,38.6520504578948,0.883033367572352,0.857032073894516,0,0,0.842437304323539,0.01,0.01,62.5594758947846,2.64484546636231,0.01,"C3",0.64,0.015,2.48,2.83,0.114,15,0.51,0,1,1,0.01,1,500,0.06,1180,1800,1.55,25,0.5,25,45,0.506757872318849,4.14500800915994,0.0913508706726134,-0.568633824121207,1,0.1,0,1,1,0.25,1.34,0.3,10,0.35,20.6,0.2,0.01,10,0,5,600,300,20,970,15,0.844990784069523,2,410,209,"2018-08-01","2018-09-01",51.55,5.55,1,2.00506402063183,24.2232491495088,44.1595236025751
2.12662904569879,70.3511727390418,6.20997499790974,3.66524927713908,0.15140253296122,0.10604511955753,41.2969183595851,0.903137534856796,0.267953251022846,0,0,0.0298668281175196,0.01,0.01,135.966292079887,6.74850427801721,0.01,"C3",0.64,0.015,2.48,2.83,0.114,15,0.51,0,1,1,0.01,1,500,0.06,1180,1800,1.55,25,0.5,25,45,5.62194910531398,3.40661892178468,-0.482264400459826,-0.210471482016146,1,0.1,0,1,1,0.25,1.34,0.3,10,0.35,20.6,0.2,0.01,10,0,5,600,300,20,970,15,0.833613313967362,2,410,209,"2018-08-01","2018-09-01",51.55,5.55,1,4.37648157938384,27.5899674498942,57.9445111937821
2.42636049818248,87.1982172308632,3.35665027960204,2.30905739078298,0.173997026588768,0.0653953989502043,11.0954319080338,0.135570366634056,0.299215671839193,0,0,0.0965973280835897,0.01,0.01,58.9243226114195,11.6017123383936,0.01,"C3",0.64,0.015,2.48,2.83,0.114,15,0.51,0,1,1,0.01,1,500,0.06,1180,1800,1.55,25,0.5,25,45,3.48372336151078,3.14113368280232,0.579958837945014,0.906903465278447,1,0.1,0,1,1,0.25,1.34,0.3,10,0.35,20.6,0.2,0.01,10,0,5,600,300,20,970,15,0.5103817100171,2,410,209,"2018-08-01","2018-09-01",51.55,5.55,1,6.03722251486033,21.7720000818372,132.490767734125
4.41402735072188,67.6493032879317,4.92643934558146,5.19023716961965,0.0878756491467357,0.0379703980870545,7.40082208067179,0.213741104817018,0.627356656361371,0,0,0.587666628882289,0.01,0.01,165.163815916458,10.0485620258842,0.01,"C3",0.64,0.015,2.48,2.83,0.114,15,0.51,0,1,1,0.01,1,500,0.06,1180,1800,1.55,25,0.5,25,45,6.57835514303297,2.42300013185013,-0.0685210353694856,-0.030154553707689,1,0.1,0,1,1,0.25,1.34,0.3,10,0.35,20.6,0.2,0.01,10,0,5,600,300,20,970,15,0.274961830116808,2,410,209,"2018-08-01","2018-09-01",51.55,5.55,1,13.4756367153022,26.7477425804827,89.2176124127582
3.25470028049313,23.6000694702619,13.2528562040534,6.68889869120903,0.16840809173882,0.12547336500138,34.0305994078517,0.495201517129317,0.634671666659415,0,0,0.442864977521822,0.01,0.01,28.4336187036242,15.2818653129507,0.01,"C3",0.64,0.015,2.48,2.83,0.114,15,0.51,0,1,1,0.01,1,500,0.06,1180,1800,1.55,25,0.5,25,45,5.0833500044886,4.37312840018421,0.912611484061927,-0.54239944415167,1,0.1,0,1,1,0.25,1.34,0.3,10,0.35,20.6,0.2,0.01,10,0,5,600,300,20,970,15,0.125135679729283,2,410,209,"2018-08-01","2018-09-01",51.55,5.55,1,11.7499650560785,28.7159843451809,4.77859390899539
3.78247087611817,30.8565905751542,23.8908851810265,1.5624074426014,0.128757755551487,0.172802826063707,47.9592348122969,0.451237907633185,0.437095104949549,0,0,0.822761418065056,0.01,0.01,48.7032861883054,19.7647089015227,0.01,"C3",0.64,0.015,2.48,2.83,0.114,15,0.51,0,1,1,0.01,1,500,0.06,1180,1800,1.55,25,0.5,25,45,5.88422055218834,2.47885427740403,0.19812551420182,0.0686082793399692,1,0.1,0,1,1,0.25,1.34,0.3,10,0.35,20.6,0.2,0.01,10,0,5,600,300,20,970,15,0.430874437326565,2,410,209,"2018-08-01","2018-09-01",51.55,5.55,1,11.3758831727318,28.5825220879633,22.3999758576974
2.61812818329781,63.0238656317534,10.4992076870985,6.83818272594362,0.0762633252423257,0.131498791510239,50.5343940574676,0.678168680053204,0.602300485828891,0,0,0.0311221200972795,0.01,0.01,202.816166955687,15.3920535000507,0.01,"C3",0.64,0.015,2.48,2.83,0.114,15,0.51,0,1,1,0.01,1,500,0.06,1180,1800,1.55,25,0.5,25,45,5.60188439835329,2.19039401656482,-0.397431725636125,0.578704796265811,1,0.1,0,1,1,0.25,1.34,0.3,10,0.35,20.6,0.2,0.01,10,0,5,600,300,20,970,15,0.113719469867647,2,410,209,"2018-08-01","2018-09-01",51.55,5.55,1,10.3955151478294,18.027520958567,67.585617788136
3.8075817336794,69.3571841989413,20.9838389011566,0.643649993697181,0.0247763222549111,0.176430834876373,42.3676478862762,0.539537322707474,0.023565063951537,0,0,0.365131018217653,0.01,0.01,15.818042278348,12.3920801132917,0.01,"C3",0.64,0.015,2.48,2.83,0.114,15,0.51,0,1,1,0.01,1,500,0.06,1180,1800,1.55,25,0.5,25,45,6.49072012368124,2.54422511428129,0.202824070118368,-0.133348891977221,1,0.1,0,1,1,0.25,1.34,0.3,10,0.35,20.6,0.2,0.01,10,0,5,600,300,20,970,15,0.18309812573716,2,410,209,"2018-08-01","2018-09-01",51.55,5.55,1,14.78587783291,22.1664879249875,104.838652876206
3.1130315491464,80.7686039779359,1.99247489217669,5.15652163862251,0.10810574805364,0.0163572323042899,53.217478687875,0.203995225718245,0.669698492158204,0,0,0.869796481216326,0.01,0.01,170.770210942312,8.34199449885637,0.01,"C3",0.64,0.015,2.48,2.83,0.114,15,0.51,0,1,1,0.01,1,500,0.06,1180,1800,1.55,25,0.5,25,45,4.64299484617077,2.48305337619968,0.532891641370952,-0.565406849607825,1,0.1,0,1,1,0.25,1.34,0.3,10,0.35,20.6,0.2,0.01,10,0,5,600,300,20,970,15,0.133908059448004,2,410,209,"2018-08-01","2018-09-01",51.55,5.55,1,12.1094244369306,27.3978921712842,101.459171650931
4.24198634899221,70.383141386618,18.7557450204622,1.91503788041882,0.132392391189933,0.00280565121211112,39.4052509730682,0.785648634657264,0.405100047588348,0,0,0.733967122389004,0.01,0.01,38.7265592794283,16.0338198207319,0.01,"C3",0.64,0.015,2.48,2.83,0.114,15,0.51,0,1,1,0.01,1,500,0.06,1180,1800,1.55,25,0.5,25,45,2.60521221130621,4.72591901035048,0.0912178992293775,-0.932640966959298,1,0.1,0,1,1,0.25,1.34,0.3,10,0.35,20.6,0.2,0.01,10,0,5,600,300,20,970,15,0.708002288592979,2,410,209,"2018-08-01","2018-09-01",51.55,5.55,1,13.4667733171955,17.0849548943806,110.006588115357
2.05588932568207,34.8603728610796,6.65176268084906,1.93522272398695,0.011856961902231,0.0411144190467894,8.95560930948704,0.0968967268709093,0.311488956445828,0,0,0.936845721676946,0.01,0.01,38.0486074066721,6.70133575750515,0.01,"C3",0.64,0.015,2.48,2.83,0.114,15,0.51,0,1,1,0.01,1,500,0.06,1180,1800,1.55,25,0.5,25,45,3.96034797688481,2.02818465407472,-0.440682630054653,-0.082787896040827,1,0.1,0,1,1,0.25,1.34,0.3,10,0.35,20.6,0.2,0.01,10,0,5,600,300,20,970,15,0.277781185694039,2,410,209,"2018-08-01","2018-09-01",51.55,5.55,1,5.36376994452439,18.7531083764043,25.0698458310217
2.34665525215678,71.6923401734184,13.233590265736,0.423554239561781,0.180809405446053,0.164363702852279,31.3684319565073,0.408529957989231,0.375797071959823,0,0,0.239939778344706,0.01,0.01,6.41774029942462,4.06224366906099,0.01,"C3",0.64,0.015,2.48,2.83,0.114,15,0.51,0,1,1,0.01,1,500,0.06,1180,1800,1.55,25,0.5,25,45,6.15178908023518,1.80573155486491,0.833935382775962,-0.798413196112961,1,0.1,0,1,1,0.25,1.34,0.3,10,0.35,20.6,0.2,0.01,10,0,5,600,300,20,970,15,0.646092355716974,2,410,209,"2018-08-01","2018-09-01",51.55,5.55,1,11.6521547001321,21.6532499890309,20.6842618016526
1.7848872395698,64.0704780551379,1.12678818986751,1.59631199296564,0.0380166731774807,0.0641083592083305,16.5773201314732,0.0290949719492346,0.716762233292684,0,0,0.910558105679229,0.01,0.01,90.4154023483861,5.76714817690663,0.01,"C3",0.64,0.015,2.48,2.83,0.114,15,0.51,0,1,1,0.01,1,500,0.06,1180,1800,1.55,25,0.5,25,45,3.10929712723009,2.12863121810369,-0.944327423349023,0.191364132333547,1,0.1,0,1,1,0.25,1.34,0.3,10,0.35,20.6,0.2,0.01,10,0,5,600,300,20,970,15,0.854432518826798,2,410,209,"2018-08-01","2018-09-01",51.55,5.55,1,1.89557588892058,20.0343798240647,40.1378383487463
2.1314612373244,73.9415532749217,19.2309053090867,5.3128088216763,0.192761862557381,0.0571578436996788,6.11134868580848,0.73817113856785,0.464290499221534,0,0,0.567969661904499,0.01,0.01,138.16849881364,13.6628695810214,0.01,"C3",0.64,0.015,2.48,2.83,0.114,15,0.51,0,1,1,0.01,1,500,0.06,1180,1800,1.55,25,0.5,25,45,0.710579880210571,4.23510754748713,0.913587076589465,-0.232708696741611,1,0.1,0,1,1,0.25,1.34,0.3,10,0.35,20.6,0.2,0.01,10,0,5,600,300,20,970,15,0.328182871686295,2,410,209,"2018-08-01","2018-09-01",51.55,5.55,1,10.7995735004079,26.6219775332138,19.1023274464533
4.43129698885605,49.2692555559052,22.763184044743,2.412181973923,0.0185024175792933,0.029014611011371,1.85468184761703,0.481467509875074,0.557093493174762,0,0,0.488812227733433,0.01,0.01,38.2653880208381,2.66147228726186,0.01,"C3",0.64,0.015,2.48,2.83,0.114,15,0.51,0,1,1,0.01,1,500,0.06,1180,1800,1.55,25,0.5,25,45,2.52860974620562,1.13550713309087,-0.834993077907711,0.215855047572404,1,0.1,0,1,1,0.25,1.34,0.3,10,0.35,20.6,0.2,0.01,10,0,5,600,300,20,970,15,0.355423594592139,2,410,209,"2018-08-01","2018-09-01",51.55,5.55,1,11.5491642372217,20.5114373099059,61.6042512422428
2.38890652614646,60.1172299766103,18.6480585718527,5.0203038691543,0.0235077504534274,0.0869777571409941,33.6620978917927,0.0672313943505287,0.297360571566969,0,0,0.503901096060872,0.01,0.01,180.371613298717,9.56574380211532,0.01,"C3",0.64,0.015,2.48,2.83,0.114,15,0.51,0,1,1,0.01,1,500,0.06,1180,1800,1.55,25,0.5,25,45,5.13854704466648,3.04384900839068,0.933040378149599,0.217302974779159,1,0.1,0,1,1,0.25,1.34,0.3,10,0.35,20.6,0.2,0.01,10,0,5,600,300,20,970,15,0.0244565692264587,2,410,209,"2018-08-01","2018-09-01",51.55,5.55,1,10.5498650064692,27.1649234800134,85.0282186456025
3.67794908070937,76.5754940189597,2.43530243169516,1.42187861981802,0.0902170021552593,0.175768463732675,45.2969583543018,0.484161587432027,0.885681745130569,0,0,0.431102867471054,0.01,0.01,135.958756315813,8.99978519650176,0.01,"C3",0.64,0.015,2.48,2.83,0.114,15,0.51,0,1,1,0.01,1,500,0.06,1180,1800,1.55,25,0.5,25,45,6.7222846000921,2.35605044930708,-0.000172652304172516,-0.981243901420385,1,0.1,0,1,1,0.25,1.34,0.3,10,0.35,20.6,0.2,0.01,10,0,5,600,300,20,970,15,0.562579943565652,2,410,209,"2018-08-01","2018-09-01",51.55,5.55,1,0.507197018014267,22.8446430049371,65.2045064326376
3.85706350277178,52.5993103203872,23.6397529195528,0.387264709919691,0.140644051926211,0.163108138833195,53.715159134008,0.763744552154094,0.742744242539629,0,0,0.488595111528412,0.01,0.01,241.082263449265,8.75763245346025,0.01,"C3",0.64,0.015,2.48,2.83,0.114,15,0.51,0,1,1,0.01,1,500,0.06,1180,1800,1.55,25,0.5,25,45,6.66421302212402,2.25775209686253,-0.810247916728258,0.1490957015194,1,0.1,0,1,1,0.25,1.34,0.3,10,0.35,20.6,0.2,0.01,10,0,5,600,300,20,970,15,0.563543181400746,2,410,209,"2018-08-01","2018-09-01",51.55,5.55,1,12.0910748653114,28.6227674398106,44.6901294635609
1.8162532383576,61.1040812372684,4.46320299524814,5.08810900617391,0.0756902948953211,0.108685996942222,45.713908248581,0.32642809371464,0.556860566372052,0,0,0.397046611411497,0.01,0.01,236.58164762822,14.3750260008965,0.01,"C3",0.64,0.015,2.48,2.83,0.114,15,0.51,0,1,1,0.01,1,500,0.06,1180,1800,1.55,25,0.5,25,45,3.01661599422805,1.87145394762047,0.59982539108023,0.651191852521151,1,0.1,0,1,1,0.25,1.34,0.3,10,0.35,20.6,0.2,0.01,10,0,5,600,300,20,970,15,0.161497536115348,2,410,209,"2018-08-01","2018-09-01",51.55,5.55,1,2.67835878767073,21.3372182229068,35.5833708727732
2.2187838871032,28.7300418723591,20.0587127357721,1.86403828393668,0.0611436382867396,0.150928201433271,16.2218304164708,0.538387042237446,0.97248128359206,0,0,0.101015359163284,0.01,0.01,46.9774376690038,14.5196386633907,0.01,"C3",0.64,0.015,2.48,2.83,0.114,15,0.51,0,1,1,0.01,1,500,0.06,1180,1800,1.55,25,0.5,25,45,6.86322183290031,1.66843255376443,-0.580023082904518,-0.705690616276115,1,0.1,0,1,1,0.25,1.34,0.3,10,0.35,20.6,0.2,0.01,10,0,5,600,300,20,970,15,0.664883435238153,2,410,209,"2018-08-01","2018-09-01",51.55,5.55,1,11.660474287346,22.1031608793419,137.629726398736
2.31163461715914,48.3582619244856,16.7817045585252,2.31189971556887,0.14076634561643,0.160007942002267,43.8547571143135,0.469637612113729,0.240207583177835,0,0,0.84098359872587,0.01,0.01,121.746800873603,19.7944112105761,0.01,"C3",0.64,0.015,2.48,2.83,0.114,15,0.51,0,1,1,0.01,1,500,0.06,1180,1800,1.55,25,0.5,25,45,2.39570006665308,4.73914671281818,0.112133507616818,0.739746870007366,1,0.1,0,1,1,0.25,1.34,0.3,10,0.35,20.6,0.2,0.01,10,0,5,600,300,20,970,15,0.618342408211902,2,410,209,"2018-08-01","2018-09-01",51.55,5.55,1,3.83698357036337,17.0542249304708,152.462938413955
1.80317548220046,40.3002480687535,10.4580408136826,5.96750023169443,0.1398831310682,0.0412773148622364,2.15179919265211,0.136617020703852,0.876089286291972,0,0,0.435421401634812,0.01,0.01,80.0791656443034,2.25880074361339,0.01,"C3",0.64,0.015,2.48,2.83,0.114,15,0.51,0,1,1,0.01,1,500,0.06,1180,1800,1.55,25,0.5,25,45,4.33975675115362,2.1054648719728,-0.791854726616293,0.693066440522671,1,0.1,0,1,1,0.25,1.34,0.3,10,0.35,20.6,0.2,0.01,10,0,5,600,300,20,970,15,0.688271225895733,2,410,209,"2018-08-01","2018-09-01",51.55,5.55,1,13.275045894552,29.141787935514,51.5279478952289
1.85374152380973,59.8060528534414,18.8376984500792,0.0390887621324509,0.148087219847366,0.0548731460701674,36.7976620327681,0.0621593280229717,0.948103123810142,0,0,0.268128689145669,0.01,0.01,206.6989475601,5.22628734237514,0.01,"C3",0.64,0.015,2.48,2.83,0.114,15,0.51,0,1,1,0.01,1,500,0.06,1180,1800,1.55,25,0.5,25,45,4.04091768944636,0.975870292983018,0.425581349991262,-0.478679829742759,1,0.1,0,1,1,0.25,1.34,0.3,10,0.35,20.6,0.2,0.01,10,0,5,600,300,20,970,15,0.070524419657886,2,410,209,"2018-08-01","2018-09-01",51.55,5.55,1,14.5940104953479,19.4724256312475,20.4025811143219
4.47370966756716,72.267254347142,10.3731348819565,3.03287838865072,0.0858358704019338,0.125108228204772,58.0182508053258,0.00989360245876014,0.745432496536523,0,0,0.207836034474894,0.01,0.01,114.606414087582,18.438497657422,0.01,"C3",0.64,0.015,2.48,2.83,0.114,15,0.51,0,1,1,0.01,1,500,0.06,1180,1800,1.55,25,0.5,25,45,5.46625905090477,2.26088293467183,-0.324378704186529,0.0361821088008583,1,0.1,0,1,1,0.25,1.34,0.3,10,0.35,20.6,0.2,0.01,10,0,5,600,300,20,970,15,0.853021424263716,2,410,209,"2018-08-01","2018-09-01",51.55,5.55,1,6.66263045975938,18.2284123194404,84.3600676814094
4.45816289191134,44.4821905049898,14.850788610056,0.828659291844815,0.0410716768819839,0.0460663499776274,37.3307318938896,0.784929640125483,0.391787259606645,0,0,0.19631622871384,0.01,0.01,242.442162653373,2.54847422870807,0.01,"C3",0.64,0.015,2.48,2.83,0.114,15,0.51,0,1,1,0.01,1,500,0.06,1180,1800,1.55,25,0.5,25,45,1.23219262608327,2.48522672615945,0.954848251305521,-0.759380503091961,1,0.1,0,1,1,0.25,1.34,0.3,10,0.35,20.6,0.2,0.01,10,0,5,600,300,20,970,15,0.509186838520691,2,410,209,"2018-08-01","2018-09-01",51.55,5.55,1,12.9438168334309,21.0870199569035,94.4022570177913
1.91120241419412,48.4465359877887,7.99665864906274,3.52657360234298,0.0804108668584377,0.0640446063131094,17.1769500570372,0.357430069241673,0.521958284080029,0,0,0.359570417087525,0.01,0.01,148.77901143569,19.7867077069823,0.01,"C3",0.64,0.015,2.48,2.83,0.114,15,0.51,0,1,1,0.01,1,500,0.06,1180,1800,1.55,25,0.5,25,45,1.06861375204753,4.38026122271549,0.239893241785467,-0.273083028849214,1,0.1,0,1,1,0.25,1.34,0.3,10,0.35,20.6,0.2,0.01,10,0,5,600,300,20,970,15,0.20616579358466,2,410,209,"2018-08-01","2018-09-01",51.55,5.55,1,14.4246439926792,15.0553095003124,120.748404515907
4.21592874499038,39.5065760106066,16.1620305327233,6.83097854978405,0.0564481563866139,0.0331989923492074,20.1067452225834,0.566439468180761,0.573466610396281,0,0,0.666286263149232,0.01,0.01,247.214033018332,19.7548913653009,0.01,"C3",0.64,0.015,2.48,2.83,0.114,15,0.51,0,1,1,0.01,1,500,0.06,1180,1800,1.55,25,0.5,25,45,1.7367625458166,2.75355265289545,-0.890943873208016,-0.140483230352402,1,0.1,0,1,1,0.25,1.34,0.3,10,0.35,20.6,0.2,0.01,10,0,5,600,300,20,970,15,0.903526964364573,2,410,209,"2018-08-01","2018-09-01",51.55,5.55,1,6.25886058434844,23.1195614591707,145.325934486464
3.22890551271848,14.0373488725015,8.95066543016583,4.63224051427096,0.150482395617291,0.178937741555274,52.3758671013638,0.748207841301337,0.530183990951627,0,0,0.847139979712665,0.01,0.01,53.6742983157164,7.26114403177053,0.01,"C3",0.64,0.015,2.48,2.83,0.114,15,0.51,0,1,1,0.01,1,500,0.06,1180,1800,1.55,25,0.5,25,45,0.531556016928516,1.47781218250748,0.14838780509308,0.211811368353665,1,0.1,0,1,1,0.25,1.34,0.3,10,0.35,20.6,0.2,0.01,10,0,5,600,300,20,970,15,0.230141337029636,2,410,209,"2018-08-01","2018-09-01",51.55,5.55,1,7.34651935519651,23.8573960424401,39.6847294690087
2.6863465772476,54.93598423742,21.796146966517,6.18902211589739,0.110954023245722,0.155692931031808,13.7172569520772,0.272944166325033,0.947312643984333,0,0,0.195641929749399,0.01,0.01,24.3801511539496,17.6037133880891,0.01,"C3",0.64,0.015,2.48,2.83,0.114,15,0.51,0,1,1,0.01,1,500,0.06,1180,1800,1.55,25,0.5,25,45,5.11574679380283,2.21298292500433,0.909327301662415,0.719148725271225,1,0.1,0,1,1,0.25,1.34,0.3,10,0.35,20.6,0.2,0.01,10,0,5,600,300,20,970,15,0.180110475281253,2,410,209,"2018-08-01","2018-09-01",51.55,5.55,1,14.7351785958745,25.2924493455794,140.811127074994
2.84940745239146,72.5133521044151,10.1612749160267,5.14231225079857,0.154445430776104,0.011607291130349,44.0222261566669,0.625157708534971,0.876470542745665,0,0,0.285495505901054,0.01,0.01,206.042649728886,14.2629782902077,0.01,"C3",0.64,0.015,2.48,2.83,0.114,15,0.51,0,1,1,0.01,1,500,0.06,1180,1800,1.55,25,0.5,25,45,3.51603018827736,4.77428908343427,-0.182834681589156,0.60622397204861,1,0.1,0,1,1,0.25,1.34,0.3,10,0.35,20.6,0.2,0.01,10,0,5,600,300,20,970,15,0.100421994924545,2,410,209,"2018-08-01","2018-09-01",51.55,5.55,1,1.43716948572546,22.2877440741286,147.870029853657
3.61950570344925,31.2292259278621,11.3957478024531,3.53693042974919,0.102415504958481,0.125303237047046,22.2557596536353,0.33863390260376,0.623115800088271,0,0,0.433017482515424,0.01,0.01,71.239816465124,10.0194972900208,0.01,"C3",0.64,0.015,2.48,2.83,0.114,15,0.51,0,1,1,0.01,1,500,0.06,1180,1800,1.55,25,0.5,25,45,0.800379602680914,1.36480053898413,0.575616369023919,-0.548322819638997,1,0.1,0,1,1,0.25,1.34,0.3,10,0.35,20.6,0.2,0.01,10,0,5,600,300,20,970,15,0.583335184725001,2,410,209,"2018-08-01","2018-09-01",51.55,5.55,1,1.35751034016721,26.4734635327477,117.063592979684
1.74750823737122,79.3962456374572,22.2328156523872,6.20296685118228,0.121981429308653,0.158764390135184,57.0788775756955,0.357866879785433,0.900017076870427,0,0,0.486945282667875,0.01,0.01,88.5079542353051,19.6201031710953,0.01,"C3",0.64,0.015,2.48,2.83,0.114,15,0.51,0,1,1,0.01,1,500,0.06,1180,1800,1.55,25,0.5,25,45,4.34488700206857,2.44488344853744,-0.123416308313608,0.4528624471277,1,0.1,0,1,1,0.25,1.34,0.3,10,0.35,20.6,0.2,0.01,10,0,5,600,300,20,970,15,0.804428862407804,2,410,209,"2018-08-01","2018-09-01",51.55,5.55,1,13.4832043584902,16.4416687726043,111.591814588755
2.51793774054386,17.2724146388195,16.3020726118702,3.46786375599913,0.132136677252129,0.0938839620444924,59.3825633637607,0.786687550600618,0.754688925342634,0,0,0.757451499812305,0.01,0.01,166.444537339034,15.4981703918893,0.01,"C3",0.64,0.015,2.48,2.83,0.114,15,0.51,0,1,1,0.01,1,500,0.06,1180,1800,1.55,25,0.5,25,45,1.04167404961772,2.94419924693648,0.398588328622282,0.0322433854453266,1,0.1,0,1,1,0.25,1.34,0.3,10,0.35,20.6,0.2,0.01,10,0,5,600,300,20,970,15,0.0227365989703685,2,410,209,"2018-08-01","2018-09-01",51.55,5.55,1,5.46809813473374,18.7555950076785,147.556762215681
3.54236265365034,57.4736960886089,0.248662749072537,5.46077121701092,0.135738763818517,0.183580370387062,28.9927946263924,0.519964849343523,0.276943092932925,0,0,0.541027885861695,0.01,0.01,209.554166584625,4.58857605513185,0.01,"C3",0.64,0.015,2.48,2.83,0.114,15,0.51,0,1,1,0.01,1,500,0.06,1180,1800,1.55,25,0.5,25,45,3.18646509943064,1.65502070088405,-0.324114108923823,-0.307862038724124,1,0.1,0,1,1,0.25,1.34,0.3,10,0.35,20.6,0.2,0.01,10,0,5,600,300,20,970,15,0.322908465517685,2,410,209,"2018-08-01","2018-09-01",51.55,5.55,1,1.16157971438952,23.3225231012329,177.831896818243
2.45084774424322,77.55351693612,16.3889719580766,3.54735644441098,0.0250029495451599,0.0882930828258395,36.7514671292156,0.354115016991273,0.00772042735479772,0,0,0.966040221275762,0.01,0.01,173.83735269343,15.2919376501814,0.01,"C3",0.64,0.015,2.48,2.83,0.114,15,0.51,0,1,1,0.01,1,500,0.06,1180,1800,1.55,25,0.5,25,45,5.50121132889763,2.58533084543888,-0.120082133915275,-0.700525901280344,1,0.1,0,1,1,0.25,1.34,0.3,10,0.35,20.6,0.2,0.01,10,0,5,600,300,20,970,15,0.708304244093597,2,410,209,"2018-08-01","2018-09-01",51.55,5.55,1,0.077148643322289,24.0166005596984,20.9508888842538
3.99470579414628,32.2706397777749,6.03469139896333,0.589179475791752,0.129491140181199,0.000906680338084698,22.9151430074126,0.561979778576642,0.828893908997998,0,0,0.42486379109323,0.01,0.01,13.6196259144344,10.8570819683373,0.01,"C3",0.64,0.015,2.48,2.83,0.114,15,0.51,0,1,1,0.01,1,500,0.06,1180,1800,1.55,25,0.5,25,45,1.55702983106021,1.57775323919486,-0.610568952281028,-0.762424696236849,1,0.1,0,1,1,0.25,1.34,0.3,10,0.35,20.6,0.2,0.01,10,0,5,600,300,20,970,15,0.212509881472215,2,410,209,"2018-08-01","2018-09-01",51.55,5.55,1,7.7292899962049,16.6231694247108,67.6236916612834
2.14551624795422,89.8360382944115,24.1387197689619,3.83394070132636,0.0499517336953431,0.154253175621852,22.2699497267604,0.982643625466153,0.109643610892817,0,0,0.170259641483426,0.01,0.01,123.741136979603,11.9335753726773,0.01,"C3",0.64,0.015,2.48,2.83,0.114,15,0.51,0,1,1,0.01,1,500,0.06,1180,1800,1.55,25,0.5,25,45,6.26870039757341,2.97768510202877,0.353187176398933,0.59887168975547,1,0.1,0,1,1,0.25,1.34,0.3,10,0.35,20.6,0.2,0.01,10,0,5,600,300,20,970,15,0.760769709013402,2,410,209,"2018-08-01","2018-09-01",51.55,5.55,1,2.56341617787257,17.2393907199148,48.4955130843446
2.99384680856019,24.8270274387966,11.1785964574665,2.5096155772917,0.121927472483367,0.148285114392638,57.5031706318259,0.225902107078582,0.118382823187858,0,0,0.789904666598886,0.01,0.01,109.313461883226,19.8008431687485,0.01,"C3",0.64,0.015,2.48,2.83,0.114,15,0.51,0,1,1,0.01,1,500,0.06,1180,1800,1.55,25,0.5,25,45,0.864610374788754,3.08571358048357,-0.536836146842688,0.611826233100146,1,0.1,0,1,1,0.25,1.34,0.3,10,0.35,20.6,0.2,0.01,10,0,5,600,300,20,970,15,0.481593653792515,2,410,209,"2018-08-01","2018-09-01",51.55,5.55,1,2.97165647847578,18.026063303696,4.38209774438292
2.32814901787788,42.9509360154409,16.7157769668847,3.76755279069766,0.142017189320177,0.0880232324823737,37.2237866325304,0.84592116670683,0.156833202345297,0,0,0.184538921108469,0.01,0.01,226.102645704581,17.8176143360324,0.01,"C3",0.64,0.015,2.48,2.83,0.114,15,0.51,0,1,1,0.01,1,500,0.06,1180,1800,1.55,25,0.5,25,45,0.571329617872834,4.19378409534693,0.873311894014478,-0.672780896071345,1,0.1,0,1,1,0.25,1.34,0.3,10,0.35,20.6,0.2,0.01,10,0,5,600,300,20,970,15,0.844227239256725,2,410,209,"2018-08-01","2018-09-01",51.55,5.55,1,7.62446933775209,17.2679208707996,99.4316645851359
2.07606995617971,47.3325922255422,2.49251952627674,4.33151416457258,0.107269028341398,0.071662014676258,59.0687306597829,0.521753541426733,0.116501550888643,0,0,0.483070851536468,0.01,0.01,159.084565202123,4.3708891812712,0.01,"C3",0.64,0.015,2.48,2.83,0.114,15,0.51,0,1,1,0.01,1,500,0.06,1180,1800,1.55,25,0.5,25,45,5.80429989439435,4.81896947836503,-0.592924617696553,-0.704044176265597,1,0.1,0,1,1,0.25,1.34,0.3,10,0.35,20.6,0.2,0.01,10,0,5,600,300,20,970,15,0.424272293457761,2,410,209,"2018-08-01","2018-09-01",51.55,5.55,1,13.5673535254318,28.7869979138486,158.289811061695
4.35186379216611,69.1432854838496,5.16813459107652,1.73021643306129,0.14945698659867,0.0599666906055063,19.7858932474628,0.228487570071593,0.605687835486606,0,0,0.270152948331088,0.01,0.01,68.0303261136287,9.96921367920004,0.01,"C3",0.64,0.015,2.48,2.83,0.114,15,0.51,0,1,1,0.01,1,500,0.06,1180,1800,1.55,25,0.5,25,45,5.24589316698257,4.44516690273304,0.197526272851974,0.468382941093296,1,0.1,0,1,1,0.25,1.34,0.3,10,0.35,20.6,0.2,0.01,10,0,5,600,300,20,970,15,0.702548563946038,2,410,209,"2018-08-01","2018-09-01",51.55,5.55,1,4.84089432866313,28.4854406118393,53.8856211025268
2.4651766133029,69.1801075557565,23.6821797909215,3.19598697777838,0.164012863393873,0.108776648808271,37.4972585169598,0.544694765470922,0.944731407798827,0,0,0.561549222562462,0.01,0.01,78.3395776872057,16.7763116902206,0.01,"C3",0.64,0.015,2.48,2.83,0.114,15,0.51,0,1,1,0.01,1,500,0.06,1180,1800,1.55,25,0.5,25,45,5.91523290500045,2.35074725479353,-0.387993278447539,-0.507569266483188,1,0.1,0,1,1,0.25,1.34,0.3,10,0.35,20.6,0.2,0.01,10,0,5,600,300,20,970,15,0.262604686198756,2,410,209,"2018-08-01","2018-09-01",51.55,5.55,1,11.2056917091832,15.0167045986746,90.7040840992704
2.93536915141158,62.7871298394103,14.2008017282933,0.71495870873332,0.0877330334391445,0.0539627835620195,54.1250557405874,0.141447941306978,0.736331418389454,0,0,0.973205901449546,0.01,0.01,116.441455133667,13.7721960949712,0.01,"C3",0.64,0.015,2.48,2.83,0.114,15,0.51,0,1,1,0.01,1,500,0.06,1180,1800,1.55,25,0.5,25,45,5.08848220412619,3.81707136379555,0.875060024671257,-0.00818838085979223,1,0.1,0,1,1,0.25,1.34,0.3,10,0.35,20.6,0.2,0.01,10,0,5,600,300,20,970,15,0.98217005468905,2,410,209,"2018-08-01","2018-09-01",51.55,5.55,1,7.94371737283655,21.7171457468066,153.208025358617
1.58397771581076,69.3886879141852,10.1878139656037,0.102617872180417,0.152223340235651,0.0787103209644556,34.0460869017988,0.234891718486324,0.514733286807314,0,0,0.186657457379624,0.01,0.01,79.5331233890611,13.9593700061087,0.01,"C3",0.64,0.015,2.48,2.83,0.114,15,0.51,0,1,1,0.01,1,500,0.06,1180,1800,1.55,25,0.5,25,45,3.11378268511035,2.57842959812842,-0.836845705285668,0.747960902750492,1,0.1,0,1,1,0.25,1.34,0.3,10,0.35,20.6,0.2,0.01,10,0,5,600,300,20,970,15,0.975376379676163,2,410,209,"2018-08-01","2018-09-01",51.55,5.55,1,3.71094195521437,24.3818170402665,170.243760715239
3.14237840403803,82.4724241536046,14.494887762703,0.674520137486979,0.186224703816697,0.0625495880376548,48.1983807357028,0.740816936828196,0.0813828955870122,0,0,0.72696094843559,0.01,0.01,184.049546680588,18.2811845196411,0.01,"C3",0.64,0.015,2.48,2.83,0.114,15,0.51,0,1,1,0.01,1,500,0.06,1180,1800,1.55,25,0.5,25,45,3.47159733609296,3.63944407086819,0.356145578436553,-0.858159984927624,1,0.1,0,1,1,0.25,1.34,0.3,10,0.35,20.6,0.2,0.01,10,0,5,600,300,20,970,15,0.594811473973095,2,410,209,"2018-08-01","2018-09-01",51.55,5.55,1,1.98942509363405,18.5378323425539,99.8912753909826
3.43272066162899,79.0025590266088,3.3003666845616,1.5693380869925,0.157276546536014,0.151112378900871,46.2637318298221,0.578553969506174,0.513474543113261,0,0,0.351134598953649,0.01,0.01,66.0094675165019,7.80682778870687,0.01,"C3",0.64,0.015,2.48,2.83,0.114,15,0.51,0,1,1,0.01,1,500,0.06,1180,1800,1.55,25,0.5,25,45,6.6800314014079,3.115589989,0.782377921044827,-0.401918244548142,1,0.1,0,1,1,0.25,1.34,0.3,10,0.35,20.6,0.2,0.01,10,0,5,600,300,20,970,15,0.22949584107846,2,410,209,"2018-08-01","2018-09-01",51.55,5.55,1,12.8521707910113,19.8583110957406,30.0462309876457
3.28879063390195,83.2304789069576,12.4491889786441,1.01125315437093,0.191104202764109,0.0102957154158503,1.47885668557137,0.499122520443052,0.790176724782214,0,0,0.660335797583684,0.01,0.01,203.250772314437,2.25987028586678,0.01,"C3",0.64,0.015,2.48,2.83,0.114,15,0.51,0,1,1,0.01,1,500,0.06,1180,1800,1.55,25,0.5,25,45,2.88674968124833,2.55961231456604,-0.149138905107975,0.220498288050294,1,0.1,0,1,1,0.25,1.34,0.3,10,0.35,20.6,0.2,0.01,10,0,5,600,300,20,970,15,0.481254951097071,2,410,209,"2018-08-01","2018-09-01",51.55,5.55,1,10.0198905891739,26.2027306028176,176.647812011652
2.46581212710589,39.9856180407005,4.65749976574443,5.9138805763796,0.173169245524332,0.164673781208694,15.0372627144679,0.621932546375319,0.836215692805126,0,0,0.258814536267892,0.01,0.01,135.640474815678,13.1841169723775,0.01,"C3",0.64,0.015,2.48,2.83,0.114,15,0.51,0,1,1,0.01,1,500,0.06,1180,1800,1.55,25,0.5,25,45,3.59217802425846,2.86376299941912,0.948956873267889,-0.201882785651833,1,0.1,0,1,1,0.25,1.34,0.3,10,0.35,20.6,0.2,0.01,10,0,5,600,300,20,970,15,0.873148256912827,2,410,209,"2018-08-01","2018-09-01",51.55,5.55,1,8.7938545353245,19.00379010709,179.25156197045
4.17334293737076,61.1546196410921,6.01243313867599,2.90774307097308,0.0462173709645867,0.182446254231036,16.6886060731485,0.749340642010793,0.999725097091869,0,0,0.200763805536553,0.01,0.01,240.781483262544,1.87319294898771,0.01,"C3",0.64,0.015,2.48,2.83,0.114,15,0.51,0,1,1,0.01,1,500,0.06,1180,1800,1.55,25,0.5,25,45,2.55694905561395,1.69391103321686,-0.00794072356075048,-0.260541730560362,1,0.1,0,1,1,0.25,1.34,0.3,10,0.35,20.6,0.2,0.01,10,0,5,600,300,20,970,15,0.330388309899718,2,410,209,"2018-08-01","2018-09-01",51.55,5.55,1,8.1370313570369,24.861965503078,140.290111033246
3.37877084221691,66.4722180524411,20.2125894080382,3.93953128345311,0.141722602490336,0.144690592307597,41.4418028388172,0.700668307719752,0.422048140550032,0,0,0.682349268347025,0.01,0.01,224.222383864515,8.0275699433405,0.01,"C3",0.64,0.015,2.48,2.83,0.114,15,0.51,0,1,1,0.01,1,500,0.06,1180,1800,1.55,25,0.5,25,45,5.86663929864299,1.53115402336698,-0.809426475316286,0.363840683829039,1,0.1,0,1,1,0.25,1.34,0.3,10,0.35,20.6,0.2,0.01,10,0,5,600,300,20,970,15,0.725757061969489,2,410,209,"2018-08-01","2018-09-01",51.55,5.55,1,11.3602339569479,23.2793923595455,165.898870448582
2.40871474589221,43.8548553402272,16.9638940016739,4.0999416380655,0.160471370629966,0.0288452667184174,4.56869332585484,0.16516493819654,0.847424844047055,0,0,0.0892532095313072,0.01,0.01,118.385929311509,18.1998717747629,0.01,"C3",0.64,0.015,2.48,2.83,0.114,15,0.51,0,1,1,0.01,1,500,0.06,1180,1800,1.55,25,0.5,25,45,6.78054309317376,3.32078135281336,0.716056474018842,0.940803830977529,1,0.1,0,1,1,0.25,1.34,0.3,10,0.35,20.6,0.2,0.01,10,0,5,600,300,20,970,15,0.471265465486795,2,410,209,"2018-08-01","2018-09-01",51.55,5.55,1,9.76503329118714,26.6978155367542,24.5002683950588
2.66461399127729,70.4640351054825,24.2297311604489,0.493043568218127,0.087839959282428,0.0915350074414164,9.6709141228348,0.761472296202555,0.198591112392023,0,0,0.875242647016421,0.01,0.01,38.8471165901283,15.7532653920352,0.01,"C3",0.64,0.015,2.48,2.83,0.114,15,0.51,0,1,1,0.01,1,500,0.06,1180,1800,1.55,25,0.5,25,45,1.83177397998516,4.27322737546638,0.790710293222219,0.818179221823812,1,0.1,0,1,1,0.25,1.34,0.3,10,0.35,20.6,0.2,0.01,10,0,5,600,300,20,970,15,0.965342744020745,2,410,209,"2018-08-01","2018-09-01",51.55,5.55,1,12.2853031614795,19.7198147373274,75.517245917581
1.98142527742311,47.2332734291334,3.46106633660384,5.39366093999706,0.168646457931027,0.0549953615758568,30.0410244986415,0.536954377312213,0.183990374440327,0,0,0.711134258424863,0.01,0.01,62.9165677434648,16.9379338440485,0.01,"C3",0.64,0.015,2.48,2.83,0.114,15,0.51,0,1,1,0.01,1,500,0.06,1180,1800,1.55,25,0.5,25,45,5.82293290391099,1.3534627922345,-0.803288232535124,-0.231885575223714,1,0.1,0,1,1,0.25,1.34,0.3,10,0.35,20.6,0.2,0.01,10,0,5,600,300,20,970,15,0.69820702704601,2,410,209,"2018-08-01","2018-09-01",51.55,5.55,1,6.05844964971766,26.1708812287543,145.955259720795
4.08765569259413,43.8906072018039,11.2637835787609,4.09834152041003,0.0275946485809982,0.0671471643261611,22.9830111097544,0.659210945712402,0.555020989151672,0,0,0.322531499201432,0.01,0.01,115.546514830436,6.79835450858809,0.01,"C3",0.64,0.015,2.48,2.83,0.114,15,0.51,0,1,1,0.01,1,500,0.06,1180,1800,1.55,25,0.5,25,45,5.12088826955296,0.991626946604811,0.0901630041189492,-0.674955312162638,1,0.1,0,1,1,0.25,1.34,0.3,10,0.35,20.6,0.2,0.01,10,0,5,600,300,20,970,15,0.543744667433202,2,410,209,"2018-08-01","2018-09-01",51.55,5.55,1,4.59045119932853,19.4504004938062,156.193729299121
4.35930364136584,58.4229434607467,12.2392489167396,5.40743874153122,0.104039384424686,0.0347106842324138,29.5719802379608,0.474298384273425,0.115525006083772,0,0,0.97371421684511,0.01,0.01,146.291954061831,12.7886376315728,0.01,"C3",0.64,0.015,2.48,2.83,0.114,15,0.51,0,1,1,0.01,1,500,0.06,1180,1800,1.55,25,0.5,25,45,5.49926518956199,2.23516066861339,0.153691254090518,-0.74644675059244,1,0.1,0,1,1,0.25,1.34,0.3,10,0.35,20.6,0.2,0.01,10,0,5,600,300,20,970,15,0.718678848352283,2,410,209,"2018-08-01","2018-09-01",51.55,5.55,1,11.623958327109,24.4620310922619,79.8555366508663
3.19093405036256,30.4767285800567,13.5654234210961,3.05864769383334,0.0625526846386492,0.0888412101659924,47.1995623223484,0.618444841820747,0.0437594437971711,0,0,0.0133710340596735,0.01,0.01,79.1893880761927,1.74947264208458,0.01,"C3",0.64,0.015,2.48,2.83,0.114,15,0.51,0,1,1,0.01,1,500,0.06,1180,1800,1.55,25,0.5,25,45,5.24341204464436,1.23585449624807,0.0213444838300347,0.542629176750779,1,0.1,0,1,1,0.25,1.34,0.3,10,0.35,20.6,0.2,0.01,10,0,5,600,300,20,970,15,0.503601627890021,2,410,209,"2018-08-01","2018-09-01",51.55,5.55,1,9.08120557316579,16.2399626942351,84.372912151739
2.48864224017598,53.0336100901864,11.4083329041023,4.42146431328729,0.110252718115225,0.149229294387624,47.5488233193755,0.836225217673928,0.262024017749354,0,0,0.273752543609589,0.01,0.01,54.372062319424,8.70314375450835,0.01,"C3",0.64,0.015,2.48,2.83,0.114,15,0.51,0,1,1,0.01,1,500,0.06,1180,1800,1.55,25,0.5,25,45,3.47021885178983,4.43304215813987,0.300858900416642,0.996573731303215,1,0.1,0,1,1,0.25,1.34,0.3,10,0.35,20.6,0.2,0.01,10,0,5,600,300,20,970,15,0.405981994699687,2,410,209,"2018-08-01","2018-09-01",51.55,5.55,1,11.8536956515163,15.8981662290171,5.45339121948928
4.48985165613703,77.2934556294708,4.28571416996419,5.24413146008737,0.0384325039573014,0.0820197354070842,13.3647354366258,0.461986607173458,0.318297064630315,0,0,0.198912307154387,0.01,0.01,230.359600066324,16.0470051690936,0.01,"C3",0.64,0.015,2.48,2.83,0.114,15,0.51,0,1,1,0.01,1,500,0.06,1180,1800,1.55,25,0.5,25,45,4.33638743862975,2.02510889898986,0.0466153477318585,-0.0228523253463209,1,0.1,0,1,1,0.25,1.34,0.3,10,0.35,20.6,0.2,0.01,10,0,5,600,300,20,970,15,0.268885106313974,2,410,209,"2018-08-01","2018-09-01",51.55,5.55,1,0.0863007141742855,29.1767185879871,175.78018005006
2.2044590273872,48.4765865690564,17.8710068808869,4.86346081993543,0.193511125445366,0.127111784322187,7.2806728631258,0.599479317199439,0.944623006042093,0,0,0.27514506620355,0.01,0.01,209.453565849108,15.4731956108008,0.01,"C3",0.64,0.015,2.48,2.83,0.114,15,0.51,0,1,1,0.01,1,500,0.06,1180,1800,1.55,25,0.5,25,45,5.42532009133138,2.66867027617991,0.646815094165504,-0.373893254902214,1,0.1,0,1,1,0.25,1.34,0.3,10,0.35,20.6,0.2,0.01,10,0,5,600,300,20,970,15,0.0113717319909483,2,410,209,"2018-08-01","2018-09-01",51.55,5.55,1,11.701873264974,21.0401756758802,80.5537257995456
3.33801589580253,44.7833551233215,22.6505283033475,6.87695451686159,0.0765315019059926,0.116247625928372,48.1545968865976,0.673197715776041,0.437724817544222,0,0,0.175080795306712,0.01,0.01,243.284091807611,17.5537800656166,0.01,"C3",0.64,0.015,2.48,2.83,0.114,15,0.51,0,1,1,0.01,1,500,0.06,1180,1800,1.55,25,0.5,25,45,6.05023467245046,2.2565162879182,0.352439392823726,0.844709013588727,1,0.1,0,1,1,0.25,1.34,0.3,10,0.35,20.6,0.2,0.01,10,0,5,600,300,20,970,15,0.114719153614715,2,410,209,"2018-08-01","2018-09-01",51.55,5.55,1,5.44065888505429,27.2605181392282,49.616368082352
1.82453558826819,54.414225819413,7.25723563227803,1.96353383897804,0.162445744406432,0.136141809634864,6.19836897589266,0.36528711928986,0.453893442638218,0,0,0.880178910447285,0.01,0.01,34.7150216442533,1.9237345282454,0.01,"C3",0.64,0.015,2.48,2.83,0.114,15,0.51,0,1,1,0.01,1,500,0.06,1180,1800,1.55,25,0.5,25,45,5.40621793768369,1.79291666531935,-0.852288560010493,0.822178883943707,1,0.1,0,1,1,0.25,1.34,0.3,10,0.35,20.6,0.2,0.01,10,0,5,600,300,20,970,15,0.519418048439547,2,410,209,"2018-08-01","2018-09-01",51.55,5.55,1,6.48267230484635,22.7102102385834,89.6511076390743
2.96109770983458,36.8397958410104,19.1263663873542,0.453406142070889,0.0599378427490592,0.0409601271618158,41.5337530430406,0.102176840184256,0.0745718532707542,0,0,0.881149919470772,0.01,0.01,173.161338659876,11.3437048306223,0.01,"C3",0.64,0.015,2.48,2.83,0.114,15,0.51,0,1,1,0.01,1,500,0.06,1180,1800,1.55,25,0.5,25,45,3.18387040817179,4.34336576762144,0.0818097703158855,0.663246126379818,1,0.1,0,1,1,0.25,1.34,0.3,10,0.35,20.6,0.2,0.01,10,0,5,600,300,20,970,15,0.38146209414117,2,410,209,"2018-08-01","2018-09-01",51.55,5.55,1,12.0197578298394,16.5344282530714,102.152601974085
1.79833747004159,11.2011969041949,23.2391243916936,2.97445488278754,0.105112556787208,0.166514510288835,23.5236974526197,0.378248721826822,0.373518311651424,0,0,0.968388597713783,0.01,0.01,246.722891235666,7.39825285808183,0.01,"C3",0.64,0.015,2.48,2.83,0.114,15,0.51,0,1,1,0.01,1,500,0.06,1180,1800,1.55,25,0.5,25,45,5.0907172717154,1.73056168854237,-0.28814338799566,-0.61286410363391,1,0.1,0,1,1,0.25,1.34,0.3,10,0.35,20.6,0.2,0.01,10,0,5,600,300,20,970,15,0.738101629773155,2,410,209,"2018-08-01","2018-09-01",51.55,5.55,1,6.9744292111136,22.7764819725417,95.362451383844
1.98349728807807,69.965800461044,0.24807044537738,2.14729975815862,0.0844073406420648,0.144117023842409,55.4506275616586,0.743531126296148,0.573293055640534,0,0,0.556852420326322,0.01,0.01,131.963882519281,4.86143835377879,0.01,"C3",0.64,0.015,2.48,2.83,0.114,15,0.51,0,1,1,0.01,1,500,0.06,1180,1800,1.55,25,0.5,25,45,0.254725253558718,1.69980299356394,-0.610716165974736,-0.0370178129523993,1,0.1,0,1,1,0.25,1.34,0.3,10,0.35,20.6,0.2,0.01,10,0,5,600,300,20,970,15,0.27654749318026,2,410,209,"2018-08-01","2018-09-01",51.55,5.55,1,12.6879381795879,20.6535662838724,27.1853930549696
2.34897861233912,76.0235198440117,12.5120334152598,3.00451874430291,0.143166902754456,0.042395248496905,3.22776507586241,0.576106915250421,0.858282380970195,0,0,0.0125838813837618,0.01,0.01,204.190133019991,4.47117075044662,0.01,"C3",0.64,0.015,2.48,2.83,0.114,15,0.51,0,1,1,0.01,1,500,0.06,1180,1800,1.55,25,0.5,25,45,1.44552234890871,3.73023775964975,0.473539264407009,0.157212814781815,1,0.1,0,1,1,0.25,1.34,0.3,10,0.35,20.6,0.2,0.01,10,0,5,600,300,20,970,15,0.0562355944421142,2,410,209,"2018-08-01","2018-09-01",51.55,5.55,1,1.63969813962467,21.2609011831228,178.013404626399
3.25161700788885,37.0590873736346,6.48470628657378,3.11373115563765,0.0305882551707327,0.0318134556524456,59.0898915706202,0.296356261940673,0.2318606141489,0,0,0.941177758853883,0.01,0.01,228.581877091143,6.97917517833412,0.01,"C3",0.64,0.015,2.48,2.83,0.114,15,0.51,0,1,1,0.01,1,500,0.06,1180,1800,1.55,25,0.5,25,45,2.64029190812726,2.43178774637636,0.109838563017547,-0.549595147371292,1,0.1,0,1,1,0.25,1.34,0.3,10,0.35,20.6,0.2,0.01,10,0,5,600,300,20,970,15,0.302929543424398,2,410,209,"2018-08-01","2018-09-01",51.55,5.55,1,10.8588967309333,26.1776572535746,83.4990319842473
3.69512297655456,71.1448042541936,11.5534266165923,4.54658422106877,0.0740032336674631,0.108449477748945,48.172923414968,0.265688651707023,0.957267180783674,0,0,0.502980099059641,0.01,0.01,86.4775032412726,19.7507386326324,0.01,"C3",0.64,0.015,2.48,2.83,0.114,15,0.51,0,1,1,0.01,1,500,0.06,1180,1800,1.55,25,0.5,25,45,2.15376063429285,4.33245504007209,-0.833537585567683,-0.559231677558273,1,0.1,0,1,1,0.25,1.34,0.3,10,0.35,20.6,0.2,0.01,10,0,5,600,300,20,970,15,0.582551031606272,2,410,209,"2018-08-01","2018-09-01",51.55,5.55,1,6.85831341776066,27.4426037049852,78.5331440716982
1.99656273331493,55.7117916048512,10.1861719274893,0.114319490501657,0.0533743224106729,0.0137734254356474,16.951115950942,0.990294146584347,0.867377038812265,0,0,0.655754647217691,0.01,0.01,81.0530348253669,2.78388011991046,0.01,"C3",0.64,0.015,2.48,2.83,0.114,15,0.51,0,1,1,0.01,1,500,0.06,1180,1800,1.55,25,0.5,25,45,5.45546307286713,2.16409556486178,0.618175542447716,-0.805812105536461,1,0.1,0,1,1,0.25,1.34,0.3,10,0.35,20.6,0.2,0.01,10,0,5,600,300,20,970,15,0.645364670781419,2,410,209,"2018-08-01","2018-09-01",51.55,5.55,1,8.96235710126348,19.298791004112,32.9245681548491
4.09940328961238,75.1349564071409,20.8827968745027,1.63110269792378,0.162604995351285,0.0707527471706271,19.9995219474658,0.592535814503208,0.223392254207283,0,0,0.515872614225373,0.01,0.01,48.9837062961305,3.54394769389182,0.01,"C3",0.64,0.015,2.48,2.83,0.114,15,0.51,0,1,1,0.01,1,500,0.06,1180,1800,1.55,25,0.5,25,45,0.328436289797537,3.57680818613153,0.86999148176983,-0.624283988028765,1,0.1,0,1,1,0.25,1.34,0.3,10,0.35,20.6,0.2,0.01,10,0,5,600,300,20,970,15,0.120780462399125,2,410,209,"2018-08-01","2018-09-01",51.55,5.55,1,13.4800951962825,26.595902441768,70.4467941401526
3.62572241155431,51.1152954922504,3.34740534308366,3.41282932879403,0.127785023441538,0.120342136640102,39.1180736990646,0.27547470992431,0.389339081477374,0,0,0.0608644681051373,0.01,0.01,119.728026300902,2.57060775603168,0.01,"C3",0.64,0.015,2.48,2.83,0.114,15,0.51,0,1,1,0.01,1,500,0.06,1180,1800,1.55,25,0.5,25,45,0.310160266025923,4.75533576158341,-0.186497122980654,-0.687479798682034,1,0.1,0,1,1,0.25,1.34,0.3,10,0.35,20.6,0.2,0.01,10,0,5,600,300,20,970,15,0.327376164030284,2,410,209,"2018-08-01","2018-09-01",51.55,5.55,1,11.594202700071,22.768401716603,172.604164327495
3.78119860868901,67.1040441012838,21.73828377272,6.22191128693521,0.153319089021534,0.0332150887697935,5.13351359870285,0.0809413446113467,0.61547094467096,0,0,0.731756426626816,0.01,0.01,204.490741312853,4.98998748441227,0.01,"C3",0.64,0.015,2.48,2.83,0.114,15,0.51,0,1,1,0.01,1,500,0.06,1180,1800,1.55,25,0.5,25,45,0.751522073731758,4.28812399029266,-0.654902145266533,0.306937131099403,1,0.1,0,1,1,0.25,1.34,0.3,10,0.35,20.6,0.2,0.01,10,0,5,600,300,20,970,15,0.43455409584567,2,410,209,"2018-08-01","2018-09-01",51.55,5.55,1,8.56644074781798,24.1034431639127,28.5593679500744
1.94125232566148,84.380836277036,9.80851126369089,1.93573811859824,0.116914563206956,0.13220703820698,56.4277208363637,0.00194078288041055,0.137636384228244,0,0,0.689668390201405,0.01,0.01,213.408474381606,17.5540439619217,0.01,"C3",0.64,0.015,2.48,2.83,0.114,15,0.51,0,1,1,0.01,1,500,0.06,1180,1800,1.55,25,0.5,25,45,0.39781901545357,4.66837821633089,-0.779206411913037,-0.341695568524301,1,0.1,0,1,1,0.25,1.34,0.3,10,0.35,20.6,0.2,0.01,10,0,5,600,300,20,970,15,0.000320330960676074,2,410,209,"2018-08-01","2018-09-01",51.55,5.55,1,2.65075771487318,23.1990306568332,67.2084598895162
2.57417089026421,69.0511304925504,15.5002424435224,2.09870211221278,0.199456934211776,0.0944739833939821,21.366304163821,0.337503883056343,0.271397326374426,0,0,0.709528277395293,0.01,0.01,227.750933184754,3.68760430184193,0.01,"C3",0.64,0.015,2.48,2.83,0.114,15,0.51,0,1,1,0.01,1,500,0.06,1180,1800,1.55,25,0.5,25,45,6.97393445791677,3.81584236619528,-0.167235154658556,0.23923213314265,1,0.1,0,1,1,0.25,1.34,0.3,10,0.35,20.6,0.2,0.01,10,0,5,600,300,20,970,15,0.236660420428962,2,410,209,"2018-08-01","2018-09-01",51.55,5.55,1,11.1179355788045,17.7546034287661,10.9212932735682
3.51999744423665,6.02153491632586,3.21286292746663,6.91117767803371,0.0686161481775344,0.169483474176377,34.73318352364,0.914981554960832,0.594533569179475,0,0,0.227274146629497,0.01,0.01,135.867244424531,1.37563732382841,0.01,"C3",0.64,0.015,2.48,2.83,0.114,15,0.51,0,1,1,0.01,1,500,0.06,1180,1800,1.55,25,0.5,25,45,3.61274082986638,1.15221486869268,-0.901323223952204,-0.772785782814026,1,0.1,0,1,1,0.25,1.34,0.3,10,0.35,20.6,0.2,0.01,10,0,5,600,300,20,970,15,0.417224947130308,2,410,209,"2018-08-01","2018-09-01",51.55,5.55,1,3.75023996690288,29.2276319547091,49.5008434541523
3.07146780495532,75.3033687042666,22.0418603683356,3.24838160094805,0.0762485031038523,0.0583828660193831,45.2230788068846,0.822207778226584,0.160795401548967,0,0,0.357124352594838,0.01,0.01,3.87923071807018,1.72432831511833,0.01,"C3",0.64,0.015,2.48,2.83,0.114,15,0.51,0,1,1,0.01,1,500,0.06,1180,1800,1.55,25,0.5,25,45,4.12639543267433,2.53937685384881,0.76584275206551,-0.515154243912548,1,0.1,0,1,1,0.25,1.34,0.3,10,0.35,20.6,0.2,0.01,10,0,5,600,300,20,970,15,0.518635004526004,2,410,209,"2018-08-01","2018-09-01",51.55,5.55,1,7.6085988257546,16.9186003867071,55.6162296747789
2.54940537828952,68.0887092889939,16.0079409833997,0.0123309043701738,0.168885497003794,0.153220785968006,15.3969683032483,0.27470235619694,0.478779227705672,0,0,0.500240698689595,0.01,0.01,79.8236569724395,14.5244763258379,0.01,"C3",0.64,0.015,2.48,2.83,0.114,15,0.51,0,1,1,0.01,1,500,0.06,1180,1800,1.55,25,0.5,25,45,3.88122435468249,3.50945689622313,0.466522017959505,-0.114063881803304,1,0.1,0,1,1,0.25,1.34,0.3,10,0.35,20.6,0.2,0.01,10,0,5,600,300,20,970,15,0.574654803844169,2,410,209,"2018-08-01","2018-09-01",51.55,5.55,1,2.71115560666658,18.2434375409503,156.544092432596
2.22159210476093,25.6480002447281,12.7998125972226,0.420133977662772,0.0758451256435365,0.187870237184688,53.6954126274213,0.473196165869012,0.84940459462814,0,0,0.952908639330417,0.01,0.01,242.885663084046,11.0892499031033,0.01,"C3",0.64,0.015,2.48,2.83,0.114,15,0.51,0,1,1,0.01,1,500,0.06,1180,1800,1.55,25,0.5,25,45,2.69449844455812,2.58879015117418,0.726043112576008,0.0988636063411832,1,0.1,0,1,1,0.25,1.34,0.3,10,0.35,20.6,0.2,0.01,10,0,5,600,300,20,970,15,0.715507544809952,2,410,209,"2018-08-01","2018-09-01",51.55,5.55,1,5.6683850241825,26.0698977741413,92.8868001652882
1.67457538889721,53.4326301384908,15.7857653975952,6.52157597546466,0.0100770550314337,0.117396324826404,9.55462556798011,0.723392999498174,0.51608015387319,0,0,0.459515911759809,0.01,0.01,143.664998126391,7.65806280495599,0.01,"C3",0.64,0.015,2.48,2.83,0.114,15,0.51,0,1,1,0.01,1,500,0.06,1180,1800,1.55,25,0.5,25,45,6.23125449039508,0.937764224945568,-0.0509671033360064,-0.40786319738254,1,0.1,0,1,1,0.25,1.34,0.3,10,0.35,20.6,0.2,0.01,10,0,5,600,300,20,970,15,0.471829518210143,2,410,209,"2018-08-01","2018-09-01",51.55,5.55,1,9.56310988054611,26.676773900399,7.50539364293218
2.20985922636464,72.2583025523201,24.1154256334994,3.30905529716983,0.00608008089475334,0.195158290304244,54.719299916178,0.887207214487717,0.37270522559993,0,0,0.0704491133801639,0.01,0.01,74.7973037856282,16.3384462604299,0.01,"C3",0.64,0.015,2.48,2.83,0.114,15,0.51,0,1,1,0.01,1,500,0.06,1180,1800,1.55,25,0.5,25,45,4.39429328038823,1.96137247246224,-0.899481342639774,-0.266872433479875,1,0.1,0,1,1,0.25,1.34,0.3,10,0.35,20.6,0.2,0.01,10,0,5,600,300,20,970,15,0.275669591967016,2,410,209,"2018-08-01","2018-09-01",51.55,5.55,1,8.34579071612097,20.7432430819608,20.4531008144841
4.17023373953998,44.7465899327645,19.7828166768886,5.90295082191005,0.137073285831139,0.151081119244918,55.1585903903469,0.589298978447914,0.585293599870056,0,0,0.442727275658399,0.01,0.01,82.3067802866572,2.75706125423312,0.01,"C3",0.64,0.015,2.48,2.83,0.114,15,0.51,0,1,1,0.01,1,500,0.06,1180,1800,1.55,25,0.5,25,45,3.38091318111401,1.41589143022429,-0.44698154181242,0.952078691218048,1,0.1,0,1,1,0.25,1.34,0.3,10,0.35,20.6,0.2,0.01,10,0,5,600,300,20,970,15,0.579655070789158,2,410,209,"2018-08-01","2018-09-01",51.55,5.55,1,7.87544094608165,19.1467444784939,153.775170953013
3.93548224819824,70.2507438754785,23.724970308831,5.82277131988667,0.169876686250791,0.195733530540019,39.183358931914,0.506678899284452,0.726306166267022,0,0,0.458679565461352,0.01,0.01,34.9034175451379,9.39247497101314,0.01,"C3",0.64,0.015,2.48,2.83,0.114,15,0.51,0,1,1,0.01,1,500,0.06,1180,1800,1.55,25,0.5,25,45,0.448090351512656,4.70715206535533,0.715884276200086,0.27867293311283,1,0.1,0,1,1,0.25,1.34,0.3,10,0.35,20.6,0.2,0.01,10,0,5,600,300,20,970,15,0.835411362582818,2,410,209,"2018-08-01","2018-09-01",51.55,5.55,1,7.15926495962776,29.58679018775,138.07964655105
3.74254896654747,48.9080268927923,16.5365467546508,5.38200708176009,0.188354546669871,0.0326840482652187,59.7199140116572,0.86352887772955,0.346782769542187,0,0,0.370182869955897,0.01,0.01,242.336167863046,8.75336651620455,0.01,"C3",0.64,0.015,2.48,2.83,0.114,15,0.51,0,1,1,0.01,1,500,0.06,1180,1800,1.55,25,0.5,25,45,4.89040780665819,1.76186428312212,0.178490081802011,0.728557340800762,1,0.1,0,1,1,0.25,1.34,0.3,10,0.35,20.6,0.2,0.01,10,0,5,600,300,20,970,15,0.326230822596699,2,410,209,"2018-08-01","2018-09-01",51.55,5.55,1,9.79768284014426,20.8663190435618,42.923597227782
1.96473517734557,20.2414762528349,11.3941747113131,4.22465746756643,0.0998766750562936,0.157695316104218,39.7397053102031,0.838240924989805,0.161100947996601,0,0,0.418023850070313,0.01,0.01,135.147024072532,19.7042913301848,0.01,"C3",0.64,0.015,2.48,2.83,0.114,15,0.51,0,1,1,0.01,1,500,0.06,1180,1800,1.55,25,0.5,25,45,1.31610185804311,1.11548594525084,-0.606681554112583,0.143580577336252,1,0.1,0,1,1,0.25,1.34,0.3,10,0.35,20.6,0.2,0.01,10,0,5,600,300,20,970,15,0.802187397144735,2,410,209,"2018-08-01","2018-09-01",51.55,5.55,1,2.48902013758197,24.9788587877993,83.2015664549544
1.87422626581974,61.694105204827,23.6136187741067,3.90851852437481,0.0683385448064655,0.0254032380413264,8.84883312508464,0.183192363008857,0.371988670201972,0,0,0.972647265298292,0.01,0.01,88.1811652078759,9.07549990597181,0.01,"C3",0.64,0.015,2.48,2.83,0.114,15,0.51,0,1,1,0.01,1,500,0.06,1180,1800,1.55,25,0.5,25,45,4.29300780436024,1.39286056079436,-0.513566785492003,0.388742658309639,1,0.1,0,1,1,0.25,1.34,0.3,10,0.35,20.6,0.2,0.01,10,0,5,600,300,20,970,15,0.829545865766704,2,410,209,"2018-08-01","2018-09-01",51.55,5.55,1,9.78097502142191,22.2021638578735,103.637514165603
4.42417742544785,45.7338571353386,16.7356516350992,3.67806477099657,0.0276681303512305,0.051562959048897,43.2989659253508,0.625950645189732,0.600505027454346,0,0,0.0186578801367432,0.01,0.01,87.4639021614566,1.70544556435198,0.01,"C3",0.64,0.015,2.48,2.83,0.114,15,0.51,0,1,1,0.01,1,500,0.06,1180,1800,1.55,25,0.5,25,45,6.90237070196308,3.71473751158919,-0.465797631070018,-0.40871644904837,1,0.1,0,1,1,0.25,1.34,0.3,10,0.35,20.6,0.2,0.01,10,0,5,600,300,20,970,15,0.908291711937636,2,410,209,"2018-08-01","2018-09-01",51.55,5.55,1,6.79450109833851,21.5179592790082,71.8240334931761
2.80838998826221,42.5611024967301,8.74243196449243,1.67022799723782,0.130167677765712,0.0224180024582893,32.6405016705394,0.117207718547434,0.741508766775951,0,0,0.934459765674546,0.01,0.01,206.776741253678,17.8221565871499,0.01,"C3",0.64,0.015,2.48,2.83,0.114,15,0.51,0,1,1,0.01,1,500,0.06,1180,1800,1.55,25,0.5,25,45,5.42481703171507,3.1568336726632,-0.0656463890336454,-0.423491788562387,1,0.1,0,1,1,0.25,1.34,0.3,10,0.35,20.6,0.2,0.01,10,0,5,600,300,20,970,15,0.367327568586916,2,410,209,"2018-08-01","2018-09-01",51.55,5.55,1,13.1585272704251,24.3381243094336,16.2850360153243
2.89204988046549,89.0733575979608,8.66776907350868,4.31386751262471,0.041791315888986,0.149360814131796,58.7256892723963,0.28653729823418,0.0167653693351895,0,0,0.999804041581228,0.01,0.01,225.448267258063,11.8082154351287,0.01,"C3",0.64,0.015,2.48,2.83,0.114,15,0.51,0,1,1,0.01,1,500,0.06,1180,1800,1.55,25,0.5,25,45,3.94295298941433,3.3937582639046,0.304129120893776,0.861896594520658,1,0.1,0,1,1,0.25,1.34,0.3,10,0.35,20.6,0.2,0.01,10,0,5,600,300,20,970,15,0.186909923795611,2,410,209,"2018-08-01","2018-09-01",51.55,5.55,1,2.10572226438671,28.5862818325404,40.980486413464
1.99589424370788,49.3468309528854,0.391185557236895,6.05889865476638,0.0576647734735161,0.103567630518228,3.50595018826425,0.856555017177016,0.948103518690914,0,0,0.186925127403811,0.01,0.01,125.488394815126,19.8437497024424,0.01,"C3",0.64,0.015,2.48,2.83,0.114,15,0.51,0,1,1,0.01,1,500,0.06,1180,1800,1.55,25,0.5,25,45,5.75942576818634,2.19681410491467,0.225026967003942,0.956289237830788,1,0.1,0,1,1,0.25,1.34,0.3,10,0.35,20.6,0.2,0.01,10,0,5,600,300,20,970,15,0.323209201684222,2,410,209,"2018-08-01","2018-09-01",51.55,5.55,1,14.3886591657065,23.1390271859709,131.851029368117
3.25480967201293,67.3667929539754,11.2822671246249,5.3505432731472,0.0926563474815339,0.157254293281585,8.50097847171128,0.805668313289061,0.130652075633407,0,0,0.873595590470359,0.01,0.01,186.657080060861,9.30534836323932,0.01,"C3",0.64,0.015,2.48,2.83,0.114,15,0.51,0,1,1,0.01,1,500,0.06,1180,1800,1.55,25,0.5,25,45,3.94063140689395,2.12928022677079,-0.69239245261997,0.556200389284641,1,0.1,0,1,1,0.25,1.34,0.3,10,0.35,20.6,0.2,0.01,10,0,5,600,300,20,970,15,0.192159258993343,2,410,209,"2018-08-01","2018-09-01",51.55,5.55,1,0.311682770261541,19.7317314601969,51.9662128435448
2.31233405834064,49.8836457224001,12.7558856271207,1.31513842684217,0.098243596451357,0.149168929178268,31.6663391143084,0.168888342333958,0.0270713078789413,0,0,0.578743540216237,0.01,0.01,227.143447173876,19.3509867056273,0.01,"C3",0.64,0.015,2.48,2.83,0.114,15,0.51,0,1,1,0.01,1,500,0.06,1180,1800,1.55,25,0.5,25,45,0.728939159261063,3.29123578744475,-0.958539286628366,-0.21950563788414,1,0.1,0,1,1,0.25,1.34,0.3,10,0.35,20.6,0.2,0.01,10,0,5,600,300,20,970,15,0.82245006877929,2,410,209,"2018-08-01","2018-09-01",51.55,5.55,1,1.42866550711915,19.7266235668212,150.019861701876
2.19029076118022,36.1339094413867,1.50573158171028,2.60657006897964,0.0625787834636867,0.1740670775529,41.0720713622868,0.8214295017533,0.844236030476168,0,0,0.849180328892544,0.01,0.01,62.5225381563068,18.7870726305991,0.01,"C3",0.64,0.015,2.48,2.83,0.114,15,0.51,0,1,1,0.01,1,500,0.06,1180,1800,1.55,25,0.5,25,45,6.19645271066111,3.9096921304008,-0.670342270750552,0.763328604400158,1,0.1,0,1,1,0.25,1.34,0.3,10,0.35,20.6,0.2,0.01,10,0,5,600,300,20,970,15,0.888377440860495,2,410,209,"2018-08-01","2018-09-01",51.55,5.55,1,12.9864581557922,24.5700939930975,76.2476988136768
3.57362349447794,28.5650616368041,18.5526266810484,5.29478397127241,0.158527302881703,0.16352717266418,22.7611942123622,0.0625524662900716,0.446036966983229,0,0,0.875208877259865,0.01,0.01,206.132476456813,19.0144802704453,0.01,"C3",0.64,0.015,2.48,2.83,0.114,15,0.51,0,1,1,0.01,1,500,0.06,1180,1800,1.55,25,0.5,25,45,1.80531365529168,4.50762607285287,-0.675042061135173,-0.02940633893013,1,0.1,0,1,1,0.25,1.34,0.3,10,0.35,20.6,0.2,0.01,10,0,5,600,300,20,970,15,0.883523510303348,2,410,209,"2018-08-01","2018-09-01",51.55,5.55,1,10.0219612405635,22.4239444022533,114.46386356838
2.34855719888583,80.9321830844819,3.82832893519662,0.614070741226897,0.0521602725610137,0.160801792843267,21.5502278739586,0.164974610554054,0.25156057626009,0,0,0.528070994419977,0.01,0.01,192.026841486339,11.4936423511244,0.01,"C3",0.64,0.015,2.48,2.83,0.114,15,0.51,0,1,1,0.01,1,500,0.06,1180,1800,1.55,25,0.5,25,45,0.428177836094983,2.30986432195641,-0.697204780764878,-0.128732821438462,1,0.1,0,1,1,0.25,1.34,0.3,10,0.35,20.6,0.2,0.01,10,0,5,600,300,20,970,15,0.426661503268406,2,410,209,"2018-08-01","2018-09-01",51.55,5.55,1,13.7680292373989,26.8012966553215,1.57465651631355
3.93119419855066,29.5919881863214,8.60308342962526,4.59475211100653,0.0360709242522717,0.186211185157299,29.7114928951487,0.781706501031294,0.836378517793491,0,0,0.864883374655619,0.01,0.01,65.1182522959425,18.9918706512544,0.01,"C3",0.64,0.015,2.48,2.83,0.114,15,0.51,0,1,1,0.01,1,500,0.06,1180,1800,1.55,25,0.5,25,45,5.76397578653414,4.45649582438637,-0.813710875343531,-0.946421085391194,1,0.1,0,1,1,0.25,1.34,0.3,10,0.35,20.6,0.2,0.01,10,0,5,600,300,20,970,15,0.337641748134047,2,410,209,"2018-08-01","2018-09-01",51.55,5.55,1,4.07344443839975,23.998768015299,45.5673036770895
1.78174982126802,40.5918225051428,9.51758850133047,5.00914730317891,0.0180869882926345,0.10455941753462,53.4037609398365,0.596289040753618,0.475242666667327,0,0,0.709221207536757,0.01,0.01,99.9772591937217,3.96346669015475,0.01,"C3",0.64,0.015,2.48,2.83,0.114,15,0.51,0,1,1,0.01,1,500,0.06,1180,1800,1.55,25,0.5,25,45,5.691571217007,3.78990805055946,0.851854841690511,-0.311854561790824,1,0.1,0,1,1,0.25,1.34,0.3,10,0.35,20.6,0.2,0.01,10,0,5,600,300,20,970,15,0.429163051070645,2,410,209,"2018-08-01","2018-09-01",51.55,5.55,1,14.0942458505742,19.6183366945479,147.280096504837
3.96609021350741,73.2257851147739,22.9843622713815,6.01362742274068,0.0579017248470336,0.125799592258409,59.886199333705,0.473984177689999,0.119156897766516,0,0,0.185291185742244,0.01,0.01,153.054293095076,16.6462507143151,0.01,"C3",0.64,0.015,2.48,2.83,0.114,15,0.51,0,1,1,0.01,1,500,0.06,1180,1800,1.55,25,0.5,25,45,0.204312375653535,0.586246606893837,-0.784027931746095,0.72629329143092,1,0.1,0,1,1,0.25,1.34,0.3,10,0.35,20.6,0.2,0.01,10,0,5,600,300,20,970,15,0.449613110395148,2,410,209,"2018-08-01","2018-09-01",51.55,5.55,1,13.8126749312505,24.9306697840802,130.146565712057
2.78228484210558,44.3864744057242,15.928584622452,1.46876948489808,0.0436861468944699,0.0370584553107619,57.6686586532742,0.932140834396705,0.121027752989903,0,0,0.228116277139634,0.01,0.01,120.862355961348,12.7131225452758,0.01,"C3",0.64,0.015,2.48,2.83,0.114,15,0.51,0,1,1,0.01,1,500,0.06,1180,1800,1.55,25,0.5,25,45,4.49858060218394,2.9812942960998,-0.471850744448602,0.812669492792338,1,0.1,0,1,1,0.25,1.34,0.3,10,0.35,20.6,0.2,0.01,10,0,5,600,300,20,970,15,0.256138805299997,2,410,209,"2018-08-01","2018-09-01",51.55,5.55,1,2.49028862686828,28.9456043858081,124.111136184074
3.76766177918762,65.9476100109967,21.5797751327045,1.9278358342126,0.140542869223282,0.0897997468244284,4.85726487357169,0.988642789889127,0.878357131965458,0,0,0.92070076498203,0.01,0.01,110.926763972384,7.16984317405149,0.01,"C3",0.64,0.015,2.48,2.83,0.114,15,0.51,0,1,1,0.01,1,500,0.06,1180,1800,1.55,25,0.5,25,45,0.135201173089445,2.29814938432537,0.87945787422359,-0.0436797342263162,1,0.1,0,1,1,0.25,1.34,0.3,10,0.35,20.6,0.2,0.01,10,0,5,600,300,20,970,15,0.238802040694281,2,410,209,"2018-08-01","2018-09-01",51.55,5.55,1,11.3675363024231,16.3479006383568,73.650126401335
3.48715651966631,16.9370195103822,10.321783676045,5.8474929118529,0.10465032197535,0.172698560822755,2.06442937720567,0.566246614092961,0.0512199648655951,0,0,0.0977687309496105,0.01,0.01,137.020837165357,9.5448628377635,0.01,"C3",0.64,0.015,2.48,2.83,0.114,15,0.51,0,1,1,0.01,1,500,0.06,1180,1800,1.55,25,0.5,25,45,0.717371213948354,2.7333091518376,-0.808727296534926,-0.238345162943006,1,0.1,0,1,1,0.25,1.34,0.3,10,0.35,20.6,0.2,0.01,10,0,5,600,300,20,970,15,0.408069994533435,2,410,209,"2018-08-01","2018-09-01",51.55,5.55,1,9.31777340825647,24.3999784870539,6.58030838705599
2.83358219079673,76.8328058998774,17.6134137029294,1.96437074220739,0.132237755088136,0.0508434724994004,40.0302301486954,0.634430053876713,0.352259498788044,0,0,0.24053090531379,0.01,0.01,173.341050322866,11.7911659129895,0.01,"C3",0.64,0.015,2.48,2.83,0.114,15,0.51,0,1,1,0.01,1,500,0.06,1180,1800,1.55,25,0.5,25,45,3.92380164538045,3.57396822446026,0.763430166523904,-0.690144979394972,1,0.1,0,1,1,0.25,1.34,0.3,10,0.35,20.6,0.2,0.01,10,0,5,600,300,20,970,15,0.55166446021758,2,410,209,"2018-08-01","2018-09-01",51.55,5.55,1,13.2493991707452,21.1889343720395,103.087030663155
3.38143855333328,66.9568553778695,4.93195303133689,5.93576716957614,0.0326194162480533,0.165364267490804,2.94824436306953,0.753375239903107,0.41456351079978,0,0,0.907220991095528,0.01,0.01,117.568239338521,12.2882464681752,0.01,"C3",0.64,0.015,2.48,2.83,0.114,15,0.51,0,1,1,0.01,1,500,0.06,1180,1800,1.55,25,0.5,25,45,1.22675659118686,3.36762379156426,-0.946615425869823,-0.667695361189544,1,0.1,0,1,1,0.25,1.34,0.3,10,0.35,20.6,0.2,0.01,10,0,5,600,300,20,970,15,0.403012254973873,2,410,209,"2018-08-01","2018-09-01",51.55,5.55,1,6.09592968248762,29.8503290803637,34.6230295300484
1.50139604718424,37.6076989458529,13.1953382340726,4.33092209207825,0.158025239128619,0.120055715553463,57.9943953081965,0.362009454751387,0.76045039575547,0,0,0.550388333620504,0.01,0.01,120.766691516037,2.1957598074805,0.01,"C3",0.64,0.015,2.48,2.83,0.114,15,0.51,0,1,1,0.01,1,500,0.06,1180,1800,1.55,25,0.5,25,45,3.64230006053112,4.45080778631382,0.555332685820758,-0.00616652192547917,1,0.1,0,1,1,0.25,1.34,0.3,10,0.35,20.6,0.2,0.01,10,0,5,600,300,20,970,15,0.959376151207834,2,410,209,"2018-08-01","2018-09-01",51.55,5.55,1,1.62261514691636,29.462929473957,59.7328550275415
2.15173054207116,71.0340254035075,22.4948592949659,1.7473463001661,0.0400353879202157,0.0338285876438022,17.5689567485824,0.912045519798994,0.695299077313393,0,0,0.756310970755294,0.01,0.01,36.1904040984227,2.53491834877059,0.01,"C3",0.64,0.015,2.48,2.83,0.114,15,0.51,0,1,1,0.01,1,500,0.06,1180,1800,1.55,25,0.5,25,45,0.795664624078199,4.12773395865224,-0.568873301614076,0.497452281415462,1,0.1,0,1,1,0.25,1.34,0.3,10,0.35,20.6,0.2,0.01,10,0,5,600,300,20,970,15,0.309260383946821,2,410,209,"2018-08-01","2018-09-01",51.55,5.55,1,7.55534717347473,15.4810229991563,39.3990872008726
3.61461673700251,41.7082254727265,7.26613168953918,4.34054471901618,0.17897026501596,0.0948687342461199,16.2355398153886,0.265269135124981,0.929727667011321,0,0,0.567005638033152,0.01,0.01,170.474799043732,5.14834280335344,0.01,"C3",0.64,0.015,2.48,2.83,0.114,15,0.51,0,1,1,0.01,1,500,0.06,1180,1800,1.55,25,0.5,25,45,2.61254086233675,1.77873833663762,-0.289201088249683,0.71864162478596,1,0.1,0,1,1,0.25,1.34,0.3,10,0.35,20.6,0.2,0.01,10,0,5,600,300,20,970,15,0.809549427591264,2,410,209,"2018-08-01","2018-09-01",51.55,5.55,1,7.99194375285879,19.2741502658464,178.661266104318
2.1454994645901,33.0187772996658,7.64069226570427,0.385551259852946,0.0181594022084028,0.158534808736295,29.1550885699689,0.579078645911068,0.164303347002715,0,0,0.556044655619189,0.01,0.01,239.037367741927,14.9462294294499,0.01,"C3",0.64,0.015,2.48,2.83,0.114,15,0.51,0,1,1,0.01,1,500,0.06,1180,1800,1.55,25,0.5,25,45,2.17801311085932,2.91095789091196,-0.522477152757347,-0.013874317985028,1,0.1,0,1,1,0.25,1.34,0.3,10,0.35,20.6,0.2,0.01,10,0,5,600,300,20,970,15,0.48116063233465,2,410,209,"2018-08-01","2018-09-01",51.55,5.55,1,6.23323971172795,21.7539251118433,79.2022584099323
3.94180116383359,49.4530606717252,10.7444109162316,6.40695231757127,0.155861275503412,0.0745083200279623,12.377727557905,0.953967958455905,0.815560951596126,0,0,0.0274295129347593,0.01,0.01,113.769499045855,4.63512045959942,0.01,"C3",0.64,0.015,2.48,2.83,0.114,15,0.51,0,1,1,0.01,1,500,0.06,1180,1800,1.55,25,0.5,25,45,5.6328352981247,2.97885841445532,0.763796131126583,0.0650834538973868,1,0.1,0,1,1,0.25,1.34,0.3,10,0.35,20.6,0.2,0.01,10,0,5,600,300,20,970,15,0.740743984468281,2,410,209,"2018-08-01","2018-09-01",51.55,5.55,1,14.1991629987024,22.8110421972815,7.0264141028747
2.42329162289388,78.3055269983828,22.1674521220848,6.1997180050239,0.0181391338817775,0.0512696994002909,13.733533853665,0.0440148722846061,0.554149946663529,0,0,0.546078952727839,0.01,0.01,60.6121250192518,19.2522814583499,0.01,"C3",0.64,0.015,2.48,2.83,0.114,15,0.51,0,1,1,0.01,1,500,0.06,1180,1800,1.55,25,0.5,25,45,5.28282018860336,1.41104123042896,-0.672746508847922,-0.62769089313224,1,0.1,0,1,1,0.25,1.34,0.3,10,0.35,20.6,0.2,0.01,10,0,5,600,300,20,970,15,0.710650319699198,2,410,209,"2018-08-01","2018-09-01",51.55,5.55,1,12.9821981128771,19.6006548218429,22.7523269690573
3.56322805699892,26.6381675576533,17.01321855071,4.80412436532788,0.0281197750940919,0.0498391326982528,31.155911386013,0.112196799134836,0.887686274247244,0,0,0.446975132916123,0.01,0.01,207.720604684611,3.61855810787529,0.01,"C3",0.64,0.015,2.48,2.83,0.114,15,0.51,0,1,1,0.01,1,500,0.06,1180,1800,1.55,25,0.5,25,45,6.19560484602116,4.76899895840324,-0.777968463487923,0.238415151834488,1,0.1,0,1,1,0.25,1.34,0.3,10,0.35,20.6,0.2,0.01,10,0,5,600,300,20,970,15,0.679615206783637,2,410,209,"2018-08-01","2018-09-01",51.55,5.55,1,2.90100158890709,27.6046263682656,132.536405939609
4.29804323706776,80.2479085366491,10.9447967028245,6.67760276631452,0.0401109749916941,0.0640496354550123,21.9573653256521,0.424894315190613,0.938756305957213,0,0,0.386276813456789,0.01,0.01,47.2720677464968,8.51430963771418,0.01,"C3",0.64,0.015,2.48,2.83,0.114,15,0.51,0,1,1,0.01,1,500,0.06,1180,1800,1.55,25,0.5,25,45,3.89164208131842,1.18013902194798,0.868386025540531,-0.56484206719324,1,0.1,0,1,1,0.25,1.34,0.3,10,0.35,20.6,0.2,0.01,10,0,5,600,300,20,970,15,0.784480775240809,2,410,209,"2018-08-01","2018-09-01",51.55,5.55,1,10.835072400514,20.1067695580423,174.175014621578
1.8473389944993,58.2940141355693,20.835676783463,3.90306990942918,0.112221787450835,0.0314480561297387,54.1976384678856,0.73137011541985,0.0136281659360975,0,0,0.0178474241402,0.01,0.01,156.013579052407,18.5013092115987,0.01,"C3",0.64,0.015,2.48,2.83,0.114,15,0.51,0,1,1,0.01,1,500,0.06,1180,1800,1.55,25,0.5,25,45,5.89445632628631,3.10489803017117,-0.954063253011554,0.710761432070285,1,0.1,0,1,1,0.25,1.34,0.3,10,0.35,20.6,0.2,0.01,10,0,5,600,300,20,970,15,0.416206643218175,2,410,209,"2018-08-01","2018-09-01",51.55,5.55,1,2.39732987713069,16.6687122581061,174.967160210945
1.88311706366949,61.5666988093891,6.05012676096521,5.4825837155804,0.1315444374457,0.0751757523976266,14.4987246533856,0.795025401981547,0.415808029007167,0,0,0.779301090864465,0.01,0.01,20.4459546707221,17.4393248662818,0.01,"C3",0.64,0.015,2.48,2.83,0.114,15,0.51,0,1,1,0.01,1,500,0.06,1180,1800,1.55,25,0.5,25,45,0.351320812874474,1.4325422757538,0.923147772438824,0.179004866164178,1,0.1,0,1,1,0.25,1.34,0.3,10,0.35,20.6,0.2,0.01,10,0,5,600,300,20,970,15,0.914085000054911,2,410,209,"2018-08-01","2018-09-01",51.55,5.55,1,3.78225199179724,28.4584608336445,103.819441571832
3.53467157226987,49.4231689414337,9.58928159670904,5.60195617703721,0.0689828785602003,0.0325633523520082,21.9451362267137,0.712832974502817,0.101444667903706,0,0,0.0246297572739422,0.01,0.01,24.2068198752822,14.1381075964309,0.01,"C3",0.64,0.015,2.48,2.83,0.114,15,0.51,0,1,1,0.01,1,500,0.06,1180,1800,1.55,25,0.5,25,45,3.06636499871966,4.86349565046839,-0.997530431021005,-0.64081943500787,1,0.1,0,1,1,0.25,1.34,0.3,10,0.35,20.6,0.2,0.01,10,0,5,600,300,20,970,15,0.0478589122649282,2,410,209,"2018-08-01","2018-09-01",51.55,5.55,1,6.6448074078653,16.4031955995597,35.8028269093484
2.78684578766115,65.2530229265274,3.00665777758695,1.85571485874243,0.105382151715457,0.191201629349962,58.8527699466795,0.155634571798146,0.46474582888186,0,0,0.554228002671152,0.01,0.01,169.831509143871,18.4622047329322,0.01,"C3",0.64,0.015,2.48,2.83,0.114,15,0.51,0,1,1,0.01,1,500,0.06,1180,1800,1.55,25,0.5,25,45,6.59776280433871,3.89976207399741,0.542848940938711,-0.828611111268401,1,0.1,0,1,1,0.25,1.34,0.3,10,0.35,20.6,0.2,0.01,10,0,5,600,300,20,970,15,0.163059135200456,2,410,209,"2018-08-01","2018-09-01",51.55,5.55,1,14.2452281573787,21.1126250645611,66.0436950344592
4.0032029338181,51.4433350482951,5.8307321392931,2.05348982894793,0.0995326417032629,0.185812119534239,9.14969951380044,0.2833880498074,0.719537004828453,0,0,0.625711186788976,0.01,0.01,123.313864675525,12.4818022602703,0.01,"C3",0.64,0.015,2.48,2.83,0.114,15,0.51,0,1,1,0.01,1,500,0.06,1180,1800,1.55,25,0.5,25,45,3.47536467963364,0.559939614031464,0.179820051416755,-0.196857394650578,1,0.1,0,1,1,0.25,1.34,0.3,10,0.35,20.6,0.2,0.01,10,0,5,600,300,20,970,15,0.773080572253093,2,410,209,"2018-08-01","2018-09-01",51.55,5.55,1,3.77969705150463,28.1855586671736,7.90927250403911
4.41431420040317,72.4234156129729,17.1893837221432,1.58058080007322,0.0632417152635753,0.0918281607329846,11.7123080883175,0.374545836821198,0.462021051440388,0,0,0.396555899642408,0.01,0.01,46.5488436624873,16.7681588320993,0.01,"C3",0.64,0.015,2.48,2.83,0.114,15,0.51,0,1,1,0.01,1,500,0.06,1180,1800,1.55,25,0.5,25,45,2.49227619657759,3.4407301422907,0.651655462570488,-0.820002614986151,1,0.1,0,1,1,0.25,1.34,0.3,10,0.35,20.6,0.2,0.01,10,0,5,600,300,20,970,15,0.565731050912291,2,410,209,"2018-08-01","2018-09-01",51.55,5.55,1,3.06741424603388,24.6113619441167,176.242471346632
1.71146693313494,48.6246871539231,24.8337371158414,6.03957848157734,0.164104720158502,0.119789041019976,31.6872882423922,0.93769620382227,0.181205436820164,0,0,0.633539828239009,0.01,0.01,92.5202407288016,10.4141471495386,0.01,"C3",0.64,0.015,2.48,2.83,0.114,15,0.51,0,1,1,0.01,1,500,0.06,1180,1800,1.55,25,0.5,25,45,4.37664053298067,4.90558120410424,0.0290928804315627,0.510000161826611,1,0.1,0,1,1,0.25,1.34,0.3,10,0.35,20.6,0.2,0.01,10,0,5,600,300,20,970,15,0.557599262334406,2,410,209,"2018-08-01","2018-09-01",51.55,5.55,1,11.9646288477816,26.0264602547977,20.0405454263091
2.87935557961464,47.8343981753103,20.8042022888549,5.06623194250278,0.177463037520647,0.0862144808284938,24.5170029904693,0.328262282302603,0.577887661755085,0,0,0.719462348846719,0.01,0.01,81.0909978915588,5.55590730230324,0.01,"C3",0.64,0.015,2.48,2.83,0.114,15,0.51,0,1,1,0.01,1,500,0.06,1180,1800,1.55,25,0.5,25,45,2.11899916725233,1.22824183281045,0.102902404032648,-0.0320939724333584,1,0.1,0,1,1,0.25,1.34,0.3,10,0.35,20.6,0.2,0.01,10,0,5,600,300,20,970,15,0.911734255030751,2,410,209,"2018-08-01","2018-09-01",51.55,5.55,1,1.69337362633087,27.5588125619106,13.8510892074555
3.60475535527803,56.0026313376275,17.4491301761009,1.0728361827787,0.121757132792845,0.0667143441736698,1.30830269772559,0.227334001101553,0.29051716835238,0,0,0.835054808994755,0.01,0.01,217.069684034737,16.9204338702839,0.01,"C3",0.64,0.015,2.48,2.83,0.114,15,0.51,0,1,1,0.01,1,500,0.06,1180,1800,1.55,25,0.5,25,45,0.21552630730439,0.539486624067649,-0.570525652263314,-0.837023768573999,1,0.1,0,1,1,0.25,1.34,0.3,10,0.35,20.6,0.2,0.01,10,0,5,600,300,20,970,15,0.301955979084596,2,410,209,"2018-08-01","2018-09-01",51.55,5.55,1,5.04696678137407,17.0190573041327,98.0561359785497
1.76082050381228,68.366823420433,13.1210457708221,5.97105390531942,0.0568771318998188,0.133992643421516,25.5245975358412,0.00971873151138425,0.732708110939711,0,0,0.32938957051374,0.01,0.01,138.751535447605,1.12597225094214,0.01,"C3",0.64,0.015,2.48,2.83,0.114,15,0.51,0,1,1,0.01,1,500,0.06,1180,1800,1.55,25,0.5,25,45,2.52940349483397,1.98138449888211,0.900070698466152,0.854081751313061,1,0.1,0,1,1,0.25,1.34,0.3,10,0.35,20.6,0.2,0.01,10,0,5,600,300,20,970,15,0.24795081675984,2,410,209,"2018-08-01","2018-09-01",51.55,5.55,1,1.17541486630216,15.4857047495898,99.1395230730996
4.47883204836398,59.0390423347331,4.57757285912521,4.42661755369045,0.112332716817036,0.0114292244892567,4.20270668808371,0.492232340620831,0.916854795301333,0,0,0.647858845070004,0.01,0.01,31.838576223643,16.4246556500439,0.01,"C3",0.64,0.015,2.48,2.83,0.114,15,0.51,0,1,1,0.01,1,500,0.06,1180,1800,1.55,25,0.5,25,45,1.18775543305092,4.42134607560001,0.375270506832749,0.768795133568347,1,0.1,0,1,1,0.25,1.34,0.3,10,0.35,20.6,0.2,0.01,10,0,5,600,300,20,970,15,0.905118677997962,2,410,209,"2018-08-01","2018-09-01",51.55,5.55,1,6.26040712581016,28.9538890379481,165.918380711228
2.25929698208347,64.8180002254855,24.5535456051584,3.88817046629265,0.131955808540806,0.0168319642078131,53.3538129553199,0.790233305422589,0.258892348501831,0,0,0.591626718873158,0.01,0.01,88.4018849885906,16.7769567042124,0.01,"C3",0.64,0.015,2.48,2.83,0.114,15,0.51,0,1,1,0.01,1,500,0.06,1180,1800,1.55,25,0.5,25,45,6.56549336637836,2.57493527489714,0.54495262214914,0.817763088271022,1,0.1,0,1,1,0.25,1.34,0.3,10,0.35,20.6,0.2,0.01,10,0,5,600,300,20,970,15,0.805927252396941,2,410,209,"2018-08-01","2018-09-01",51.55,5.55,1,9.25039962516166,15.0280782266054,176.103808977641
1.64861530694179,36.3940963752979,20.6016948621254,0.30747753684409,0.090439224941656,0.115293431468308,51.6817715065554,0.650854479055852,0.546369529794902,0,0,0.250228999881074,0.01,0.01,5.84159810643177,4.47261643805541,0.01,"C3",0.64,0.015,2.48,2.83,0.114,15,0.51,0,1,1,0.01,1,500,0.06,1180,1800,1.55,25,0.5,25,45,5.53191964402795,4.35271827841643,0.0337940957397223,-0.718907409813255,1,0.1,0,1,1,0.25,1.34,0.3,10,0.35,20.6,0.2,0.01,10,0,5,600,300,20,970,15,0.801115826470777,2,410,209,"2018-08-01","2018-09-01",51.55,5.55,1,1.33035147911869,27.6489285856951,135.30082273297
3.55897484044544,10.118424253388,24.2071799817495,1.95654693502001,0.126034130994231,0.0218708550557494,17.7345819678158,0.161454777466133,0.764975446742028,0,0,0.752788630547002,0.01,0.01,103.161731618631,8.15758504904807,0.01,"C3",0.64,0.015,2.48,2.83,0.114,15,0.51,0,1,1,0.01,1,500,0.06,1180,1800,1.55,25,0.5,25,45,3.79922808718402,4.55897889856715,0.876586369238794,-0.761544584296644,1,0.1,0,1,1,0.25,1.34,0.3,10,0.35,20.6,0.2,0.01,10,0,5,600,300,20,970,15,0.0571087156422436,2,410,209,"2018-08-01","2018-09-01",51.55,5.55,1,4.4986921234522,18.3869788760785,3.16332799382508
3.86078205797821,46.3138226231523,13.1148437620141,4.18132930365391,0.130864617461339,0.0618977484758943,40.6090019596741,0.989913810044527,0.518073031911626,0,0,0.211644833441824,0.01,0.01,170.237907370436,1.42834440642036,0.01,"C3",0.64,0.015,2.48,2.83,0.114,15,0.51,0,1,1,0.01,1,500,0.06,1180,1800,1.55,25,0.5,25,45,4.22338587099221,2.08403202390764,-0.23777369922027,0.211859248578548,1,0.1,0,1,1,0.25,1.34,0.3,10,0.35,20.6,0.2,0.01,10,0,5,600,300,20,970,15,0.886852975469083,2,410,209,"2018-08-01","2018-09-01",51.55,5.55,1,9.57467172062024,29.3985019717366,101.810889677145
2.56081822793931,51.8253476697647,18.6019647575449,6.69714652560651,0.1736040932592,0.00895741609856486,6.099674385041,0.0887460764497519,0.218687922460958,0,0,0.577280145138502,0.01,0.01,138.507877644384,9.94061519671232,0.01,"C3",0.64,0.015,2.48,2.83,0.114,15,0.51,0,1,1,0.01,1,500,0.06,1180,1800,1.55,25,0.5,25,45,0.444153753458522,4.86327689222526,-0.0451899291947484,-0.484831252600998,1,0.1,0,1,1,0.25,1.34,0.3,10,0.35,20.6,0.2,0.01,10,0,5,600,300,20,970,15,0.654572597471997,2,410,209,"2018-08-01","2018-09-01",51.55,5.55,1,4.1289419028908,26.871148761129,159.454061854631
2.59932433487847,70.493464696367,19.8955434141681,0.409114063484594,0.0238547448534518,0.0931552622001618,0.891161751933396,0.73077290924266,0.403001502156258,0,0,0.78946160338819,0.01,0.01,206.853320780036,3.26677148207091,0.01,"C3",0.64,0.015,2.48,2.83,0.114,15,0.51,0,1,1,0.01,1,500,0.06,1180,1800,1.55,25,0.5,25,45,0.764766625780612,2.16644906706642,0.797415107954293,0.140730426646769,1,0.1,0,1,1,0.25,1.34,0.3,10,0.35,20.6,0.2,0.01,10,0,5,600,300,20,970,15,0.772597384173423,2,410,209,"2018-08-01","2018-09-01",51.55,5.55,1,11.2488384637982,16.6981948306784,28.0547803128138
2.36130039207637,49.7615524126671,12.5356742704753,3.20228059613146,0.171095751319081,0.120818377565593,52.259841193445,0.236334374640137,0.560041685122997,0,0,0.058827003929764,0.01,0.01,194.165184370708,9.44325341726653,0.01,"C3",0.64,0.015,2.48,2.83,0.114,15,0.51,0,1,1,0.01,1,500,0.06,1180,1800,1.55,25,0.5,25,45,4.04157652959693,4.72567539662123,0.148570430465043,-0.344404800795019,1,0.1,0,1,1,0.25,1.34,0.3,10,0.35,20.6,0.2,0.01,10,0,5,600,300,20,970,15,0.264446715824306,2,410,209,"2018-08-01","2018-09-01",51.55,5.55,1,0.47291353228502,17.7383169543464,178.737243027426
1.73991873697378,43.2259603267139,13.0163689551409,2.85928327636793,0.0673354940488935,0.083589368313551,43.8951499946415,0.958322967402637,0.0550331159029156,0,0,0.926615036791191,0.01,0.01,168.917318237363,6.89656545128673,0.01,"C3",0.64,0.015,2.48,2.83,0.114,15,0.51,0,1,1,0.01,1,500,0.06,1180,1800,1.55,25,0.5,25,45,6.3189507844625,3.3750971655827,0.850118114612997,-0.447686024010181,1,0.1,0,1,1,0.25,1.34,0.3,10,0.35,20.6,0.2,0.01,10,0,5,600,300,20,970,15,0.222990452544764,2,410,209,"2018-08-01","2018-09-01",51.55,5.55,1,1.49439339525998,27.7684053091798,40.6442814879119
2.59636280871928,39.0474476555618,17.6178095687646,3.56501120631583,0.165073315659538,0.14591831471771,54.7261230368167,0.297361771343276,0.766022913856432,0,0,0.471831274684519,0.01,0.01,243.984255767602,10.7544994705822,0.01,"C3",0.64,0.015,2.48,2.83,0.114,15,0.51,0,1,1,0.01,1,500,0.06,1180,1800,1.55,25,0.5,25,45,6.97893312908709,3.42732776829507,-0.185828182846308,-0.40448527270928,1,0.1,0,1,1,0.25,1.34,0.3,10,0.35,20.6,0.2,0.01,10,0,5,600,300,20,970,15,0.198850932531059,2,410,209,"2018-08-01","2018-09-01",51.55,5.55,1,3.08516496210359,19.2217953654472,159.251809464768
2.03404144383967,38.9955251702172,11.9175859901588,0.275940697873011,0.18940301691182,0.156228371756151,0.635341387242079,0.233134626643732,0.0300149486865848,0,0,0.787794979289174,0.01,0.01,228.050412270764,10.4754190240055,0.01,"C3",0.64,0.015,2.48,2.83,0.114,15,0.51,0,1,1,0.01,1,500,0.06,1180,1800,1.55,25,0.5,25,45,4.84620242808014,3.05353004159406,0.702785484492779,0.171293846797198,1,0.1,0,1,1,0.25,1.34,0.3,10,0.35,20.6,0.2,0.01,10,0,5,600,300,20,970,15,0.399379134643823,2,410,209,"2018-08-01","2018-09-01",51.55,5.55,1,13.8961919490248,23.0864702921826,94.8828155826777
3.10816116188653,84.485244783129,7.35235085594468,6.04103724868037,0.0426347046159208,0.10401523350738,2.40080511197448,0.612413404276595,0.131148763466626,0,0,0.493703462649137,0.01,0.01,41.5301384176128,3.04115005489439,0.01,"C3",0.64,0.015,2.48,2.83,0.114,15,0.51,0,1,1,0.01,1,500,0.06,1180,1800,1.55,25,0.5,25,45,6.30536089884117,4.64325319963973,0.687337188981473,0.530650838278234,1,0.1,0,1,1,0.25,1.34,0.3,10,0.35,20.6,0.2,0.01,10,0,5,600,300,20,970,15,0.768548092106357,2,410,209,"2018-08-01","2018-09-01",51.55,5.55,1,6.88354410580359,20.0794831628446,116.017200378701
3.01184613606893,61.7996535873463,13.402485079132,1.82846925128251,0.146218654792756,0.0945279948413372,19.6469293953851,0.0404541294556111,0.413805621908978,0,0,0.585866521345451,0.01,0.01,204.252603322035,18.7390229413286,0.01,"C3",0.64,0.015,2.48,2.83,0.114,15,0.51,0,1,1,0.01,1,500,0.06,1180,1800,1.55,25,0.5,25,45,1.98693914683536,3.17542871530168,0.449219307396561,-0.152445283718407,1,0.1,0,1,1,0.25,1.34,0.3,10,0.35,20.6,0.2,0.01,10,0,5,600,300,20,970,15,0.0280379282776266,2,410,209,"2018-08-01","2018-09-01",51.55,5.55,1,2.64780784375034,15.4184786940459,94.8786683846265
4.33510531042702,46.2030672464492,14.7311484848615,3.22490691649728,0.110914224339649,0.153055622102693,23.1871267128736,0.0589597744401544,0.611926326761022,0,0,0.331544011365622,0.01,0.01,215.022527476307,11.0554538569413,0.01,"C3",0.64,0.015,2.48,2.83,0.114,15,0.51,0,1,1,0.01,1,500,0.06,1180,1800,1.55,25,0.5,25,45,2.35430237809196,1.5177598898299,-0.460798361338675,-0.811045289970934,1,0.1,0,1,1,0.25,1.34,0.3,10,0.35,20.6,0.2,0.01,10,0,5,600,300,20,970,15,0.368635231629014,2,410,209,"2018-08-01","2018-09-01",51.55,5.55,1,0.902917758794501,17.2789648454636,148.349421615712
2.52396385185421,65.2220497418978,16.5029096766375,1.53177652461454,0.0336153078824282,0.0858721858821809,37.0630296505988,0.813094318145886,0.638607357628644,0,0,0.472495925612748,0.01,0.01,44.6442371371086,15.0070008370094,0.01,"C3",0.64,0.015,2.48,2.83,0.114,15,0.51,0,1,1,0.01,1,500,0.06,1180,1800,1.55,25,0.5,25,45,3.58108295665588,4.57510098954663,-0.683398114982992,0.628648418933153,1,0.1,0,1,1,0.25,1.34,0.3,10,0.35,20.6,0.2,0.01,10,0,5,600,300,20,970,15,0.420267912326381,2,410,209,"2018-08-01","2018-09-01",51.55,5.55,1,10.1358001492918,17.9841832816601,78.8847562344745
2.89414132246748,45.894014850636,23.9051423675846,6.55118846800178,0.0541474583558738,0.142017920361832,27.6227650791407,0.131601146887988,0.643737660255283,0,0,0.624976415885612,0.01,0.01,199.516527444706,8.05788741912693,0.01,"C3",0.64,0.015,2.48,2.83,0.114,15,0.51,0,1,1,0.01,1,500,0.06,1180,1800,1.55,25,0.5,25,45,1.81339537596796,4.76268756238278,0.390546360053122,-0.781404500827193,1,0.1,0,1,1,0.25,1.34,0.3,10,0.35,20.6,0.2,0.01,10,0,5,600,300,20,970,15,0.155052782269195,2,410,209,"2018-08-01","2018-09-01",51.55,5.55,1,1.52030664961785,29.3054730200674,8.31907963380218
1.74759354488924,54.0806195965979,6.77256268099882,4.97332915989682,0.0219238077756017,0.198234801460058,4.59465893916786,0.0517127413768321,0.0935937874019146,0,0,0.948281744960696,0.01,0.01,206.119621558581,15.3158979916479,0.01,"C3",0.64,0.015,2.48,2.83,0.114,15,0.51,0,1,1,0.01,1,500,0.06,1180,1800,1.55,25,0.5,25,45,3.73383096039761,3.15802578988951,-0.196118211839348,-0.821453728713095,1,0.1,0,1,1,0.25,1.34,0.3,10,0.35,20.6,0.2,0.01,10,0,5,600,300,20,970,15,0.0377055588178337,2,410,209,"2018-08-01","2018-09-01",51.55,5.55,1,8.533978338819,26.5495166229084,5.84019945468754
4.08032053825445,49.4320989050187,6.61857969826087,2.7955882968381,0.014251868147403,0.117602062644437,29.0173233859241,0.292635248508304,0.420915349386632,0,0,0.761049519525841,0.01,0.01,1.25680002482841,14.1555013419129,0.01,"C3",0.64,0.015,2.48,2.83,0.114,15,0.51,0,1,1,0.01,1,500,0.06,1180,1800,1.55,25,0.5,25,45,4.41737659887876,2.50132488261443,-0.331412448082119,-0.517907846253365,1,0.1,0,1,1,0.25,1.34,0.3,10,0.35,20.6,0.2,0.01,10,0,5,600,300,20,970,15,0.408211281755939,2,410,209,"2018-08-01","2018-09-01",51.55,5.55,1,1.34349340223707,29.0968356141821,58.8655440509319
2.68698191992007,45.8041365754298,6.40292391763069,1.96169544896111,0.0337392400950193,0.172305341158062,53.8506764033809,0.0897638958413154,0.0353203671984375,0,0,0.00635689892806113,0.01,0.01,70.0428862184635,16.0321794203483,0.01,"C3",0.64,0.015,2.48,2.83,0.114,15,0.51,0,1,1,0.01,1,500,0.06,1180,1800,1.55,25,0.5,25,45,2.74202014100738,0.587735402630642,-0.0354188806377351,0.805606747511774,1,0.1,0,1,1,0.25,1.34,0.3,10,0.35,20.6,0.2,0.01,10,0,5,600,300,20,970,15,0.544679232407361,2,410,209,"2018-08-01","2018-09-01",51.55,5.55,1,2.86417084629647,26.6776441514958,107.884776424617
3.70769805111922,78.2047844224915,10.8758910326287,4.92415526206605,0.1249347390607,0.177126817824319,20.0883416784927,0.51553596323356,0.316530661657453,0,0,0.862660738639534,0.01,0.01,119.494193432969,1.50788904074579,0.01,"C3",0.64,0.015,2.48,2.83,0.114,15,0.51,0,1,1,0.01,1,500,0.06,1180,1800,1.55,25,0.5,25,45,3.40699517729227,1.23210084426682,-0.710585757624358,0.752515108324587,1,0.1,0,1,1,0.25,1.34,0.3,10,0.35,20.6,0.2,0.01,10,0,5,600,300,20,970,15,0.196163435466588,2,410,209,"2018-08-01","2018-09-01",51.55,5.55,1,10.1138130482286,18.6535237601493,109.317431263626
2.01523021794856,49.2308641258132,10.6675278278999,1.54746802663431,0.143819115916267,0.110344799188897,53.2633608346805,0.729324136162177,0.898935459088534,0,0,0.839622871018946,0.01,0.01,216.460714467277,9.51418106351048,0.01,"C3",0.64,0.015,2.48,2.83,0.114,15,0.51,0,1,1,0.01,1,500,0.06,1180,1800,1.55,25,0.5,25,45,3.04950462956913,3.47627891995944,0.11890857340768,-0.199599546380341,1,0.1,0,1,1,0.25,1.34,0.3,10,0.35,20.6,0.2,0.01,10,0,5,600,300,20,970,15,0.561334859579802,2,410,209,"2018-08-01","2018-09-01",51.55,5.55,1,4.35613991227001,16.0524906415958,73.3795791026205
2.86428489396349,66.2655777925848,9.78424403583631,2.05541181378067,0.127598524885252,0.117267826572061,11.3864717585966,0.853443855885416,0.239239840768278,0,0,0.377039224142209,0.01,0.01,176.710471254075,2.95665322639979,0.01,"C3",0.64,0.015,2.48,2.83,0.114,15,0.51,0,1,1,0.01,1,500,0.06,1180,1800,1.55,25,0.5,25,45,3.09181456291117,0.5633205762133,-0.241762069519609,0.22638529073447,1,0.1,0,1,1,0.25,1.34,0.3,10,0.35,20.6,0.2,0.01,10,0,5,600,300,20,970,15,0.0233751437626779,2,410,209,"2018-08-01","2018-09-01",51.55,5.55,1,11.350652690744,16.9381787977181,9.40993139985949
3.81061427830718,53.482717502123,14.2001655243803,6.22338210814632,0.133510072110221,0.0464658228680492,14.9930189782754,0.477759876288474,0.693922007456422,0,0,0.433411502512172,0.01,0.01,210.024348691048,3.68646142655052,0.01,"C3",0.64,0.015,2.48,2.83,0.114,15,0.51,0,1,1,0.01,1,500,0.06,1180,1800,1.55,25,0.5,25,45,3.14329254224431,2.18052334384993,0.736396012362093,-0.541779975872487,1,0.1,0,1,1,0.25,1.34,0.3,10,0.35,20.6,0.2,0.01,10,0,5,600,300,20,970,15,0.26819300535135,2,410,209,"2018-08-01","2018-09-01",51.55,5.55,1,12.4303448922001,22.5758877361659,10.1866759965196
1.68794999504462,65.0659009569815,9.32569317519665,3.49515748210251,0.0184690681751817,0.107803485915065,51.4930037269369,0.298820773605257,0.892473783809692,0,0,0.361596477450803,0.01,0.01,237.864701630722,10.676390419947,0.01,"C3",0.64,0.015,2.48,2.83,0.114,15,0.51,0,1,1,0.01,1,500,0.06,1180,1800,1.55,25,0.5,25,45,0.265356422355399,3.98560797353275,0.492922776378691,0.385916423052549,1,0.1,0,1,1,0.25,1.34,0.3,10,0.35,20.6,0.2,0.01,10,0,5,600,300,20,970,15,0.839682914549485,2,410,209,"2018-08-01","2018-09-01",51.55,5.55,1,1.3850905909203,25.5121118004899,120.51440671552
3.94524448527955,42.9091519385204,9.38697468372993,6.6672073546797,0.0569639635737985,0.176165346242487,52.1316440217197,0.80150781548582,0.685130724217743,0,0,0.129849855322391,0.01,0.01,120.426303490764,4.50957653694786,0.01,"C3",0.64,0.015,2.48,2.83,0.114,15,0.51,0,1,1,0.01,1,500,0.06,1180,1800,1.55,25,0.5,25,45,5.24328119908459,4.10162720107473,-0.844238105230033,-0.712195033673197,1,0.1,0,1,1,0.25,1.34,0.3,10,0.35,20.6,0.2,0.01,10,0,5,600,300,20,970,15,0.490726814139634,2,410,209,"2018-08-01","2018-09-01",51.55,5.55,1,7.10596176562831,15.4673577204812,7.39913596305996
2.40342757338658,18.8184967113245,7.66454502590932,5.43033871264197,0.190127543080598,0.0876657482236624,22.4715139344335,0.622095857514068,0.109102291055024,0,0,0.161087999586016,0.01,0.01,20.8444297626847,9.43921276996844,0.01,"C3",0.64,0.015,2.48,2.83,0.114,15,0.51,0,1,1,0.01,1,500,0.06,1180,1800,1.55,25,0.5,25,45,5.50726897097193,0.960473119281232,-0.310172513127327,0.186258601024747,1,0.1,0,1,1,0.25,1.34,0.3,10,0.35,20.6,0.2,0.01,10,0,5,600,300,20,970,15,0.461322064045817,2,410,209,"2018-08-01","2018-09-01",51.55,5.55,1,10.7787458470557,22.3012039647438,56.2527044210583
2.594013083959,33.5316277244755,15.609308652347,6.04035970545374,0.0712363021913916,0.0351000939495862,34.6746036736295,0.924096046481282,0.820453958585858,0,0,0.798608720069751,0.01,0.01,214.413474399305,2.65972547722049,0.01,"C3",0.64,0.015,2.48,2.83,0.114,15,0.51,0,1,1,0.01,1,500,0.06,1180,1800,1.55,25,0.5,25,45,5.90470169940963,1.35861652588937,-0.824779596645385,0.719820249360055,1,0.1,0,1,1,0.25,1.34,0.3,10,0.35,20.6,0.2,0.01,10,0,5,600,300,20,970,15,0.05282734753564,2,410,209,"2018-08-01","2018-09-01",51.55,5.55,1,6.53212042408995,27.1800311619882,101.761381002143
2.43633837578818,48.8016359730362,4.11602759850211,4.02515373355709,0.031451687309891,0.0391596429981291,29.3307258747518,0.871507055591792,0.700012497603893,0,0,0.829783222870901,0.01,0.01,104.963798118464,8.84987489995547,0.01,"C3",0.64,0.015,2.48,2.83,0.114,15,0.51,0,1,1,0.01,1,500,0.06,1180,1800,1.55,25,0.5,25,45,3.9202080257237,1.76382411457598,-0.640935781411827,-0.25199791835621,1,0.1,0,1,1,0.25,1.34,0.3,10,0.35,20.6,0.2,0.01,10,0,5,600,300,20,970,15,0.0936174842063338,2,410,209,"2018-08-01","2018-09-01",51.55,5.55,1,1.85825574444607,15.6594200211111,158.471178640611
1.61210989463143,44.7393203553871,3.38220912381075,0.475642433157191,0.167203846387565,0.0961665108334273,44.5314266346395,0.819311636965722,0.710464962990955,0,0,0.163474297616631,0.01,0.01,99.0514848928433,2.86309810215607,0.01,"C3",0.64,0.015,2.48,2.83,0.114,15,0.51,0,1,1,0.01,1,500,0.06,1180,1800,1.55,25,0.5,25,45,4.9959869162878,2.3048294436885,-0.0478809676133096,-0.876092081423849,1,0.1,0,1,1,0.25,1.34,0.3,10,0.35,20.6,0.2,0.01,10,0,5,600,300,20,970,15,0.647723329486325,2,410,209,"2018-08-01","2018-09-01",51.55,5.55,1,12.3518422886264,25.3318859101273,33.0614007124677
3.05641477019526,62.4837494404131,2.05051524098963,3.62545390566811,0.169005638500676,0.0659363996703178,13.5365391522646,0.00286185787990689,0.451639494625852,0,0,0.611771625233814,0.01,0.01,5.28500619932311,18.4069427656941,0.01,"C3",0.64,0.015,2.48,2.83,0.114,15,0.51,0,1,1,0.01,1,500,0.06,1180,1800,1.55,25,0.5,25,45,5.15188519966323,2.95261440216564,-0.0196156124584377,0.721705477684736,1,0.1,0,1,1,0.25,1.34,0.3,10,0.35,20.6,0.2,0.01,10,0,5,600,300,20,970,15,0.274770024931058,2,410,209,"2018-08-01","2018-09-01",51.55,5.55,1,12.4009444343392,21.285979708191,97.8519346285611
3.53704024711624,80.0780121800907,1.90552644780837,6.29396337177604,0.0758787336759269,0.160611093230546,44.9334640195593,0.648891691816971,0.145597742404789,0,0,0.634579111356288,0.01,0.01,211.115286294604,2.22753635281697,0.01,"C3",0.64,0.015,2.48,2.83,0.114,15,0.51,0,1,1,0.01,1,500,0.06,1180,1800,1.55,25,0.5,25,45,6.72113323756494,0.779173347866163,-0.858683890197426,0.109732052776963,1,0.1,0,1,1,0.25,1.34,0.3,10,0.35,20.6,0.2,0.01,10,0,5,600,300,20,970,15,0.971430786885321,2,410,209,"2018-08-01","2018-09-01",51.55,5.55,1,9.72431323723868,29.3953162792604,6.03708428330719
4.20970068080351,55.0049564269666,17.2509357798845,0.215395672246814,0.136360227316618,0.0140544857829809,49.4921107264236,0.409764284268022,0.113676112378016,0,0,0.200665212469175,0.01,0.01,171.912734577549,8.40904938033782,0.01,"C3",0.64,0.015,2.48,2.83,0.114,15,0.51,0,1,1,0.01,1,500,0.06,1180,1800,1.55,25,0.5,25,45,2.89708516953979,3.86358309770003,0.107070493046194,0.978371072560549,1,0.1,0,1,1,0.25,1.34,0.3,10,0.35,20.6,0.2,0.01,10,0,5,600,300,20,970,15,0.800132669974118,2,410,209,"2018-08-01","2018-09-01",51.55,5.55,1,5.37766804452986,19.6734252059832,126.954323463142
1.5765800953377,32.6792451065577,24.2688803817146,0.767358302837238,0.0953422630205751,0.068084369180724,5.97260273527354,0.709532194538042,0.894378546625376,0,0,0.573595107998699,0.01,0.01,3.37788748176536,16.2926876789425,0.01,"C3",0.64,0.015,2.48,2.83,0.114,15,0.51,0,1,1,0.01,1,500,0.06,1180,1800,1.55,25,0.5,25,45,5.15445985426195,0.810348429600708,0.735879939515144,-0.448938120156527,1,0.1,0,1,1,0.25,1.34,0.3,10,0.35,20.6,0.2,0.01,10,0,5,600,300,20,970,15,0.726371080381796,2,410,209,"2018-08-01","2018-09-01",51.55,5.55,1,6.09946787939407,20.9499149210751,83.0479469988495
4.46723481221125,58.4959956477804,19.8132650926709,4.42045034538023,0.0302499976940453,0.07916444465518,16.5522820316255,0.79073573416099,0.194517562631518,0,0,0.797700572526082,0.01,0.01,221.909384865256,8.29710051021539,0.01,"C3",0.64,0.015,2.48,2.83,0.114,15,0.51,0,1,1,0.01,1,500,0.06,1180,1800,1.55,25,0.5,25,45,4.50551226483658,3.96374149085023,-0.318693273700774,-0.111908300314099,1,0.1,0,1,1,0.25,1.34,0.3,10,0.35,20.6,0.2,0.01,10,0,5,600,300,20,970,15,0.405210411874577,2,410,209,"2018-08-01","2018-09-01",51.55,5.55,1,11.6383164224681,26.0250248888042,149.360625729896
2.40866287378594,72.7879258341884,16.3659903628286,3.29924308694899,0.127556198695675,0.071346250642091,1.28260656259954,0.557576134102419,0.100737585220486,0,0,0.556143878726289,0.01,0.01,37.2749037488829,3.13286407175474,0.01,"C3",0.64,0.015,2.48,2.83,0.114,15,0.51,0,1,1,0.01,1,500,0.06,1180,1800,1.55,25,0.5,25,45,4.42291831623297,0.682318556122482,-0.133532061241567,-0.557817652821541,1,0.1,0,1,1,0.25,1.34,0.3,10,0.35,20.6,0.2,0.01,10,0,5,600,300,20,970,15,0.958394340239465,2,410,209,"2018-08-01","2018-09-01",51.55,5.55,1,8.63347976468503,25.3706407046411,123.978381799534
4.31741520180367,59.5078486353021,17.2534264158458,6.93149268673733,0.164975842973217,0.137568174209446,35.7745780097321,0.426469797734171,0.174370461143553,0,0,0.222962304018438,0.01,0.01,135.53378235217,4.03676661173813,0.01,"C3",0.64,0.015,2.48,2.83,0.114,15,0.51,0,1,1,0.01,1,500,0.06,1180,1800,1.55,25,0.5,25,45,4.50169563291129,2.04758819518611,-0.435164475347847,-0.270185608416796,1,0.1,0,1,1,0.25,1.34,0.3,10,0.35,20.6,0.2,0.01,10,0,5,600,300,20,970,15,0.982863285811618,2,410,209,"2018-08-01","2018-09-01",51.55,5.55,1,11.1206929909531,27.6864243624732,85.0156687572598
3.56282274518162,60.7027592099241,8.64183394005522,5.38065664679743,0.085532561969012,0.134028678992763,59.1770631959662,0.956218211911619,0.31611576047726,0,0,0.0320059165824205,0.01,0.01,139.99450260686,14.9091411735862,0.01,"C3",0.64,0.015,2.48,2.83,0.114,15,0.51,0,1,1,0.01,1,500,0.06,1180,1800,1.55,25,0.5,25,45,5.61772742343601,2.79350461717695,-0.992914554197341,-0.127708598040044,1,0.1,0,1,1,0.25,1.34,0.3,10,0.35,20.6,0.2,0.01,10,0,5,600,300,20,970,15,0.441617489326745,2,410,209,"2018-08-01","2018-09-01",51.55,5.55,1,1.37160670361482,18.6816523550078,152.688481053337
2.84111098456196,57.628516589027,16.1013697099406,5.41845189523883,0.0891185466665775,0.0375269970390946,50.7223501754925,0.773239937378094,0.674180083908141,0,0,0.690923843998462,0.01,0.01,190.47512916394,6.2603712559212,0.01,"C3",0.64,0.015,2.48,2.83,0.114,15,0.51,0,1,1,0.01,1,500,0.06,1180,1800,1.55,25,0.5,25,45,3.13150346912444,2.46555134211667,-0.093030892778188,0.329268404748291,1,0.1,0,1,1,0.25,1.34,0.3,10,0.35,20.6,0.2,0.01,10,0,5,600,300,20,970,15,0.431892880937085,2,410,209,"2018-08-01","2018-09-01",51.55,5.55,1,8.1197481486015,18.0119627318345,74.0437210863456
3.9494344163686,74.8741403715782,9.74387307069264,2.90722289611585,0.0462323418352753,0.111092214193195,35.4896434117109,0.520890783984214,0.630657640052959,0,0,0.564512440236285,0.01,0.01,76.7200779597624,19.8194268674124,0.01,"C3",0.64,0.015,2.48,2.83,0.114,15,0.51,0,1,1,0.01,1,500,0.06,1180,1800,1.55,25,0.5,25,45,3.17757009952329,0.51375608087983,-0.188490476459265,0.0468732034787536,1,0.1,0,1,1,0.25,1.34,0.3,10,0.35,20.6,0.2,0.01,10,0,5,600,300,20,970,15,0.392477247165516,2,410,209,"2018-08-01","2018-09-01",51.55,5.55,1,9.04372903634794,17.443606518209,28.8773391768336
1.61849759356119,47.5921235075501,3.10730026685633,6.97962583391927,0.015618941327557,0.0838809714186937,20.6011588778347,0.425291114486754,0.391324757132679,0,0,0.931699021020904,0.01,0.01,45.2203548981925,17.5283445918467,0.01,"C3",0.64,0.015,2.48,2.83,0.114,15,0.51,0,1,1,0.01,1,500,0.06,1180,1800,1.55,25,0.5,25,45,3.73365032360889,1.71398465090897,0.461664248723537,0.437595015857369,1,0.1,0,1,1,0.25,1.34,0.3,10,0.35,20.6,0.2,0.01,10,0,5,600,300,20,970,15,0.791594217997044,2,410,209,"2018-08-01","2018-09-01",51.55,5.55,1,3.32390514900908,19.8709762177896,24.7137008607388
3.71709505654871,79.8636968125543,19.5951989502646,3.08159148576669,0.0679649641737342,0.0803165377583355,38.7845141161233,0.790208189515397,0.610644213156775,0,0,0.310943072661757,0.01,0.01,1.70105883124052,9.00872052880004,0.01,"C3",0.64,0.015,2.48,2.83,0.114,15,0.51,0,1,1,0.01,1,500,0.06,1180,1800,1.55,25,0.5,25,45,5.39926288232673,4.52827138348948,0.167433527298272,-0.28789119888097,1,0.1,0,1,1,0.25,1.34,0.3,10,0.35,20.6,0.2,0.01,10,0,5,600,300,20,970,15,0.874410335207358,2,410,209,"2018-08-01","2018-09-01",51.55,5.55,1,14.7864350897726,27.5494465255179,87.5050112279132
2.54615848115645,33.3231283893,21.702060214011,6.77166102547199,0.0450164923910052,0.115542146936059,2.23039200995117,0.803943605860695,0.885944610927254,0,0,0.45874868822284,0.01,0.01,216.008556145709,19.3482995941304,0.01,"C3",0.64,0.015,2.48,2.83,0.114,15,0.51,0,1,1,0.01,1,500,0.06,1180,1800,1.55,25,0.5,25,45,6.10993215662893,3.26975902658887,0.911327081266791,-0.0391723220236599,1,0.1,0,1,1,0.25,1.34,0.3,10,0.35,20.6,0.2,0.01,10,0,5,600,300,20,970,15,0.905240052146837,2,410,209,"2018-08-01","2018-09-01",51.55,5.55,1,14.227764364332,29.4061322486959,48.4333704505116
3.98775247042067,73.5516882761554,10.4177161178086,3.84922717325389,0.0279696913436055,0.0834156262688339,6.98645085096359,0.173578959656879,0.722181881545112,0,0,0.240783314220607,0.01,0.01,51.0471379879164,9.11307062837295,0.01,"C3",0.64,0.015,2.48,2.83,0.114,15,0.51,0,1,1,0.01,1,500,0.06,1180,1800,1.55,25,0.5,25,45,6.84494095740374,1.65940485009924,-0.559441585559398,-0.545343647710979,1,0.1,0,1,1,0.25,1.34,0.3,10,0.35,20.6,0.2,0.01,10,0,5,600,300,20,970,15,0.69336092681624,2,410,209,"2018-08-01","2018-09-01",51.55,5.55,1,6.17330170352943,27.3311827448197,156.730190841481
3.10662417509593,48.4157658148282,16.2250198365655,5.26727996161208,0.113713655946776,0.0104741475079209,30.9946393920109,0.564237528014928,0.493511402746662,0,0,0.814533256692812,0.01,0.01,120.997466275003,18.9873723725323,0.01,"C3",0.64,0.015,2.48,2.83,0.114,15,0.51,0,1,1,0.01,1,500,0.06,1180,1800,1.55,25,0.5,25,45,2.35482013265137,2.97092138184234,-0.389900966081768,0.753493970725685,1,0.1,0,1,1,0.25,1.34,0.3,10,0.35,20.6,0.2,0.01,10,0,5,600,300,20,970,15,0.00057752663269639,2,410,209,"2018-08-01","2018-09-01",51.55,5.55,1,13.1090871943161,19.9536983831786,131.0404282948
2.32363609084859,54.5522987988018,14.4043479755055,4.65935927326791,0.136115380236879,0.119810798205435,52.2779000597075,0.51565137389116,0.809645880945027,0,0,0.118281619623303,0.01,0.01,236.722899810411,16.1846421374939,0.01,"C3",0.64,0.015,2.48,2.83,0.114,15,0.51,0,1,1,0.01,1,500,0.06,1180,1800,1.55,25,0.5,25,45,2.98130118795671,2.77633476629853,-0.794418762437999,0.534028490073979,1,0.1,0,1,1,0.25,1.34,0.3,10,0.35,20.6,0.2,0.01,10,0,5,600,300,20,970,15,0.788445019861683,2,410,209,"2018-08-01","2018-09-01",51.55,5.55,1,4.32516438653693,24.4433947023936,12.2854910977185
3.90284463576972,48.5502618009608,22.3519037012011,5.81060179322958,0.0654866870958358,0.05727046453394,6.1542660696432,0.360411023255438,0.305974878370762,0,0,0.301324345869943,0.01,0.01,144.700666109216,5.6939014911186,0.01,"C3",0.64,0.015,2.48,2.83,0.114,15,0.51,0,1,1,0.01,1,500,0.06,1180,1800,1.55,25,0.5,25,45,6.8020536350552,4.00735589314718,-0.458308845292777,0.215531343594193,1,0.1,0,1,1,0.25,1.34,0.3,10,0.35,20.6,0.2,0.01,10,0,5,600,300,20,970,15,0.829614120768383,2,410,209,"2018-08-01","2018-09-01",51.55,5.55,1,12.1970648167189,20.534724307945,111.106034098193
1.7749340843875,32.8743719319349,9.89026052993722,4.61714607686736,0.181715299375355,0.13593059903942,58.0246471753344,0.0228785364888608,0.209064266644418,0,0,0.12741452595219,0.01,0.01,29.0084448233829,10.3900380185805,0.01,"C3",0.64,0.015,2.48,2.83,0.114,15,0.51,0,1,1,0.01,1,500,0.06,1180,1800,1.55,25,0.5,25,45,5.96183336330578,4.48052565846592,0.0103931040503085,0.491463737562299,1,0.1,0,1,1,0.25,1.34,0.3,10,0.35,20.6,0.2,0.01,10,0,5,600,300,20,970,15,0.446202645543963,2,410,209,"2018-08-01","2018-09-01",51.55,5.55,1,13.7311862781644,25.1406477461569,157.192504308186
3.99632332264446,50.9777778135857,9.91224027238786,0.0407273629680276,0.0488711235113442,0.0726679428014904,56.9395276112482,0.537890318315476,0.294836042681709,0,0,0.815851548686624,0.01,0.01,131.955514039146,17.4025261867791,0.01,"C3",0.64,0.015,2.48,2.83,0.114,15,0.51,0,1,1,0.01,1,500,0.06,1180,1800,1.55,25,0.5,25,45,5.95106220296584,1.40489552682266,-0.601353156846017,0.711861124262214,1,0.1,0,1,1,0.25,1.34,0.3,10,0.35,20.6,0.2,0.01,10,0,5,600,300,20,970,15,0.147056865738705,2,410,209,"2018-08-01","2018-09-01",51.55,5.55,1,10.1815174415242,21.0286593774799,162.608258854598
2.33056521741673,38.2582876844228,7.70119913504459,0.294988542096689,0.119297257252038,0.180442498950288,56.2036562059075,0.55516808712855,0.0989728756248951,0,0,0.19888699776493,0.01,0.01,141.89793204813,5.22718306095339,0.01,"C3",0.64,0.015,2.48,2.83,0.114,15,0.51,0,1,1,0.01,1,500,0.06,1180,1800,1.55,25,0.5,25,45,3.61836231311318,3.28269322623964,0.779004560783505,0.900815351866186,1,0.1,0,1,1,0.25,1.34,0.3,10,0.35,20.6,0.2,0.01,10,0,5,600,300,20,970,15,0.481005432317033,2,410,209,"2018-08-01","2018-09-01",51.55,5.55,1,11.9699202419724,24.3653419800103,173.855304652825
3.75933029875159,59.5422849075376,2.42826467729174,6.47869573184289,0.133737223222852,0.17082538055256,45.5160241713747,0.327606247970834,0.189618602627888,0,0,0.594490940216929,0.01,0.01,170.070696372015,2.71859606960788,0.01,"C3",0.64,0.015,2.48,2.83,0.114,15,0.51,0,1,1,0.01,1,500,0.06,1180,1800,1.55,25,0.5,25,45,2.50846083450597,0.799654408823699,0.52594086760655,0.984017208218575,1,0.1,0,1,1,0.25,1.34,0.3,10,0.35,20.6,0.2,0.01,10,0,5,600,300,20,970,15,0.194072123384103,2,410,209,"2018-08-01","2018-09-01",51.55,5.55,1,0.982974297367036,25.012818693649,38.8194061769173
4.39245771034621,64.4935240529552,18.1619024719112,3.01199607411399,0.158362667867914,0.0675046370830387,1.29025622271001,0.0683389601763338,0.121457219589502,0,0,0.893799494020641,0.01,0.01,78.1892038140795,2.47955026384443,0.01,"C3",0.64,0.015,2.48,2.83,0.114,15,0.51,0,1,1,0.01,1,500,0.06,1180,1800,1.55,25,0.5,25,45,1.66810941516887,3.48518254526425,-0.368390162009746,-0.6772127635777,1,0.1,0,1,1,0.25,1.34,0.3,10,0.35,20.6,0.2,0.01,10,0,5,600,300,20,970,15,0.59874602756463,2,410,209,"2018-08-01","2018-09-01",51.55,5.55,1,13.8291336258408,24.8817612288985,41.4532488025725
1.74439968005754,67.4086805968975,22.2437785589136,4.44294105865993,0.0884052255190909,0.188400122430176,25.5948011996225,0.918435163795948,0.475365025922656,0,0,0.194197282195091,0.01,0.01,171.111133509898,4.79560446273535,0.01,"C3",0.64,0.015,2.48,2.83,0.114,15,0.51,0,1,1,0.01,1,500,0.06,1180,1800,1.55,25,0.5,25,45,6.6806188151706,4.80891027883627,0.339985021855682,-0.376411150209606,1,0.1,0,1,1,0.25,1.34,0.3,10,0.35,20.6,0.2,0.01,10,0,5,600,300,20,970,15,0.584805592661723,2,410,209,"2018-08-01","2018-09-01",51.55,5.55,1,0.22188350209035,21.5710571897216,176.958525264636
4.06309423944913,71.4989015454477,13.9065093477257,4.29017409076914,0.0514959329273552,0.181204720772803,8.94311852753162,0.447146363090724,0.717179545899853,0,0,0.756524049676955,0.01,0.01,127.196173993638,11.2062698123045,0.01,"C3",0.64,0.015,2.48,2.83,0.114,15,0.51,0,1,1,0.01,1,500,0.06,1180,1800,1.55,25,0.5,25,45,6.11361050475389,1.67985224933363,0.733134091366082,-0.686605306807905,1,0.1,0,1,1,0.25,1.34,0.3,10,0.35,20.6,0.2,0.01,10,0,5,600,300,20,970,15,0.51737017952837,2,410,209,"2018-08-01","2018-09-01",51.55,5.55,1,10.8481444674544,23.6263128847349,80.3147178841755
3.90671465126798,21.9090827779642,3.28950259136036,6.67292036628351,0.1122799762059,0.00535456738434732,25.8390400372446,0.892308079870418,0.200421154499054,0,0,0.420159962028265,0.01,0.01,199.694291635009,12.8445157697424,0.01,"C3",0.64,0.015,2.48,2.83,0.114,15,0.51,0,1,1,0.01,1,500,0.06,1180,1800,1.55,25,0.5,25,45,6.18023863625713,0.847102387691848,0.0794128524139524,-0.0682200333103538,1,0.1,0,1,1,0.25,1.34,0.3,10,0.35,20.6,0.2,0.01,10,0,5,600,300,20,970,15,0.855604012031108,2,410,209,"2018-08-01","2018-09-01",51.55,5.55,1,2.42691289284267,26.7288332059979,104.109917054884
2.65552081377245,82.4531959151361,22.5877446879167,5.05856879916973,0.0888416022527963,0.0142861888278276,32.3370664380491,0.40511982771568,0.321770251495764,0,0,0.608277523890138,0.01,0.01,107.830508729094,7.3580621550791,0.01,"C3",0.64,0.015,2.48,2.83,0.114,15,0.51,0,1,1,0.01,1,500,0.06,1180,1800,1.55,25,0.5,25,45,4.77089786687866,0.94004641182255,0.838846780825406,-0.58504544897005,1,0.1,0,1,1,0.25,1.34,0.3,10,0.35,20.6,0.2,0.01,10,0,5,600,300,20,970,15,0.785658014938235,2,410,209,"2018-08-01","2018-09-01",51.55,5.55,1,9.88464361522347,16.4027421246283,0.0108357472345233
2.48279219702817,25.431108629755,9.91285931086168,1.48111966508441,0.112768806703389,0.141051013860852,44.4582016859204,0.683730351505801,0.478613085811958,0,0,0.872974151978269,0.01,0.01,198.125640107202,19.5030251157004,0.01,"C3",0.64,0.015,2.48,2.83,0.114,15,0.51,0,1,1,0.01,1,500,0.06,1180,1800,1.55,25,0.5,25,45,6.73913122536615,2.62102997349575,0.962223913986236,-0.36274352343753,1,0.1,0,1,1,0.25,1.34,0.3,10,0.35,20.6,0.2,0.01,10,0,5,600,300,20,970,15,0.0404094115365297,2,410,209,"2018-08-01","2018-09-01",51.55,5.55,1,9.71928808721714,17.8352743922733,104.515944407322
2.11481610895135,49.6403951884667,3.25526128290221,2.62839585053734,0.0891732606105506,0.0518871096428484,45.4229270573705,0.834479524055496,0.660164505010471,0,0,0.956963368924335,0.01,0.01,111.901675658941,13.399526107125,0.01,"C3",0.64,0.015,2.48,2.83,0.114,15,0.51,0,1,1,0.01,1,500,0.06,1180,1800,1.55,25,0.5,25,45,2.69228688855656,3.82741182122845,-0.793792446609586,-0.748769075144082,1,0.1,0,1,1,0.25,1.34,0.3,10,0.35,20.6,0.2,0.01,10,0,5,600,300,20,970,15,0.356455936795101,2,410,209,"2018-08-01","2018-09-01",51.55,5.55,1,11.3181455084123,15.3402732673567,4.26422496791929
3.20814798795618,47.9997208212238,22.490024525905,4.64319556183182,0.189049353124574,0.0365393434185535,54.7536960616708,0.352786331903189,0.658931512618437,0,0,0.220168567728251,0.01,0.01,235.143137161096,11.0111529293936,0.01,"C3",0.64,0.015,2.48,2.83,0.114,15,0.51,0,1,1,0.01,1,500,0.06,1180,1800,1.55,25,0.5,25,45,2.15126017574221,0.805424711084925,-0.246190360747278,-0.419863901101053,1,0.1,0,1,1,0.25,1.34,0.3,10,0.35,20.6,0.2,0.01,10,0,5,600,300,20,970,15,0.879698822740465,2,410,209,"2018-08-01","2018-09-01",51.55,5.55,1,6.36650758213364,18.5518252488691,86.8957324884832
4.16416557133198,49.4061205790033,11.1546104308218,1.68795502185822,0.0152533238753676,0.0176086980849504,17.5955457938835,0.260361459339038,0.881591787096113,0,0,0.946527865016833,0.01,0.01,113.223636809096,12.6096374057233,0.01,"C3",0.64,0.015,2.48,2.83,0.114,15,0.51,0,1,1,0.01,1,500,0.06,1180,1800,1.55,25,0.5,25,45,6.7304229011992,2.38804364146199,0.613297666888684,0.952758871950209,1,0.1,0,1,1,0.25,1.34,0.3,10,0.35,20.6,0.2,0.01,10,0,5,600,300,20,970,15,0.178737930953503,2,410,209,"2018-08-01","2018-09-01",51.55,5.55,1,2.94043338624761,16.4058957144152,162.63431286905
3.08914227434434,26.6763058526452,10.836863896111,4.03895307471976,0.0654935337137431,0.152369897300378,33.3439160557464,0.287764779757708,0.0365796887781471,0,0,0.411875069374219,0.01,0.01,192.138759360649,17.185278001707,0.01,"C3",0.64,0.015,2.48,2.83,0.114,15,0.51,0,1,1,0.01,1,500,0.06,1180,1800,1.55,25,0.5,25,45,5.02970868276898,3.17060703283641,-0.560225710272789,-0.624952079262584,1,0.1,0,1,1,0.25,1.34,0.3,10,0.35,20.6,0.2,0.01,10,0,5,600,300,20,970,15,0.0871024162042886,2,410,209,"2018-08-01","2018-09-01",51.55,5.55,1,0.900918433908373,20.0718499557115,86.0050154244527
3.26087597035803,51.0982393967926,10.4307108791545,0.600043962709606,0.10708330036141,0.124301435006782,11.7176763899624,0.253288053907454,0.250876534264535,0,0,0.816726644290611,0.01,0.01,4.42407569370698,18.154363021953,0.01,"C3",0.64,0.015,2.48,2.83,0.114,15,0.51,0,1,1,0.01,1,500,0.06,1180,1800,1.55,25,0.5,25,45,0.31862878324464,2.74993090797216,-0.0859888815321028,-0.987911245319992,1,0.1,0,1,1,0.25,1.34,0.3,10,0.35,20.6,0.2,0.01,10,0,5,600,300,20,970,15,0.930508058983833,2,410,209,"2018-08-01","2018-09-01",51.55,5.55,1,9.09124485100619,28.4057780297007,0.324700009077787
3.49720542761497,40.9360434001033,7.85396356368437,6.57068099081516,0.134842349309474,0.0723214485682547,46.5842712018639,0.19008479360491,0.330022205132991,0,0,0.220817924011499,0.01,0.01,122.813463083294,9.95439797686413,0.01,"C3",0.64,0.015,2.48,2.83,0.114,15,0.51,0,1,1,0.01,1,500,0.06,1180,1800,1.55,25,0.5,25,45,3.35065844282508,2.15558334928937,-0.585449045524001,-0.00280216336250305,1,0.1,0,1,1,0.25,1.34,0.3,10,0.35,20.6,0.2,0.01,10,0,5,600,300,20,970,15,0.126350703183562,2,410,209,"2018-08-01","2018-09-01",51.55,5.55,1,2.9529689066112,20.6221734336577,30.3855720022693
3.0896773757413,63.5152483094849,3.53045460651629,1.63141851034015,0.136823015706614,0.132614369411021,35.4522566171363,0.0242470018565655,0.822438734350726,0,0,0.118317013606429,0.01,0.01,125.430643527594,14.7905761434231,0.01,"C3",0.64,0.015,2.48,2.83,0.114,15,0.51,0,1,1,0.01,1,500,0.06,1180,1800,1.55,25,0.5,25,45,3.37709181474056,1.42160399793647,0.194133453071117,-0.841992414556444,1,0.1,0,1,1,0.25,1.34,0.3,10,0.35,20.6,0.2,0.01,10,0,5,600,300,20,970,15,0.230300912400708,2,410,209,"2018-08-01","2018-09-01",51.55,5.55,1,10.0521657883655,16.9710471667349,97.0218181796372
3.02952869818546,59.9731608765985,19.7617267258465,1.99805726087652,0.00108021441847086,0.145758990943432,32.5942119956017,0.2683377454523,0.622116227634251,0,0,0.646168442908674,0.01,0.01,7.72002761135809,10.5514799475204,0.01,"C3",0.64,0.015,2.48,2.83,0.114,15,0.51,0,1,1,0.01,1,500,0.06,1180,1800,1.55,25,0.5,25,45,2.16318080932833,0.969895432470366,-0.342889656778425,-0.774415215011686,1,0.1,0,1,1,0.25,1.34,0.3,10,0.35,20.6,0.2,0.01,10,0,5,600,300,20,970,15,0.864723079139367,2,410,209,"2018-08-01","2018-09-01",51.55,5.55,1,12.8046724072192,15.7400319550652,5.51212585531175
1.54848144273274,58.7763740142891,21.0206517018378,3.16146345320158,0.150564996339381,0.0171930996701121,10.3759035654366,0.732496744487435,0.259498421335593,0,0,0.924082514829934,0.01,0.01,138.102895249845,17.5700474586338,0.01,"C3",0.64,0.015,2.48,2.83,0.114,15,0.51,0,1,1,0.01,1,500,0.06,1180,1800,1.55,25,0.5,25,45,2.98039483432658,1.79988350730855,0.920774262864143,-0.552347192075104,1,0.1,0,1,1,0.25,1.34,0.3,10,0.35,20.6,0.2,0.01,10,0,5,600,300,20,970,15,0.613458390813321,2,410,209,"2018-08-01","2018-09-01",51.55,5.55,1,14.5353206258733,25.8867684658617,25.2946246694773
1.64312995481305,59.2818246770476,4.82425039517693,3.24725847458467,0.0532970135565847,0.0225267075002193,54.3729963200167,0.401622664416209,0.488380721304566,0,0,0.683614168781787,0.01,0.01,135.721382504038,13.5716942436993,0.01,"C3",0.64,0.015,2.48,2.83,0.114,15,0.51,0,1,1,0.01,1,500,0.06,1180,1800,1.55,25,0.5,25,45,5.84102816237137,0.969629090162925,-0.35711337113753,-0.9248375040479,1,0.1,0,1,1,0.25,1.34,0.3,10,0.35,20.6,0.2,0.01,10,0,5,600,300,20,970,15,0.287604812532663,2,410,209,"2018-08-01","2018-09-01",51.55,5.55,1,1.01982731837779,25.4652463796083,96.6309805540368
4.28805204760283,26.6269715115129,11.4308983029332,1.8385291476734,0.181170981330797,0.103817573888227,58.7699234671891,0.861850637942553,0.731321254977956,0,0,0.419908866053447,0.01,0.01,165.243452333088,11.0276982863434,0.01,"C3",0.64,0.015,2.48,2.83,0.114,15,0.51,0,1,1,0.01,1,500,0.06,1180,1800,1.55,25,0.5,25,45,3.19087616244797,0.549362090183422,0.673158205579966,-0.189386120066047,1,0.1,0,1,1,0.25,1.34,0.3,10,0.35,20.6,0.2,0.01,10,0,5,600,300,20,970,15,0.0313855155836791,2,410,209,"2018-08-01","2018-09-01",51.55,5.55,1,12.0647108426783,26.8144364515319,73.4036652557552
3.80785661609843,52.5282483220063,6.31954573909752,1.41876216186211,0.0965523916762322,0.1888439535629,59.3732637679204,0.64684328599833,0.113022197503597,0,0,0.524787919828668,0.01,0.01,16.6671483783866,19.0021376127843,0.01,"C3",0.64,0.015,2.48,2.83,0.114,15,0.51,0,1,1,0.01,1,500,0.06,1180,1800,1.55,25,0.5,25,45,1.52943237288855,1.68261562660336,-0.759794666897506,-0.0166932032443583,1,0.1,0,1,1,0.25,1.34,0.3,10,0.35,20.6,0.2,0.01,10,0,5,600,300,20,970,15,0.784464337164536,2,410,209,"2018-08-01","2018-09-01",51.55,5.55,1,2.94171579647809,22.002552235499,68.0258978297934
2.10324184829369,70.807540386814,2.07352382712997,5.06785223726183,0.0140845586080104,0.0360787117853761,2.03778909053653,0.410570670850575,0.513591166585684,0,0,0.404130023205653,0.01,0.01,228.620536263625,16.0618069586344,0.01,"C3",0.64,0.015,2.48,2.83,0.114,15,0.51,0,1,1,0.01,1,500,0.06,1180,1800,1.55,25,0.5,25,45,3.88287288085558,0.721533195814118,-0.370518755167723,-0.117613826412708,1,0.1,0,1,1,0.25,1.34,0.3,10,0.35,20.6,0.2,0.01,10,0,5,600,300,20,970,15,0.259884370025247,2,410,209,"2018-08-01","2018-09-01",51.55,5.55,1,14.2372742621228,23.5941977030598,48.2568297162652
3.45078450115398,58.3990320762846,19.2263700475451,2.95887141628191,0.0707363763824105,0.113220848422498,8.79334473051131,0.98139629047364,0.656578019494191,0,0,0.358886262401938,0.01,0.01,214.178301838692,5.11640079086646,0.01,"C3",0.64,0.015,2.48,2.83,0.114,15,0.51,0,1,1,0.01,1,500,0.06,1180,1800,1.55,25,0.5,25,45,5.03126405903604,3.10430315602571,0.0689545376226306,-0.625813651829958,1,0.1,0,1,1,0.25,1.34,0.3,10,0.35,20.6,0.2,0.01,10,0,5,600,300,20,970,15,0.837826215894893,2,410,209,"2018-08-01","2018-09-01",51.55,5.55,1,3.48957642680034,15.5554733995814,96.9182091392577
3.46130004711449,21.9301983056995,6.9219553086441,4.50364188151434,0.146319489087909,0.137858284637332,41.6730635566637,0.930595119250938,0.197540402645245,0,0,0.593881105538458,0.01,0.01,129.029472539725,8.64431387418881,0.01,"C3",0.64,0.015,2.48,2.83,0.114,15,0.51,0,1,1,0.01,1,500,0.06,1180,1800,1.55,25,0.5,25,45,6.7838911175495,0.761279965867288,-0.866600915323943,0.68980431323871,1,0.1,0,1,1,0.25,1.34,0.3,10,0.35,20.6,0.2,0.01,10,0,5,600,300,20,970,15,0.992269146023318,2,410,209,"2018-08-01","2018-09-01",51.55,5.55,1,7.85096731851809,24.4043460208923,76.3642736943439
2.68576128431596,21.9842513200854,12.6269534870517,4.40414499980398,0.0976511192042381,0.000165221886709332,6.62869339808822,0.775892226025462,0.486919385148212,0,0,0.0289346796926111,0.01,0.01,36.5585768914316,8.63525851583108,0.01,"C3",0.64,0.015,2.48,2.83,0.114,15,0.51,0,1,1,0.01,1,500,0.06,1180,1800,1.55,25,0.5,25,45,0.911053839628585,2.29056397045497,-0.452922420576215,-0.819503019098192,1,0.1,0,1,1,0.25,1.34,0.3,10,0.35,20.6,0.2,0.01,10,0,5,600,300,20,970,15,0.869405620498583,2,410,209,"2018-08-01","2018-09-01",51.55,5.55,1,6.88233794644475,17.8524900984485,104.691067510284
3.93691448564641,77.4610408996798,3.36268852697685,0.376857420196757,0.152667161216959,0.0119966586120427,1.37694995384663,0.340992451878265,0.828397177625448,0,0,0.525091952178627,0.01,0.01,151.974153698888,9.34001228911802,0.01,"C3",0.64,0.015,2.48,2.83,0.114,15,0.51,0,1,1,0.01,1,500,0.06,1180,1800,1.55,25,0.5,25,45,0.230894684279338,2.42805432830937,0.2834801976569,0.79973351676017,1,0.1,0,1,1,0.25,1.34,0.3,10,0.35,20.6,0.2,0.01,10,0,5,600,300,20,970,15,0.536441387608647,2,410,209,"2018-08-01","2018-09-01",51.55,5.55,1,3.00140723702498,26.1347033036873,79.3373172730207
3.1410702529829,10.8358965068615,11.9308733788785,3.34999513090588,0.054306223988533,0.12646513460204,0.852395072579384,0.258052461314946,0.859231768874452,0,0,0.40576503961347,0.01,0.01,77.4765388993546,12.859606246464,0.01,"C3",0.64,0.015,2.48,2.83,0.114,15,0.51,0,1,1,0.01,1,500,0.06,1180,1800,1.55,25,0.5,25,45,2.45189442227129,1.28749659925234,0.167986718472093,-0.386192205362022,1,0.1,0,1,1,0.25,1.34,0.3,10,0.35,20.6,0.2,0.01,10,0,5,600,300,20,970,15,0.371351316571236,2,410,209,"2018-08-01","2018-09-01",51.55,5.55,1,1.01921592489816,15.1390770671424,140.425519756973
4.15539795462973,52.4334060393371,21.2654553353786,4.37152864667587,0.0833647533319891,0.161280603194609,18.6323443287984,0.158094034530222,0.765038519399241,0,0,0.310695441672578,0.01,0.01,19.8663291026605,11.0655485917814,0.01,"C3",0.64,0.015,2.48,2.83,0.114,15,0.51,0,1,1,0.01,1,500,0.06,1180,1800,1.55,25,0.5,25,45,5.9662340079667,1.14404676901177,0.402204028330743,-0.702375493943691,1,0.1,0,1,1,0.25,1.34,0.3,10,0.35,20.6,0.2,0.01,10,0,5,600,300,20,970,15,0.792876051971689,2,410,209,"2018-08-01","2018-09-01",51.55,5.55,1,3.11666981200688,29.149304064922,120.256358468905
3.1599419626873,10.1450302262284,0.351720373146236,2.29395029786974,0.147579893795773,0.198563445173204,36.8732812860981,0.870962342713028,0.647828135406598,0,0,0.875029158545658,0.01,0.01,207.356393110706,11.0503535899334,0.01,"C3",0.64,0.015,2.48,2.83,0.114,15,0.51,0,1,1,0.01,1,500,0.06,1180,1800,1.55,25,0.5,25,45,6.42276266773697,2.52266826853156,-0.16479157237336,-0.483830756042153,1,0.1,0,1,1,0.25,1.34,0.3,10,0.35,20.6,0.2,0.01,10,0,5,600,300,20,970,15,0.639594113687053,2,410,209,"2018-08-01","2018-09-01",51.55,5.55,1,12.5094455201179,21.7524670518469,31.3196923211217
4.2181443348527,55.8511736989236,24.8625807755161,4.94192304997705,0.145313157746568,0.0964579233434051,55.8684163866565,0.590622051851824,0.19253126741387,0,0,0.753286859253421,0.01,0.01,135.260006969154,3.53541185124777,0.01,"C3",0.64,0.015,2.48,2.83,0.114,15,0.51,0,1,1,0.01,1,500,0.06,1180,1800,1.55,25,0.5,25,45,1.64232581614051,3.43127937358804,0.775089713279158,0.178095767274499,1,0.1,0,1,1,0.25,1.34,0.3,10,0.35,20.6,0.2,0.01,10,0,5,600,300,20,970,15,0.706484387861565,2,410,209,"2018-08-01","2018-09-01",51.55,5.55,1,1.48050470743328,22.4883122148458,69.1254349239171
3.26238410104997,26.6076947917177,19.725183659466,6.29779272689484,0.0418773024808616,0.190402699774131,14.1727587673813,0.0855101977940649,0.193010558374226,0,0,0.233435875736177,0.01,0.01,43.1857143250527,3.07878030370921,0.01,"C3",0.64,0.015,2.48,2.83,0.114,15,0.51,0,1,1,0.01,1,500,0.06,1180,1800,1.55,25,0.5,25,45,0.308026324771345,1.25786236068234,-0.168712977785617,-0.0701737441122532,1,0.1,0,1,1,0.25,1.34,0.3,10,0.35,20.6,0.2,0.01,10,0,5,600,300,20,970,15,0.501882747979835,2,410,209,"2018-08-01","2018-09-01",51.55,5.55,1,14.708610100206,27.2007091494743,152.581471265294
2.7703909529373,38.5121089563123,6.25615006429143,2.778441228671,0.0157205625902861,0.0300228865817189,52.1411742316559,0.753733156714588,0.515037276549265,0,0,0.314887876622379,0.01,0.01,15.6848716609529,3.16578862397,0.01,"C3",0.64,0.015,2.48,2.83,0.114,15,0.51,0,1,1,0.01,1,500,0.06,1180,1800,1.55,25,0.5,25,45,5.8059386335779,2.81323969818186,0.847110216971487,-0.908589527476579,1,0.1,0,1,1,0.25,1.34,0.3,10,0.35,20.6,0.2,0.01,10,0,5,600,300,20,970,15,0.0778464740142226,2,410,209,"2018-08-01","2018-09-01",51.55,5.55,1,0.54342289105989,20.6809282209724,155.612251237035
4.34875596896745,57.177114461863,18.5130843950901,2.74947549705394,0.105139998858795,0.191573028406128,51.9499448407441,0.155783012509346,0.755344148725271,0,0,0.973942038603127,0.01,0.01,179.138068615634,9.5769862474408,0.01,"C3",0.64,0.015,2.48,2.83,0.114,15,0.51,0,1,1,0.01,1,500,0.06,1180,1800,1.55,25,0.5,25,45,2.81640436050948,1.54862407734618,0.477253672666848,-0.861537540797144,1,0.1,0,1,1,0.25,1.34,0.3,10,0.35,20.6,0.2,0.01,10,0,5,600,300,20,970,15,0.78736171964556,2,410,209,"2018-08-01","2018-09-01",51.55,5.55,1,9.6594822651241,17.6546808646526,16.9556000037119
3.6271137103904,67.2729686831551,11.5814413817134,3.42601673328318,0.116976071288809,0.0933913474436849,4.84665174968541,0.067650516750291,0.994172114180401,0,0,0.286106545012444,0.01,0.01,244.309170502005,8.32744898786768,0.01,"C3",0.64,0.015,2.48,2.83,0.114,15,0.51,0,1,1,0.01,1,500,0.06,1180,1800,1.55,25,0.5,25,45,2.35830071836244,1.89086839673109,0.170590406283736,0.627350042574108,1,0.1,0,1,1,0.25,1.34,0.3,10,0.35,20.6,0.2,0.01,10,0,5,600,300,20,970,15,0.804929161909968,2,410,209,"2018-08-01","2018-09-01",51.55,5.55,1,5.29544485034421,18.9990293048322,26.2639425275847
2.73991622426547,55.5263106427159,0.886404019547626,0.37104058614932,0.0170374805573374,0.0326252880506218,1.40249838586897,0.120360922068357,0.35182035388425,0,0,0.735810531303287,0.01,0.01,27.8548934601131,15.3197200908326,0.01,"C3",0.64,0.015,2.48,2.83,0.114,15,0.51,0,1,1,0.01,1,500,0.06,1180,1800,1.55,25,0.5,25,45,0.876590671739541,0.759917578659952,0.332942225039005,0.666822824627161,1,0.1,0,1,1,0.25,1.34,0.3,10,0.35,20.6,0.2,0.01,10,0,5,600,300,20,970,15,0.440819633891806,2,410,209,"2018-08-01","2018-09-01",51.55,5.55,1,7.29226302006282,18.9692047610879,142.270854455419
1.55509225116111,33.5296654696259,15.2539900387637,2.32948879431933,0.000175350392237306,0.0790495662949979,4.19752702116966,0.0509581700898707,0.226066788192838,0,0,0.39963444462046,0.01,0.01,90.6139611109393,2.52970067458227,0.01,"C3",0.64,0.015,2.48,2.83,0.114,15,0.51,0,1,1,0.01,1,500,0.06,1180,1800,1.55,25,0.5,25,45,5.65847393500153,0.743897363427095,0.133065049070865,-0.618038109038025,1,0.1,0,1,1,0.25,1.34,0.3,10,0.35,20.6,0.2,0.01,10,0,5,600,300,20,970,15,0.153463333379477,2,410,209,"2018-08-01","2018-09-01",51.55,5.55,1,4.72967550856993,27.3887677572202,86.4246326917782
3.20020224829204,55.2072298147312,10.0066538492683,1.33988956245594,0.0344142712187022,0.162997251842171,34.724383209832,0.491141569800675,0.714317511068657,0,0,0.406015157466754,0.01,0.01,20.9336702988949,9.14322642376646,0.01,"C3",0.64,0.015,2.48,2.83,0.114,15,0.51,0,1,1,0.01,1,500,0.06,1180,1800,1.55,25,0.5,25,45,2.62961756058503,1.92027011187747,-0.379540023393929,-0.359317839611322,1,0.1,0,1,1,0.25,1.34,0.3,10,0.35,20.6,0.2,0.01,10,0,5,600,300,20,970,15,0.973619296448305,2,410,209,"2018-08-01","2018-09-01",51.55,5.55,1,14.866438267054,18.1733110919595,117.498032008298
2.97019035927951,18.8427240522886,24.915631802287,2.69229296781123,0.12450037766248,0.0715513501316309,31.3900703284889,0.518512206384912,0.433797990903258,0,0,0.223722079070285,0.01,0.01,159.682066977024,11.2241595832165,0.01,"C3",0.64,0.015,2.48,2.83,0.114,15,0.51,0,1,1,0.01,1,500,0.06,1180,1800,1.55,25,0.5,25,45,2.94408539391588,1.63009308010805,0.340587131213397,0.343567511998117,1,0.1,0,1,1,0.25,1.34,0.3,10,0.35,20.6,0.2,0.01,10,0,5,600,300,20,970,15,0.762043207651004,2,410,209,"2018-08-01","2018-09-01",51.55,5.55,1,13.8267643691506,23.1133673025761,3.20246318355203
4.13602206367068,55.7284883925765,11.064699589042,3.06028103851713,0.143843578128144,0.196333684260026,39.5168605959043,0.0333067052997649,0.922160198213533,0,0,0.937261892715469,0.01,0.01,189.229995805479,11.1710289102048,0.01,"C3",0.64,0.015,2.48,2.83,0.114,15,0.51,0,1,1,0.01,1,500,0.06,1180,1800,1.55,25,0.5,25,45,1.55669168189634,1.118973721168,0.777748866006732,0.864149369765073,1,0.1,0,1,1,0.25,1.34,0.3,10,0.35,20.6,0.2,0.01,10,0,5,600,300,20,970,15,0.948589035775512,2,410,209,"2018-08-01","2018-09-01",51.55,5.55,1,6.07793399482034,24.8100398504175,124.454480898567
3.93855806370266,78.6601502164639,0.248236034531146,1.09870423842221,0.189074782561511,0.013430244429037,10.2180571854115,0.68454104103148,0.919675638666376,0,0,0.561069758376107,0.01,0.01,167.875873936107,15.9654755527154,0.01,"C3",0.64,0.015,2.48,2.83,0.114,15,0.51,0,1,1,0.01,1,500,0.06,1180,1800,1.55,25,0.5,25,45,1.96839093004819,4.16299106075894,0.721389620099217,-0.680246163159609,1,0.1,0,1,1,0.25,1.34,0.3,10,0.35,20.6,0.2,0.01,10,0,5,600,300,20,970,15,0.113983131479472,2,410,209,"2018-08-01","2018-09-01",51.55,5.55,1,0.779312514932826,27.9254706948996,123.777862912975
4.06229993258603,32.9726929227849,0.636073702480644,0.503385564312339,0.0953563730698079,0.13491460098885,4.40806597005576,0.923069632844999,0.377632799325511,0,0,0.902062718989328,0.01,0.01,174.662017773313,2.74593406170607,0.01,"C3",0.64,0.015,2.48,2.83,0.114,15,0.51,0,1,1,0.01,1,500,0.06,1180,1800,1.55,25,0.5,25,45,5.11359053622,3.69706464593764,-0.624083277303725,0.945568467956036,1,0.1,0,1,1,0.25,1.34,0.3,10,0.35,20.6,0.2,0.01,10,0,5,600,300,20,970,15,0.878331772983074,2,410,209,"2018-08-01","2018-09-01",51.55,5.55,1,3.5825810674578,18.685044843005,33.1238027662039
2.60368784330785,14.4197161823834,7.59103671880439,4.65260131750256,0.187692326074466,0.05584064158611,39.4526545610279,0.00952664879150689,0.132704440271482,0,0,0.461262541124597,0.01,0.01,24.5590251680696,4.5865882684011,0.01,"C3",0.64,0.015,2.48,2.83,0.114,15,0.51,0,1,1,0.01,1,500,0.06,1180,1800,1.55,25,0.5,25,45,0.856797055713832,3.57461386045907,0.132948650512844,0.0134779326617718,1,0.1,0,1,1,0.25,1.34,0.3,10,0.35,20.6,0.2,0.01,10,0,5,600,300,20,970,15,0.487411786103621,2,410,209,"2018-08-01","2018-09-01",51.55,5.55,1,8.44723033136688,16.3247352861799,100.561076290905
4.12184973852709,45.828596751687,3.10841730679385,2.93097251397558,0.0787859647069126,0.0571103831287473,0.910548185929656,0.76774352719076,0.758653195342049,0,0,0.383043589768931,0.01,0.01,133.863228988135,7.17679365258664,0.01,"C3",0.64,0.015,2.48,2.83,0.114,15,0.51,0,1,1,0.01,1,500,0.06,1180,1800,1.55,25,0.5,25,45,3.74461245876737,4.92837610200513,0.125623091589659,-0.0194595796056092,1,0.1,0,1,1,0.25,1.34,0.3,10,0.35,20.6,0.2,0.01,10,0,5,600,300,20,970,15,0.891115830047056,2,410,209,"2018-08-01","2018-09-01",51.55,5.55,1,8.33610491710715,29.8887119453866,15.6414808658883
1.95401451434009,40.981307058867,2.86319693550467,0.772255142452195,0.000782174803316593,0.0862393913790584,9.75437257904559,0.0439865877851844,0.991353393066674,0,0,0.383653006516397,0.01,0.01,170.167078860104,10.8938945960253,0.01,"C3",0.64,0.015,2.48,2.83,0.114,15,0.51,0,1,1,0.01,1,500,0.06,1180,1800,1.55,25,0.5,25,45,1.19872579365037,2.19906783523038,-0.30276276031509,-0.00592390960082412,1,0.1,0,1,1,0.25,1.34,0.3,10,0.35,20.6,0.2,0.01,10,0,5,600,300,20,970,15,0.702035896712914,2,410,209,"2018-08-01","2018-09-01",51.55,5.55,1,5.01505755353719,19.8641058686189,141.542737009004
2.34543500910513,45.6177724639591,11.3012183981482,3.24002248444594,0.00379816852509975,0.156443553417921,36.4578006276861,0.86315629677847,0.0431033696513623,0,0,0.731012210948393,0.01,0.01,47.9046688892995,5.04255550098605,0.01,"C3",0.64,0.015,2.48,2.83,0.114,15,0.51,0,1,1,0.01,1,500,0.06,1180,1800,1.55,25,0.5,25,45,1.14053601352498,4.17101787298452,-0.925561312586069,0.0814995542168617,1,0.1,0,1,1,0.25,1.34,0.3,10,0.35,20.6,0.2,0.01,10,0,5,600,300,20,970,15,0.989102265331894,2,410,209,"2018-08-01","2018-09-01",51.55,5.55,1,12.1101387217641,18.3520831132773,174.928774363361
3.50011547352187,57.7030964737447,10.2492242876906,1.94207714195363,0.140736870374531,0.0138007410336286,3.22113014291972,0.620871299877763,0.25228957971558,0,0,0.678601390682161,0.01,0.01,36.0582567775855,2.17155041592196,0.01,"C3",0.64,0.015,2.48,2.83,0.114,15,0.51,0,1,1,0.01,1,500,0.06,1180,1800,1.55,25,0.5,25,45,2.57258417946286,0.555820972076617,-0.708200288005173,-0.716625078581274,1,0.1,0,1,1,0.25,1.34,0.3,10,0.35,20.6,0.2,0.01,10,0,5,600,300,20,970,15,0.372180087259039,2,410,209,"2018-08-01","2018-09-01",51.55,5.55,1,11.1673940671608,21.0145589872263,14.7103402717039
4.43215073039755,67.4733735921206,6.78345286869444,0.648634673794731,0.191998647805303,0.169801106676459,3.8699220540002,0.485508024459705,0.00380137632600963,0,0,0.873393272981048,0.01,0.01,159.076633420598,12.7401881518308,0.01,"C3",0.64,0.015,2.48,2.83,0.114,15,0.51,0,1,1,0.01,1,500,0.06,1180,1800,1.55,25,0.5,25,45,5.74357492090203,1.9985659471713,0.782508189789951,0.965356409084052,1,0.1,0,1,1,0.25,1.34,0.3,10,0.35,20.6,0.2,0.01,10,0,5,600,300,20,970,15,0.631562177557498,2,410,209,"2018-08-01","2018-09-01",51.55,5.55,1,12.0517147018109,26.5082912903745,125.603868314065
3.24821920995601,53.2055507998636,9.78281837888062,1.26317470381036,0.072654809942469,0.123762341123074,20.0121866678819,0.812927093822509,0.301032868446782,0,0,0.0340132731944323,0.01,0.01,169.418820890423,16.6764027539175,0.01,"C3",0.64,0.015,2.48,2.83,0.114,15,0.51,0,1,1,0.01,1,500,0.06,1180,1800,1.55,25,0.5,25,45,3.43896064343862,1.91035591089167,0.0108821848407388,0.295767069328576,1,0.1,0,1,1,0.25,1.34,0.3,10,0.35,20.6,0.2,0.01,10,0,5,600,300,20,970,15,0.442463863641024,2,410,209,"2018-08-01","2018-09-01",51.55,5.55,1,11.7032997042406,25.4001370165497,52.828275449574
3.0797702386044,40.9270725188597,13.9084859576542,3.66914057987742,0.0758183281403035,0.0468386030755937,8.05044888518751,0.854292082134634,0.0366348964162171,0,0,0.19320839154534,0.01,0.01,217.812504076632,7.4769866396673,0.01,"C3",0.64,0.015,2.48,2.83,0.114,15,0.51,0,1,1,0.01,1,500,0.06,1180,1800,1.55,25,0.5,25,45,2.43640623018146,3.98936792556196,0.605675225611776,-0.588441820349544,1,0.1,0,1,1,0.25,1.34,0.3,10,0.35,20.6,0.2,0.01,10,0,5,600,300,20,970,15,0.290854617487639,2,410,209,"2018-08-01","2018-09-01",51.55,5.55,1,6.74566757166758,26.6093118209392,35.3419667389244
1.68234667461365,36.4177545908426,5.81883825943805,1.34329679072835,0.0980048528406769,0.183028382714838,6.62618363276124,0.351625523762777,0.484623086173087,0,0,0.59965024702251,0.01,0.01,67.554579567397,7.84913114854135,0.01,"C3",0.64,0.015,2.48,2.83,0.114,15,0.51,0,1,1,0.01,1,500,0.06,1180,1800,1.55,25,0.5,25,45,4.90578053893987,0.507767941337079,-0.0121888075955212,0.998946784529835,1,0.1,0,1,1,0.25,1.34,0.3,10,0.35,20.6,0.2,0.01,10,0,5,600,300,20,970,15,0.71666176430881,2,410,209,"2018-08-01","2018-09-01",51.55,5.55,1,3.00765286548994,26.1517691903282,20.3928486770019
4.40711659099907,36.9445120810596,1.18556304369122,3.60772751015611,0.185691955452785,0.155756494775414,17.6649322640151,0.629387783585116,0.54779653949663,0,0,0.623658061726019,0.01,0.01,109.863044618047,6.6589835989289,0.01,"C3",0.64,0.015,2.48,2.83,0.114,15,0.51,0,1,1,0.01,1,500,0.06,1180,1800,1.55,25,0.5,25,45,1.0413472618442,3.97871774423402,0.665940023958683,-0.805185318458825,1,0.1,0,1,1,0.25,1.34,0.3,10,0.35,20.6,0.2,0.01,10,0,5,600,300,20,970,15,0.0868307217024267,2,410,209,"2018-08-01","2018-09-01",51.55,5.55,1,11.3611991226207,17.9770579864271,138.337370124646
1.86071138572879,54.5508545713763,24.1671140771359,2.49360633641481,0.00266823736019433,0.156583667080849,51.6841479158029,0.885012327926233,0.858740194933489,0,0,0.816271828254685,0.01,0.01,62.6318082732614,18.8040601136163,0.01,"C3",0.64,0.015,2.48,2.83,0.114,15,0.51,0,1,1,0.01,1,500,0.06,1180,1800,1.55,25,0.5,25,45,3.34030899698846,4.82879934064113,0.000334097072482109,0.0162416500970721,1,0.1,0,1,1,0.25,1.34,0.3,10,0.35,20.6,0.2,0.01,10,0,5,600,300,20,970,15,0.764306396478787,2,410,209,"2018-08-01","2018-09-01",51.55,5.55,1,6.48781070485711,21.2211364670657,84.3317145109177
1.76508990302682,72.2055419327764,3.99415980209596,5.78458555974066,0.0218272414058447,0.0474885891657323,43.6060748063028,0.845273186918348,0.00494071468710899,0,0,0.476264821831137,0.01,0.01,195.717574112758,16.405432529049,0.01,"C3",0.64,0.015,2.48,2.83,0.114,15,0.51,0,1,1,0.01,1,500,0.06,1180,1800,1.55,25,0.5,25,45,3.95953552823048,4.27894392667804,0.276529083959758,0.918307200074196,1,0.1,0,1,1,0.25,1.34,0.3,10,0.35,20.6,0.2,0.01,10,0,5,600,300,20,970,15,0.749068593839183,2,410,209,"2018-08-01","2018-09-01",51.55,5.55,1,3.39819836430252,17.3478224384598,6.3259058073163
4.14229234470986,71.0118568823177,15.0358956307173,2.1962403235957,0.129979259055108,0.0424561265856028,22.1331525687128,0.269678241107613,0.999392948811874,0,0,0.810689688660204,0.01,0.01,165.414131327823,10.8168192063458,0.01,"C3",0.64,0.015,2.48,2.83,0.114,15,0.51,0,1,1,0.01,1,500,0.06,1180,1800,1.55,25,0.5,25,45,6.24861809266731,2.81051045306958,-0.306539276149124,-0.322750526480377,1,0.1,0,1,1,0.25,1.34,0.3,10,0.35,20.6,0.2,0.01,10,0,5,600,300,20,970,15,0.935478696133941,2,410,209,"2018-08-01","2018-09-01",51.55,5.55,1,6.21767743024975,23.8453191937879,36.9306817185134
3.02511188923381,14.0172709646826,23.4630200022366,3.64976375759579,0.0452559097204357,0.178960416186601,4.82713110744953,0.245438068872318,0.00425169966183603,0,0,0.18154939590022,0.01,0.01,200.559223112359,10.4406368548516,0.01,"C3",0.64,0.015,2.48,2.83,0.114,15,0.51,0,1,1,0.01,1,500,0.06,1180,1800,1.55,25,0.5,25,45,0.824094957951456,4.71040165482555,-0.478426993824542,-0.87332539819181,1,0.1,0,1,1,0.25,1.34,0.3,10,0.35,20.6,0.2,0.01,10,0,5,600,300,20,970,15,0.432697991840541,2,410,209,"2018-08-01","2018-09-01",51.55,5.55,1,11.144459573552,16.9969736435451,103.385595688596
2.51248499192297,36.4903541681586,24.7914424806368,1.69382887333632,0.0598387558478862,0.0511266941204667,29.0944409323856,0.433804704807699,0.685563822509721,0,0,0.987184916855767,0.01,0.01,161.01198503701,19.4023989648558,0.01,"C3",0.64,0.015,2.48,2.83,0.114,15,0.51,0,1,1,0.01,1,500,0.06,1180,1800,1.55,25,0.5,25,45,0.841835256502964,4.53360854776111,-0.445481241680682,-0.393577529117465,1,0.1,0,1,1,0.25,1.34,0.3,10,0.35,20.6,0.2,0.01,10,0,5,600,300,20,970,15,0.997633894439787,2,410,209,"2018-08-01","2018-09-01",51.55,5.55,1,2.19538663281128,16.8535037816036,68.6825704481453
4.18300387635827,66.0182867914612,14.7857509960886,2.27692101965658,0.17228078735061,0.137948208115995,10.5166072072461,0.26274441392161,0.986823559971526,0,0,0.975975768873468,0.01,0.01,122.897229363036,19.5502032579388,0.01,"C3",0.64,0.015,2.48,2.83,0.114,15,0.51,0,1,1,0.01,1,500,0.06,1180,1800,1.55,25,0.5,25,45,2.83056023037061,1.9976983416127,0.605268538463861,-0.494926215615124,1,0.1,0,1,1,0.25,1.34,0.3,10,0.35,20.6,0.2,0.01,10,0,5,600,300,20,970,15,0.549790367018431,2,410,209,"2018-08-01","2018-09-01",51.55,5.55,1,3.94636303768493,20.5302274029236,14.3769540125504
1.59591488423757,85.2909199315097,19.8730322241317,2.79976528161205,0.129151347093284,0.0641435799188912,54.9778608419001,0.911450736923143,0.732244754210114,0,0,0.261139991693199,0.01,0.01,100.877835665597,12.9917497134302,0.01,"C3",0.64,0.015,2.48,2.83,0.114,15,0.51,0,1,1,0.01,1,500,0.06,1180,1800,1.55,25,0.5,25,45,5.00251922092866,2.43926643766463,0.645539834629744,-0.281527841463685,1,0.1,0,1,1,0.25,1.34,0.3,10,0.35,20.6,0.2,0.01,10,0,5,600,300,20,970,15,0.455118965124711,2,410,209,"2018-08-01","2018-09-01",51.55,5.55,1,8.20308314287104,29.6844547265209,156.212460212409
