"Cab","Car","Anth","LMA","EWT","Cbrown","Prot","CBC","N","alpha","LIDFa","LIDFb","TypeLidf","LAI","hspot","tts","tto","psi"
55.7928128632885,10.8473114457121,3.35492471954785,0.0122755652281921,0.0197928270334378,0.972589801065624,0.0283368486292195,0.0162063352797204,2.19969989988022,40,50.1224443409592,0,2,2.30273850634694,0,0,17.5190305500291,0
52.2027560923444,10.6229850205485,3.06373124057427,0.0186614905332681,0.0344058950869367,0.249837619252503,0.0108633850609185,0.0114942351144808,1.58800705126487,40,52.463828837499,0,2,2.14637502329424,0,0,15.446572402725,0
25.2441082801387,5.42430996394713,1.94133630569559,0.00586510835564695,0.0345824131662957,0.626042773481458,0.0180325496877148,0.00827840208082926,2.28979814844206,40,64.3722178973258,0,2,3.10512036713772,0,0,20.8004272403196,0
60.1757188232132,12.0048227035387,3.65315496758558,0.0155809761688579,0.0260031880429015,0.554607737110928,0.0226804131718562,0.000255109787245747,1.61800265358761,40,58.2258221693337,0,2,2.87074235104956,0,0,24.4448660721537,0
45.9433499150805,9.26319943954075,4.04676676006056,0.00970242648618296,0.0291595532260835,0.245516447350383,0.0238666825129767,0.0189656682084943,2.35506926383823,40,61.2066366523504,0,2,4.78788159112446,0,0,18.8751394255087,0
15.3257563223353,3.33061933378187,3.90274530602619,0.0131454895250499,0.00272542617097497,0.177940601250157,0.00177008915947285,0.0173115719036222,2.27655407600105,40,65.003768960014,0,2,3.18227951298468,0,0,17.590335655259,0
62.6572520992208,11.1008679786744,1.85834435408469,0.0151865142048337,0.0089726095162332,0.814658981515095,0.00705851260443451,0.0226651804610528,1.52667920733802,40,61.0432062204927,0,2,4.68085491564125,0,0,17.2467106743716,0
65.3173315323222,13.3550365629791,3.2156644128263,0.0126005539519247,0.00967395240161568,0.096038434188813,0.00747506261090282,0.0220776073613833,1.55969392508268,40,67.2067549731582,0,2,2.0110139164608,0,0,29.5728360617068,0
61.8152799013813,12.3071141773143,3.42038646654692,0.00774457545252517,0.0107678323448636,0.873565075453371,0.0231151451051421,0.0209571573544899,2.3551307937596,40,33.1938701309264,0,2,4.70529116410762,0,0,28.4004287340213,0
42.1806918373828,9.06890501894757,3.18363697011955,0.0180838776601013,0.00870217424351722,0.670550092123449,0.0224138442415488,0.0012846730140713,2.44544507842511,40,52.891294946894,0,2,4.88367162761278,0,0,26.2820907030255,0
25.4679061255778,4.64359759259031,1.41913979128003,0.0108608585339971,0.0109632578138262,0.0888887194450945,0.028753581649398,0.0181100575720472,2.48697775392793,40,48.4730291645974,0,2,4.76471330947243,0,0,27.1580299932975,0
37.8832260167537,7.05817713352664,2.67648238339461,0.00738193242927082,0.00528662689169869,0.184409697540104,0.0249098902951949,0.029833322976178,2.10996048036031,40,35.4172161780298,0,2,3.88626151229255,0,0,28.3364900120068,0
51.5996510648232,9.72362281652965,1.77074566762894,0.0147561877395492,0.0251467564953491,0.086379760876298,0.0174454970005527,0.0273011467552697,1.88931108778343,40,53.2984896656126,0,2,2.31426086556166,0,0,17.472109812079,0
52.1554948977109,10.6657817852898,2.31126924057025,0.00894733160501346,0.029829759687651,0.29405665397644,0.0184381367679522,0.00527807701268932,2.33100813021883,40,34.5831860601902,0,2,4.55804699682631,0,0,20.8601054758765,0
51.6177647839823,10.1098749382467,1.81211478752084,0.0121387533075176,0.0345308889523149,0.563939048210159,0.00963136271818774,0.00214799412775552,1.62935262452811,40,68.0981197673827,0,2,2.69025701773353,0,0,23.4792873391416,0
29.3340584178925,5.50222426000094,0.942835645750165,0.0150355744222179,0.0347754195029847,0.765492270467803,0.0286192535661929,0.00295423092606245,1.73028914560564,40,36.6737935226411,0,2,3.47515021148138,0,0,22.999691774603,0
63.7761550468413,12.5760993005359,4.43167324305978,0.00869449823279865,0.0162098934622481,0.67909093061462,0.0217481186107802,0.0195249766386417,1.60494883893989,40,66.8129663355649,0,2,3.0155677748844,0,0,28.0214510089718,0
34.2298606824418,6.43161425475307,4.44171362521593,0.00815860633156262,0.00348431090451777,0.00519789289683104,0.000246491028536111,0.0111372024094686,1.76074448716827,40,66.7366140522063,0,2,4.0572441436816,0,0,24.4523219112307,0
41.3458963343086,7.72396209085077,4.3532453707885,0.00542474348214455,0.0228104545678943,0.367183846188709,0.0200209649714641,0.0280287476735632,1.60874262219295,40,37.2000766173005,0,2,4.04636341077276,0,0,28.6844027938787,0
32.5614626000557,5.61723690546694,0.963124026660807,0.00671172194764949,0.0280142510537989,0.174323300598189,0.0177315211052168,0.0185331812969199,2.1723681637086,40,56.2810437288135,0,2,4.91540522105061,0,0,24.7187126555946,0
70.0338825777204,13.8190741716892,1.78289192228112,0.0194654826191254,0.0215466313087381,0.263251179363579,0.0144287890073238,0.0143248081234773,2.25058208731934,40,55.8473894558847,0,2,2.48649965156801,0,0,18.1051714089699,0
9.50644309161785,2.6066303243698,4.29830181004945,0.0181168433639687,0.00586575980065391,0.936937241349369,0.0141915234907414,0.00990371970670763,1.9249632335268,40,67.277176072821,0,2,3.53239713283256,0,0,17.5346853781957,0
55.7925394525809,11.3126566454305,1.91236867883708,0.00750205692020245,0.0344008991862647,0.880772097967565,0.000760315398548264,0.00954297110417159,2.12725342274643,40,49.1463470086455,0,2,3.72427901159972,0,0,27.2550172638148,0
33.9870178132017,7.07417925727326,3.7175189597765,0.00515070241410285,0.0303450520797633,0.497851251624525,0.00475549120170297,0.0207145639533899,2.2217643125914,40,39.9210333172232,0,2,3.86698442162015,0,0,21.1509095469955,0
72.2677204673641,13.2000661874395,3.99122042418458,0.0104299984138925,0.00374933198234066,0.949215397704393,0.0200778363457462,0.0122701868375414,1.50502913887613,40,51.0965507756919,0,2,2.05557620897889,0,0,20.0537939392962,0
69.4146683281718,12.4563427411066,4.4059023053851,0.00734877728740685,0.020968083109241,0.0461697678547353,0.00863915602504741,0.00560552587613929,1.92542019230314,40,49.1661058552563,0,2,4.12122852331959,0,0,16.6544668609276,0
18.9691035530482,3.45724089747589,2.53806301101577,0.0179875927790999,0.0130641135373153,0.438697847770527,0.0152674501093524,0.00494453129990492,2.42031307518482,40,35.3421767801046,0,2,3.18331296253018,0,0,29.3143101059832,0
42.8618668775523,7.48664175158803,3.45510759099852,0.0135725184238981,0.0142088841181248,0.480292777530849,0.0178557004253194,0.0230364956509718,1.92738039582036,40,59.5152053702623,0,2,3.94502712693065,0,0,28.9345690933987,0
62.0997184783076,12.8213888098678,0.696541479206644,0.0157162003195845,0.0264248270741664,0.850749941775575,0.0187540342612797,0.00193868053742684,2.24975974229164,40,38.8575379643589,0,2,2.34825084288605,0,0,17.4142911052331,0
53.5903288223588,11.3406333557766,1.51784318243153,0.0111725737701636,0.0268795647439547,0.518142868066207,0.0266295728903194,0.0165203468520264,2.46082754642703,40,55.5764157604426,0,2,4.21778908162378,0,0,21.1558114411309,0
46.1836705179144,9.77943397136669,4.08370786299929,0.0197075866279192,0.00741693839710206,0.289047490339726,0.021429433227221,0.00387250023390166,1.69347641663626,40,67.3688604682684,0,2,2.55887103546411,0,0,28.599918797845,0
42.8388600804309,8.49127738726821,1.70270102354698,0.00736891471548006,0.0345397747042589,0.218912790995091,0.0179925440358114,0.029117001958834,2.18857634998858,40,34.7949668578804,0,2,3.22021137783304,0,0,26.3912067341153,0
60.5381451919553,10.3696168772468,2.21879577124491,0.0189368191175163,0.00700331114884466,0.340767048532143,0.0172473349152901,0.0287525314118504,2.42380472249351,40,56.4750940911472,0,2,2.47399670816958,0,0,17.0435655978508,0
42.745231687441,9.25310049292458,0.390635888907127,0.00554126775357872,0.0323151838136837,0.246565296314657,0.0222905595449707,0.0194417524212715,1.50998525763862,40,32.745303157717,0,2,3.13284647138789,0,0,21.6282628581394,0
59.0783575779518,11.9752904870707,1.48762609041296,0.00573977366671898,0.0349851846820675,0.760420464212075,0.0230497129555861,0.0278211961400742,2.09043575567193,40,39.6092059183866,0,2,4.19308181689121,0,0,18.0744628713001,0
28.5497077641284,5.33720763123556,3.82634306629188,0.0150544800213538,0.0153504151827656,0.484435290331021,0.00530240602858364,0.0144689870226267,2.26338515849784,40,30.289405528456,0,2,2.37113983742893,0,0,26.6870510147419,0
59.6444023546979,12.1779236486952,1.7255751042394,0.0137043561984319,0.0207512986538932,0.573387705022469,0.0166075331521314,0.0166346268551075,1.55517783667892,40,31.5628942567855,0,2,2.48550419998355,0,0,21.7454285616986,0
65.1632647139903,13.869618197572,2.33294255391229,0.0110258974984754,0.0273496895139106,0.799473716178909,0.00985483138906769,0.0166276612667134,1.74751238152385,40,59.6887304540724,0,2,3.10725645674393,0,0,24.6379852399696,0
64.8834672809677,13.6855569895687,2.90860854671337,0.0085319144569803,0.00784088278841227,0.521949250018224,0.0224137846870301,0.000182370970672928,1.79522418859415,40,45.3369203861803,0,2,4.26623515342362,0,0,23.9450459217187,0
46.8531909583804,9.84268960681365,2.14634060952812,0.00815165598760359,0.00565648258663714,0.200059700990096,0.0145344205756835,0.0212709648954868,2.01540109724738,40,58.9959783293307,0,2,3.01529041840695,0,0,27.7844545827247,0
18.4405739158331,3.78713165455544,1.83090584201273,0.0115522669500206,0.023269776375033,0.111762723885477,0.000311643204123247,0.00271649566963548,1.95758329494856,40,63.4255591128021,0,2,3.26633999380283,0,0,29.1764901252463,0
47.2499605792364,9.22555182429913,2.38762997626327,0.0191400998760946,0.02365990016656,0.763074793620035,0.0167110266581085,0.00629356929220259,2.41204296890646,40,49.9056022427976,0,2,2.84664410352707,0,0,27.2778138960712,0
60.0589251537819,12.7488596899751,4.04306799487676,0.0165290198556613,0.0118402725243941,0.548375840531662,0.0241968233956839,0.000827094734299462,1.6929693268612,40,61.8200210854411,0,2,4.01137472619303,0,0,16.8778916902374,0
44.923590564218,7.2076677341412,1.18420881475322,0.00653214788297191,0.0292747635426931,0.030918299453333,0.0210529822787759,0.00471748062268365,2.4546188141685,40,69.1627421509475,0,2,4.08177984622307,0,0,25.2914554369636,0
67.555677214687,12.8656292443404,3.49184481461998,0.0103728378959931,0.00448775209067389,0.239310304634273,0.0141952832738496,0.000463829075288959,1.51534842257388,40,35.9485548827797,0,2,2.80727130779997,0,0,15.1826928346418,0
5.2565688046074,0.796890481029483,1.51198563503567,0.00659773634863086,0.0240147457881831,0.97675167885609,0.0127976010892587,0.0241402421131451,1.52400673576631,40,54.353477563709,0,2,3.8470898095984,0,0,20.1728209527209,0
34.821586925381,7.06045493814304,3.42191001051106,0.0124395970685873,0.024801566472277,0.205624800408259,0.0265738984508393,0.0147880592975882,1.66525505273603,40,63.9576101303101,0,2,3.20928790280595,0,0,16.2431346438825,0
11.652699491092,2.87401308235942,3.51598256465513,0.00564854265074246,0.0103648076597601,0.779672161443159,0.0233530954951979,0.0160137824494625,1.56357999588363,40,42.3913104552776,0,2,2.4179394505918,0,0,19.9221229471732,0
41.1340274888331,8.18402734500911,0.0520241155754775,0.0157997697102837,0.0337776564154774,0.948015803936869,0.000180826847481076,0.0033211078205402,1.58652008511126,40,44.510636748746,0,2,3.03803476993926,0,0,22.9637917410582,0
48.241373364459,9.08497784232373,4.07274949166458,0.00695858861668967,0.0173886559344828,0.266774327727035,0.0181309920362383,0.00208524370511761,2.16921511781402,40,65.1617208030075,0,2,3.00695103034377,0,0,25.6926564930473,0
35.476780344873,5.75045894834234,3.7309747642139,0.0107697632559575,0.0343497717897408,0.113503532717004,0.0295836319598532,0.000278296737538185,2.0031109652482,40,49.8384357709438,0,2,3.24241251987405,0,0,25.1197812811006,0
34.4529648163698,7.04845254829396,2.35460559208877,0.0156581442581955,0.0105351468669251,0.458745560608804,0.00263646008037729,0.0050255485297367,1.76007139333524,40,63.6938784644008,0,2,3.80300339614041,0,0,18.1886723719072,0
60.0991024659594,12.5044352189472,1.01443050988019,0.00622401622473262,0.00587357196770608,0.295220638159662,0.0153502090068581,0.0176482662901329,2.02774273371324,40,43.392124818638,0,2,3.45927213761024,0,0,16.335754803149,0
59.9192256134402,12.1796634068821,2.68616700719576,0.0176785265491344,0.0238163010249846,0.108874032041058,0.0192104742251011,0.0162422873350512,1.81700942502357,40,39.5958081353456,0,2,3.90870073460974,0,0,28.1528118671849,0
38.8595274831069,8.47983204448404,2.01175631093793,0.0119914731895551,0.00149487250158563,0.0208234617020935,0.0284169884825265,0.0206949376147799,1.80337962741032,40,56.8308186437935,0,2,4.57740022870712,0,0,26.010742241051,0
58.0754980943143,11.0263859858345,2.66335692023858,0.0106374404625967,0.01385855396837,0.175433772150427,0.00132340354710119,0.0264152002731571,2.39053929806687,40,51.0932707041502,0,2,3.63630007137544,0,0,26.0316050669644,0
16.3503828104349,2.54148742675285,1.11897941934876,0.00868544552940875,0.0330371496095322,0.181036143330857,0.0202644878392178,0.00560578751382418,2.38538420503028,40,31.275132605806,0,2,2.58067088620737,0,0,23.4600205812603,0
15.2540548931538,3.20317779437408,2.58689597260673,0.0136148215574212,0.0150023558069952,0.616964665008709,0.00787972335268743,0.0172947586554149,1.82219918374904,40,62.5030108354986,0,2,2.81656449846923,0,0,25.3400455950759,0
22.4722738684641,3.449769944619,2.05967153899837,0.00828080644016154,0.0253336916523986,0.253645509248599,0.0239919121963135,0.0290682268918375,1.85840825270861,40,63.5572332516313,0,2,2.82039178791456,0,0,24.7091475420166,0
67.9113116452909,14.3516592803409,1.82007638644427,0.0147214561258443,0.00995905975578353,0.0194839353207499,0.018431586385367,0.0149183903641556,1.62157883122563,40,63.1687290966511,0,2,4.85935554420575,0,0,22.9258445743471,0
69.2596456247974,12.5168365378845,0.0409872875316069,0.0193916107027326,0.00617592262243852,0.829968350939453,0.0262861145097995,0.0138320330533478,2.2526953953784,40,66.7697994876653,0,2,2.33175938064232,0,0,24.6958182659,0
60.1029177254628,12.3843107651042,3.22373333887663,0.013347680157749,0.0301399389118888,0.750876080710441,0.00289359479706734,0.00966466055102646,1.88195416890085,40,47.8842467349023,0,2,4.02994976332411,0,0,27.5107354146894,0
65.0080097329344,13.502302623733,0.509170821052976,0.0151400707743596,0.00669507985049859,0.331352978013456,0.00527029696091544,0.0103737300708052,2.1349156985525,40,66.6537950374186,0,2,3.92090610018931,0,0,20.1864382938948,0
70.8950217433545,13.4919286265894,3.41928533487953,0.0131091253750492,0.0224910861779936,0.79853027779609,0.0136428249540064,0.00704007355068577,2.27934233262204,40,33.9717641379684,0,2,2.81381258205511,0,0,24.3259939108975,0
62.9936710233545,12.781101884267,4.12557157385163,0.0117944599187467,0.00507353224419057,0.880856563802809,0.0221899922264228,0.0125145852244506,2.29112767637707,40,31.9360163901001,0,2,3.80117453192361,0,0,24.9479294253979,0
51.0990527974182,11.2840183340574,2.61528624873608,0.0109004163078498,0.00678447162127122,0.548647055868059,0.0138943755181064,0.0078495647670771,2.09493673336692,40,68.0663932021707,0,2,4.67968853190541,0,0,21.6676250612363,0
54.3620252289321,9.62755556821261,0.806683431495912,0.0192960991361178,0.0218355068415403,0.961814659647644,0.0171808819947205,0.0109487297026464,2.22123878123239,40,33.9165338780731,0,2,2.85194510966539,0,0,26.1033169564325,0
35.9512105337518,6.68902002529508,3.19302557024639,0.0149720398546197,0.0213714414718561,0.215275349095464,0.0135423133774823,0.0201491915409639,2.27462606620975,40,52.1726899221539,0,2,3.01475409674458,0,0,20.5814173375256,0
56.9816305621366,12.1784977349797,0.409085411229171,0.00684853797894903,0.0228283890751191,0.371580215636641,0.00601294908454176,0.0150736815331923,1.91577921970747,40,42.7601949218661,0,2,3.00189783098176,0,0,15.6204795255326,0
31.3645639342179,6.0951454495392,1.2812478239648,0.0140793893823866,0.0109210265553556,0.736841132631525,0.00566414054503897,0.00839496160660405,1.53844013554044,40,42.8477418795228,0,2,4.86319680698216,0,0,21.7906970030162,0
39.1128943060205,7.54943276058875,3.6712628309615,0.0122570550837554,0.0209806652078405,0.495412215357646,0.000380059287135955,0.00108217677871231,1.6814659058582,40,54.1320428997278,0,2,2.89207052066922,0,0,27.9396719054785,0
43.1438962126611,9.38210472284065,2.59384494961705,0.013935492465971,0.0193978140125982,0.4194528197404,0.0217768423647131,0.0172207109661237,2.0463054117281,40,45.1856396347284,0,2,3.53592239296995,0,0,27.213315385161,0
27.8884818859994,5.9295881222207,2.00072052015457,0.017928546940675,0.0148058234415948,0.310709092533216,0.0213871240045805,0.0156340540822782,1.99199646222405,40,49.307713964954,0,2,2.87672835076228,0,0,17.4983889015857,0
50.5443671031995,10.1797050058097,3.29766483034473,0.0186027150775772,0.0339453361690976,0.962114993948489,0.0229029985938524,0.0114649167161155,2.25553841609508,40,43.2594584580511,0,2,2.43686891230755,0,0,23.754015538143,0
74.9772737762019,15.0160671435499,2.16846769815311,0.0190212504123338,0.0148098916616291,0.851597753586248,0.0211434356773505,0.0160684593909048,1.69216400734149,40,47.140697715804,0,2,4.99509861925617,0,0,27.1888742898591,0
32.5138404769143,7.15240648375747,2.05789036257192,0.0058979824418202,0.0060639331554994,0.692642346024513,0.0104448673882359,0.0169076092533558,2.41589619428851,40,31.75338473171,0,2,4.01247695973143,0,0,19.6874820347875,0
68.1617288372099,13.0349481006696,1.40295728563797,0.0171816009248141,0.0212756421286613,0.427061274182051,0.017839534156064,0.028818691810735,2.35560204088688,40,40.0847645569593,0,2,2.04030846199021,0,0,18.9845143491402,0
60.6665835552877,12.2752553496845,2.02782414166722,0.00627067263587378,0.0209599757376127,0.968553398037329,0.0199724031248665,0.0253855767795886,1.50310983299278,40,47.2799270227551,0,2,4.67446451354772,0,0,21.1918613361195,0
45.6080039150124,9.15523545580496,1.10179154004436,0.0143518327723723,0.0224879340571351,0.147213579155505,0.00902078678518534,0.00486552446974441,2.19393824553117,40,67.4715731944889,0,2,3.70354337058961,0,0,17.6150976552162,0
56.4191504505126,11.0941040484429,1.4443105563987,0.00995699208346195,0.00362659958936274,0.271098839119077,0.00604598854056559,0.0236321283923415,1.7169412416406,40,63.5449339728802,0,2,2.62967847776599,0,0,15.1624636841007,0
69.3909002794023,13.3541348779532,4.06460804538801,0.0195515970315319,0.00492342081619427,0.434047506656498,0.0130647561033419,0.0202619264363078,2.47677370719612,40,68.1033316999674,0,2,4.36601863871329,0,0,29.3796988029499,0
53.2042825464225,10.4477534889107,3.22567059053108,0.018777064132737,0.0258559883907437,0.875556158367544,0.0152748896899889,0.0144776625567838,2.29046718054451,40,69.5544961001724,0,2,2.44917619135231,0,0,24.1361440171022,0
55.7259929080538,10.9437519333972,1.15215662657283,0.0100889171205927,0.0329624267932959,0.666457363171503,0.0150825414915429,0.0148629278742429,1.92021229537204,40,34.2741985805333,0,2,2.63812154089101,0,0,26.0365827998612,0
43.7713956397616,8.29366108182381,2.70276196638588,0.0155263963830657,0.00354023602651432,0.833814498968422,0.0232939628297673,0.00482494217452826,2.19988457881846,40,41.8399033509195,0,2,3.83232437889092,0,0,27.523891646415,0
57.7687814988922,12.3049299101823,0.474818700458854,0.00770512936054729,0.00367751106247306,0.0556115459185094,0.0200532967837853,0.0111259127678047,1.88921836437657,40,37.3781720828265,0,2,3.79487666115165,0,0,28.5216297651641,0
69.4232874812254,14.3585111987243,4.48304213897791,0.00732283361023292,0.00250959103135392,0.738036302151158,0.0179154671938042,0.0215321005320828,2.13912381255068,40,47.0004653092474,0,2,2.09907417092472,0,0,16.9178095262032,0
54.0388487462665,10.8619124420513,0.972649031784385,0.0156248282361776,0.00446730404999107,0.707828797167167,0.0279395353118354,0.0202185951299267,2.08494987292215,40,38.7976838555187,0,2,3.05402845959179,0,0,20.9266882378142,0
66.1466458681552,13.6473561562656,2.00927506957669,0.00861632719985209,0.025184507121332,0.961816634982824,0.016691025961847,0.016624546416658,1.5542518554721,40,59.7796071320772,0,2,3.11439431924373,0,0,23.0740849894937,0
71.1022105967878,14.5110625969961,3.86032007471658,0.00814151149592362,0.00369071679469198,0.848302820464596,0.0199496806006669,0.0284916553670401,1.90263081179,40,49.4936840608716,0,2,4.75254095043056,0,0,17.6907640567515,0
43.5038973242973,8.91124145677623,2.44988745159935,0.00834986212546937,0.00870009780535475,0.880663593066856,0.0273000344145577,0.00468092569044558,1.87346802372485,40,47.3453927785158,0,2,2.847600776935,0,0,19.7057121642865,0
52.7201910482745,11.3050354455153,0.109611836727709,0.0155225897277705,0.0341764106759802,0.34489971678704,0.0224354914886295,0.00281428824617062,1.64444498857483,40,30.9310775715858,0,2,3.84951305482537,0,0,17.321433465695,0
37.6769477176321,7.22339192193714,0.703111505135894,0.014413473875029,0.00182843613810837,0.864486948121339,0.00681463399461703,0.0252710649963818,1.51532994094305,40,41.8285714276135,0,2,4.23577230470255,0,0,18.2284749741666,0
18.8436077473536,4.37192494345942,2.33380973094609,0.0147654311836232,0.024843526694458,0.411216055275872,0.0237319436928211,0.0234239892319241,1.58456054818816,40,46.2560305930674,0,2,4.52053157635964,0,0,26.0024573619012,0
66.8357388721087,13.7118020529659,3.65713781956583,0.0106987386860419,0.00415093607408926,0.915735851041973,0.0234411281132628,0.0242872362673003,2.00761802284978,40,44.7760581318289,0,2,2.097896134248,0,0,23.0249702429865,0
14.3874656520721,1.33438000519207,1.92437923152465,0.0110577140573878,0.0177851323676296,0.105468307388946,0.0103813413044764,0.0104499869262031,1.69205486262217,40,39.6639786940068,0,2,3.03491138084792,0,0,24.7423974133562,0
51.3866982558251,9.41319741042108,1.7070250158431,0.00541213353048079,0.0302036845129915,0.236605183919892,0.0177115217216825,0.00733250180153176,1.66042702109553,40,53.527797870338,0,2,2.19168478460051,0,0,18.434083184693,0
67.3903861329753,13.2353773999751,0.150436763651669,0.00963369136326946,0.00832026265049353,0.26754493964836,0.011623580881597,0.00290478104750626,1.60276339598931,40,41.5576590504497,0,2,4.12042075931095,0,0,26.5531797206495,0
66.2873182935983,14.0595857874404,2.48835847817827,0.00639441502164118,0.0203728004572913,0.754435023060068,0.00692999752125703,0.0298901988193183,1.5749668891076,40,30.4996126238257,0,2,3.18572546704672,0,0,22.0375482807867,0
33.8886748109087,7.34921352226834,3.15510226227343,0.0127037889673375,0.0177076214905828,0.855431263335049,0.0235565672823112,0.0104438574681687,2.19112593564205,40,51.8825295753777,0,2,3.65557579440065,0,0,25.9433568560053,0
72.3090855495992,14.858623020694,3.72489238798153,0.00733290229109116,0.0208001094493084,0.897619136609137,0.0141630820080498,3.54210931272246e-05,2.06721634068526,40,40.4071676265448,0,2,2.559283610899,0,0,28.6069150152616,0
60.7258208009865,11.7851044581904,1.98504539311398,0.0142331182432827,0.0121240550479852,0.4881686209701,0.0214802604777133,0.00810326475423528,1.94433006481268,40,31.6081118490547,0,2,4.57558724610135,0,0,19.1521704336628,0
42.4465527870756,8.52604681862767,4.21405222301837,0.0141941698617302,0.0286802738369443,0.0305971605703235,0.01060880784387,0.0222279796930659,2.46598634682596,40,52.0608666539192,0,2,3.93845882033929,0,0,15.6664222036488,0
39.0693446185332,7.79063590125899,1.53784943476785,0.0148344594181981,0.0332816437534057,0.44716740003787,0.00959925904806238,0.00672073514823336,1.87243161117658,40,46.883863825351,0,2,4.53495265124366,0,0,18.0759397835936,0
36.9943114302417,7.29187900167067,1.81025894300546,0.0130284030234907,0.0206763458470814,0.893999660154805,0.0223947203282919,0.00946875026058871,1.55654661171138,40,57.6681284233928,0,2,3.18045527208596,0,0,18.7548236805014,0
40.2548432922053,7.40146748740697,4.25536353397183,0.0114609426923562,0.0238252458479255,0.0515775189269334,0.0202150369202555,0.0210258873049682,2.02886134549044,40,36.5151451621205,0,2,2.43914627679624,0,0,27.2282765829004,0
58.08536646282,11.4198607453526,1.62312415265478,0.00719538378645666,0.00102492639329284,0.14067303435877,0.0197839732632227,0.0172975882736105,1.69110541348346,40,36.5349337924272,0,2,2.85180417774245,0,0,20.005567506887,0
46.4894825951575,8.65719286715547,0.734859837801196,0.0139231017814018,0.00319448463106528,0.782555478625,0.0268694890193944,0.0233620618403051,2.15246466989629,40,33.2403026055545,0,2,4.46738777053542,0,0,27.3230580158997,0
31.2004554743809,6.83323667961352,2.62067934020888,0.0184391129598953,0.0182669663913548,0.0702179681975394,0.00101427391613834,0.00441943329931004,1.92239081813022,40,40.9911838825792,0,2,4.77977780578658,0,0,28.40940687689,0
69.3409199296018,13.5578768665494,1.77793903264683,0.00660939763998613,0.00438684824388474,0.51267323247157,0.0178190475273295,0.0134015903092548,1.58758636447601,40,34.8775832075626,0,2,3.95290445210412,0,0,15.8683899056632,0
45.1350554285031,9.10237066261254,3.99022753851023,0.0121552980109118,0.00377551945671439,0.459076230879873,0.0285115103366273,0.0120929245339404,1.73989117075689,40,31.8321260251105,0,2,2.05762088624761,0,0,27.1742923208512,0
40.6703187641847,8.72685032157566,3.55308184877504,0.00527642017346807,0.0274343129205517,0.445873346645385,0.0166046332122618,0.0235531925192708,2.39145398256369,40,31.6409485414624,0,2,2.64264245168306,0,0,17.5856738328002,0
57.8967739760453,11.9758629794772,2.45877835946158,0.0123104426276404,0.00696186925843358,0.0431848855223507,0.000503807145957835,0.00809821636887034,1.64831578382291,40,57.1325047500432,0,2,4.97508082119748,0,0,22.1537601272576,0
40.5842605403191,7.39851146363833,0.28426467825193,0.00958046348067,0.00661923923715949,0.183660403359681,0.0238173265153565,0.0290956779917516,1.92380827409215,40,63.1968927942216,0,2,3.71104509150609,0,0,26.6790308605414,0
63.5857763211054,11.0886771292167,2.5926967158448,0.0109580761741381,0.00275617408938706,0.219346661819145,0.0226212777413195,0.0207225766022527,2.22906966903247,40,59.465125547722,0,2,3.77315331902355,0,0,16.6477552964352,0
56.690056946813,11.1696465883349,0.955405917833559,0.0125790471653454,0.0204546766825952,0.0655104187317193,0.0267742881292664,0.0200404759437055,2.28774729929864,40,54.5778680406511,0,2,2.83982404018752,0,0,26.7940818483476,0
38.2997698273353,8.09931881176294,3.52911010652315,0.0199101737211458,0.0228950659497641,0.801656796829775,0.00681774323765188,0.0202864670316922,1.65692130243406,40,48.8182978611439,0,2,2.70093715493567,0,0,24.126299538184,0
62.4069305316049,12.4005661856434,2.33571555884555,0.00735944548039697,0.0109327983078547,0.0227192519232631,0.00957602860321058,0.0204868666952243,2.33081020391546,40,52.5351131334901,0,2,4.44488110602833,0,0,29.5024813420605,0
50.1372607502819,10.0890800367527,3.46635748073459,0.013812418372836,0.0346213356968947,0.533167755696923,0.0257261419933522,0.0230249020850519,1.93573832255788,40,50.4461439792067,0,2,2.40409914241172,0,0,23.1109067529906,0
49.1860304969757,9.98916106383779,2.75798133888748,0.0177819168637507,0.0152437518266961,0.374156482983381,0.0266767587824468,0.0193469218109618,2.06077943602577,40,51.0831451974809,0,2,4.92452610074542,0,0,20.7053891848773,0
58.183259241547,11.4097165996319,3.87636090524029,0.0107272304059006,0.0243481247704476,0.900618706597015,0.0196310576205235,0.0196607830760139,2.33646974549629,40,30.2400303725153,0,2,2.42949266289361,0,0,25.3813339176122,0
30.2686512892092,5.73908352414259,0.353442588122562,0.0117299599060789,0.0200284817749634,0.134532143129036,0.0236192830643151,0.0140183421973651,2.06952537456527,40,57.9775774013251,0,2,4.32124324678443,0,0,28.2345261157025,0
51.7870082482936,9.95677542155541,0.114395463257097,0.00651919606490992,0.0340932077202015,0.608743217308074,0.0275116625941521,0.0139756963719428,2.14130240958184,40,66.8497307412326,0,2,4.28853265801445,0,0,22.5137648591772,0
30.25735133385,6.09007144260476,4.22349938331172,0.0126614416437224,0.0297345560970716,0.488594757160172,0.0223675439863512,0.0168655795647809,1.95093737309799,40,64.8798155970871,0,2,2.31502501154318,0,0,27.6843426085543,0
44.8492661840661,9.61619205070263,0.533331863349304,0.00695395999355242,0.014879442749545,0.0435273819603026,0.0128856073759729,0.0138536530543584,1.55417454661801,40,45.2344510052353,0,2,4.53557249438018,0,0,16.2050681153778,0
17.9491955241149,4.06516310683425,2.04697796702385,0.0121393596020062,0.0188273440529592,0.379610791802406,0.0269059091457305,0.0102894552737405,1.9808525708504,40,60.1580861303955,0,2,2.41392425703816,0,0,24.86162318266,0
29.1376212286429,5.61711651983112,0.534893590025604,0.0196081190544646,0.011046323905699,0.125164625933394,0.000236481351663824,0.0290649253971246,2.40508063952439,40,40.9793085884303,0,2,2.72682052082382,0,0,20.8032555598766,0
25.646010226632,5.4434094504999,0.354042837163433,0.0156044149037916,0.0191974253528751,0.794646591413766,0.0149355322130956,0.00287972202965291,2.46048128302209,40,30.9272816590965,0,2,4.94932376220822,0,0,18.1430842378177,0
51.7704379142723,9.95273078271369,2.91107781138271,0.0101237513148226,0.0276592676024884,0.563475301722065,0.0122538482658705,0.0240827947868267,2.205190485809,40,50.3137429524213,0,2,4.60482583125122,0,0,29.0012142900378,0
68.2975760249874,13.852175673918,0.433608220657334,0.0167387038923334,0.0279674848020077,0.485764929093421,0.00835028867217014,0.00359221220904263,1.54901376180351,40,57.829518141225,0,2,4.14084708644077,0,0,28.7367583264131,0
33.6419927039446,5.91265229626998,0.39340712944977,0.00577678648522124,0.00457737822970375,0.33461221284233,0.0162700949171837,0.0142961076006247,2.08659482724033,40,59.0649333689362,0,2,3.76819468499161,0,0,15.7107855600771,0
39.2882398660737,7.38575030959747,3.68925171741284,0.00672818268532865,0.0192529996824451,0.685813701245934,0.01836994169791,0.00123991327904863,2.41145529923961,40,49.4819764979184,0,2,2.88576140557416,0,0,24.7744547214825,0
63.4302492028878,13.0707435426628,1.84314012236428,0.00830164192710072,0.00415262064244598,0.817797189112753,0.0266503043217119,0.0279990513634076,1.94829630875029,40,67.6887941733003,0,2,2.79704037494957,0,0,23.4015502477996,0
49.8728874715722,10.0457410033069,4.29183728503995,0.00645100859808736,0.0190246971980669,0.0167133293580264,0.0139014111069753,0.00614283309770282,1.68813472124748,40,45.4020831175148,0,2,4.07427495904267,0,0,23.0695453891531,0
29.3999767708816,6.17623402695364,2.98775682889391,0.00936890756944194,0.00105091794859618,0.55997229157947,0.00362817326493328,0.0202236646515946,1.69350487901829,40,56.0479370877147,0,2,4.72518541640602,0,0,29.1572083323263,0
21.6217925282875,4.86082905021721,0.923967281822115,0.0136285417235922,0.0170420475900173,0.596704702358693,0.0216094028768665,0.0192815627761162,1.79443475580774,40,52.524943575263,0,2,2.55671731452458,0,0,22.4782674922608,0
22.907994850923,3.2921725206801,4.38239384349436,0.0102238248160575,0.00144256212562323,0.133601390989497,0.0118541421821318,0.0138157651664456,1.70450468524359,40,35.2126600313932,0,2,4.32477068621665,0,0,19.8778725264128,0
63.1650979714871,12.0747088865328,2.44164440617897,0.00722267284989357,0.0139462743988261,0.682040558895096,0.0215115583847673,0.0138610950998496,1.58721311064437,40,37.214138628915,0,2,2.366944527952,0,0,22.2493700066116,0
28.2053065430878,7.05609928992216,1.82146526884753,0.0152776155876927,0.0121985709336586,0.291568360989913,0.0097467855689209,0.00461708476165775,1.67000662372448,40,48.7360728438944,0,2,2.32221493963152,0,0,25.3981088858563,0
49.8402634070422,8.2113118051579,3.94239835278131,0.0158806703868322,0.0333749013338238,0.687301096739247,0.000463066192308906,0.0158971953564184,2.38957073399797,40,69.9871916044503,0,2,2.47079354152083,0,0,26.5007356612477,0
36.28304627415,6.97884071471615,2.21235553803854,0.00590555420261808,0.0196863100645132,0.845848293509334,0.0280155390971876,0.0190703456686367,1.58192732208408,40,51.7128278035671,0,2,4.4000091154594,0,0,19.7311502939556,0
56.9605637545835,11.3453168117263,1.65674336382654,0.0173411230463535,0.00830672055715695,0.53212699573487,0.00411515497008106,0.0141914273055503,2.30691530322656,40,56.0450609773397,0,2,4.64296507067047,0,0,15.4747707489878,0
47.3335732721268,8.78834183947495,2.66916024929378,0.00917408190551214,0.0133477932764217,0.172224272741005,0.00157979856999591,0.0209288227543188,2.20281210471876,40,52.6092310808599,0,2,4.72818908817135,0,0,24.8897483269684,0
55.5129255657342,11.0173313863635,1.82899442024063,0.0158796005591284,0.00955441402224824,0.0374918195884675,0.0158802378339157,0.00291293597364333,1.96082037710585,40,61.4796665403992,0,2,3.79465172090568,0,0,18.1863375753164,0
70.9044321221008,14.3786406595391,1.24112927459646,0.0168519184365869,0.00196858245832846,0.0667663016356528,0.0256578268995532,0.00784016423049616,1.58691276260652,40,63.5020563844591,0,2,3.24741157703102,0,0,16.3687313266564,0
73.5939282366555,14.8314303160677,0.593185777659528,0.0140703941858374,0.00174048754572868,0.418811587616801,0.000146585792284459,0.0250442015852686,1.60617602150887,40,39.2839157022536,0,2,2.00768309552222,0,0,29.7321697894949,0
56.953934648773,12.0197445946138,0.00309684500098228,0.0168216114409734,0.00522419381141663,0.714018911821768,0.0262920286456752,0.00478111789023969,2.1620262528304,40,48.609222099185,0,2,2.83123204461299,0,0,19.0088748733979,0
29.2377435040353,7.00455404899584,2.19659656577278,0.0108423438668251,0.0037622151831165,0.0092871799133718,0.0121020689281356,0.0228814856569096,2.26979100774042,40,50.9744010865688,0,2,3.37015159474686,0,0,19.6910931158345,0
51.9295771941297,10.2212955191247,4.20588556397706,0.0182154866016936,0.0083100812076591,0.572498507564887,0.0136445098043373,0.00276523719924735,1.69759078975767,40,38.6868191324174,0,2,4.36355081573129,0,0,27.8622077987529,0
23.9235769271026,4.80411820199516,4.30713416193612,0.0136510241951328,0.00948881020210684,0.255078713642433,0.00184275791272754,0.0121825736707007,2.06508946279064,40,61.9120967295021,0,2,4.31620616023429,0,0,18.1226290692575,0
45.5780374924494,8.75748753708958,1.6451030052267,0.0197548554034438,0.0287365466482006,0.212804486742243,0.0241152805513144,0.00574327497506747,2.30772035149857,40,66.7252599447966,0,2,4.81796646071598,0,0,29.8334070621058,0
13.9118011007352,3.03542799689976,4.35332780575845,0.0193302630889229,0.0270586296287365,0.554110575933009,0.0215153095792886,0.0131414950368227,1.95869996747933,40,34.1651469841599,0,2,2.78862124634907,0,0,26.6790046705864,0
64.0328261778673,14.5858494639724,1.06519015564118,0.0199407757178415,0.0222164734252729,0.481580801773816,0.0208642413357203,0.0257391954305209,2.34954419452697,40,69.8790786881,0,2,2.97918899985962,0,0,20.0298783334438,0
41.011523894994,8.23835644981392,0.721445212606341,0.013297673255438,0.0142190498155542,0.787291520973668,0.0211553593243123,0.023655615663873,1.64614727324806,40,44.3614348117262,0,2,2.84365840046667,0,0,24.321064328542,0
72.2138443046941,13.9723280485765,2.75981336412951,0.0183317983674351,0.00794015255663544,0.561047974973917,0.00713214720364194,0.0204078183954558,2.00827219197527,40,45.2779728639871,0,2,4.0069070153404,0,0,24.6896657114848,0
42.6553071451805,8.67188793289381,3.29781181539875,0.00655706553836353,0.0165144524634816,0.641650065081194,0.000913106269328855,0.0229916199071822,1.83332869806327,40,35.822141552344,0,2,2.21897833235562,0,0,15.8161107671913,0
40.1699138061484,7.54288316218511,1.2080766109284,0.0195162388600875,0.00280886335251853,0.221652428852394,0.00731366114406148,0.00531462360073114,2.1536225755699,40,63.0563740618527,0,2,4.89444438484497,0,0,28.3137918531429,0
23.4170083033517,4.27620202860555,4.20795948256273,0.0133843400981277,0.0132269347845577,0.250811740057543,0.0187381615541154,3.693071533693e-05,1.99478548695333,40,57.4123340286314,0,2,4.51828942424618,0,0,24.8801341233775,0
11.4766659834784,3.04569128844077,3.69565809925552,0.0112980145215988,0.0157528872429393,0.642352223396301,0.00065662477402715,0.00171480624783551,2.10886119864881,40,64.4186177477241,0,2,3.21225621900521,0,0,21.1693891393952,0
52.4940477239401,11.0607006332588,3.21389434975572,0.016575514995493,0.00788171915756539,0.630947393365204,0.00819544466127874,0.0270468982855882,1.6857634447515,40,53.615773357451,0,2,4.30739207216538,0,0,20.1982389308978,0
65.9443540225218,14.6463446753307,1.46195184113458,0.00900476930197328,0.00228636174183339,0.243991957744583,0.0282939763374231,9.05146299139597e-05,1.5797273113858,40,62.8495492134243,0,2,3.07618450978771,0,0,23.3680228760932,0
33.1087967883745,5.76589379026049,0.763189700315706,0.0120224634325132,0.0162380908308551,0.886133402120322,0.0299655731729697,0.0185650437883521,2.01975392620079,40,33.04981155321,0,2,3.49172803736292,0,0,18.3454201568384,0
53.038946439688,11.04733629966,3.61770792107563,0.0167153625725769,0.00958238584920764,0.365740499692038,0.0270806447708467,0.00524275729381712,2.28949935920537,40,43.6916894186288,0,2,2.75196077441797,0,0,26.6312438074965,0
41.3357130277777,7.85910888273931,3.5267998916097,0.00880393004510552,0.0164779767799191,0.250227528391406,0.00449199477203656,0.00790785519936355,2.00580029282719,40,41.4623396191746,0,2,4.32486512651667,0,0,25.9305978671182,0
45.1277003625744,8.26952598168849,1.83451482234523,0.00507433170918375,0.0138878514412791,0.771213552681729,0.0269416443008371,0.020512076355496,2.28084613289684,40,59.8726228158921,0,2,2.41843207948841,0,0,15.1287895033602,0
61.729750734386,12.4054170217186,0.437854989431798,0.00697809290024452,0.0302817270527594,0.422439490444958,0.0152994530067244,0.00629765877231024,1.6425214537885,40,47.764444462955,0,2,2.93588063516654,0,0,29.4588408723939,0
59.0017158328922,11.8135354393081,0.737753913039342,0.0192905372160021,0.0312343470347114,0.387616110267118,0.0148126480937982,0.00348843782135984,1.68190062465146,40,65.6039319280535,0,2,2.26252856035717,0,0,26.0211802460253,0
33.1021833568503,6.95097092832551,2.83875638816971,0.00534706253558397,0.025591872329358,0.586191643960774,0.0186213769515022,0.0209906336134765,2.3074388189707,40,34.7492791712284,0,2,4.34369268175215,0,0,18.1483065406792,0
53.305028461603,10.5023974607678,3.46277016762178,0.0173522791673895,0.02870445243828,0.047471190104261,0.00841809182334458,0.0186017543834914,1.65962018701248,40,69.9440037272871,0,2,4.17051130812615,0,0,17.884358234005,0
55.6976590706132,11.5499679948969,3.84837040188722,0.0166877254226711,0.0213128071031533,0.315421456703916,0.0029850817936752,0.0291144243632955,2.16779485694133,40,55.8167215343565,0,2,2.20431752735749,0,0,15.2668545185588,0
36.6697984027348,6.98945790002209,4.46710006927606,0.0111786307464354,0.0207467294544913,0.395739694591612,0.00148271583667956,0.0287530783442385,2.14152821293101,40,56.2119944486767,0,2,3.15538909845054,0,0,23.1493356311694,0
58.6226788897186,11.5884230954691,1.61072889261413,0.0179999375832267,0.0105402709553018,0.364378872560337,0.0183495882132207,0.0255565959485737,1.75835977471434,40,46.5904310438782,0,2,4.57825324381702,0,0,16.0844522702973,0
44.5160487029544,8.44796441784342,0.722153852228075,0.0177225296758115,0.015092812763527,0.0445697489194572,0.0084925398106128,0.000467777081120294,1.63872127444483,40,51.1407379712909,0,2,2.23607287672348,0,0,20.6047714606393,0
50.6314637510649,11.4991995416169,1.22170393215492,0.0192062735382933,0.00324565035803244,0.839278767351061,0.000760308855860494,0.0098666865787073,2.1124426254537,40,65.3947725519538,0,2,2.43025030242279,0,0,26.5801872918382,0
33.3805638173521,7.83027220770005,1.48365907289553,0.0152155108051375,0.0116342710275203,0.299154846929014,0.00546934838388115,0.0135748688910715,2.06956316577271,40,36.8556870892644,0,2,4.08782031643204,0,0,22.0426323276479,0
60.5441857145696,11.6415846031042,0.609374498482794,0.0157161159836687,0.0248341494943015,0.86678824480623,0.0193055218752869,0.00687959028059617,1.59684209828265,40,41.7218162398785,0,2,3.39790854160674,0,0,17.6240012096241,0
51.0201266314995,10.5281967522883,0.545056945178658,0.0185123062529601,0.0256986318123527,0.262057275278494,0.00259039232451236,0.00494783419113606,2.23713035485707,40,50.2138201892376,0,2,2.81824213080108,0,0,27.3244060249999,0
16.2600099134281,3.21229721023132,2.67946740228217,0.00579869966488332,0.00419902633316815,0.327680628746748,0.0285943384944531,0.00480887117574457,2.19708117842674,40,52.3632257524878,0,2,3.50224926625378,0,0,29.7162524994928,0
67.1958692041886,13.8523497240004,4.24937831866555,0.00920396502129734,0.00377588494168595,0.999249577289447,0.0186359773537773,0.0249291189473169,1.89423228404485,40,60.3964090999216,0,2,2.12996384990402,0,0,24.3941235356033,0
65.2261180313054,13.0730645004776,4.06614737561904,0.00862867465475574,0.00815071170311421,0.890376249328256,0.0244200941031263,0.0239636176063889,2.3695457004942,40,34.7868707589805,0,2,4.36672534770332,0,0,22.5939157465473,0
60.6564115134159,11.5122601012812,2.47787333233282,0.0125296954100486,0.013294675800018,0.68835947685875,0.00955400192213477,0.0150641934069898,1.942979804473,40,59.8878698516637,0,2,2.75759839499369,0,0,19.5625774457585,0
32.9025062576091,6.43329950926236,1.74062879802659,0.0183977311651688,0.0166745338202454,0.0669150433968753,0.0240261436504475,0.00840245101501001,1.60377108189277,40,57.0694884192199,0,2,4.12316234223545,0,0,16.9036909542046,0
71.822617962154,13.5960275350929,0.0449100339319557,0.0107765928586014,0.0312888263342902,0.670761248096824,0.0201717264080304,0.0191558324549696,1.74656905210577,40,37.2967786341906,0,2,2.42736830655485,0,0,23.182184753241,0
74.2989793084369,13.8666963583674,4.21248220978305,0.0193813978182152,0.0326823558709584,0.132640336407349,0.00374606135433307,0.0193343427919736,1.66410956159234,40,44.3494540825486,0,2,4.6565995584242,0,0,24.4666389282793,0
54.2814722733835,10.9412527164266,0.063082201173529,0.0197187695396133,0.00807175209047273,0.579337205504999,0.00658150523726595,0.017102318964079,1.87810477125458,40,50.0761133432388,0,2,3.40429696068168,0,0,27.228318862617,0
32.2464196418714,6.88234038127014,1.63222510472406,0.0133534383086953,0.031924840203952,0.536779724759981,0.0183091884289682,0.0182291058817855,2.23448212468065,40,31.0852669458836,0,2,4.20355697604828,0,0,15.2809547656216,0
13.1611989930773,2.86265492793796,3.71779672033153,0.00523679711855948,0.0031563233579509,0.29833502182737,0.0294102039645542,0.0177406606395287,1.78428135463037,40,35.5767410434783,0,2,4.31853352906182,0,0,25.522199710831,0
41.8213217510356,8.85887194239122,2.57143046648707,0.0155564757226966,0.011624780823011,0.422873225761577,0.000128076626339462,0.00219040758651448,1.87979008862749,40,50.2845713496208,0,2,3.01546992035583,0,0,20.7859757740516,0
74.0193075119699,15.0458082037756,2.77916328096762,0.00961609276128001,0.0180123859024607,0.00371236284263432,0.0298541480092029,0.0188758781141695,2.49436713382602,40,56.3113004807383,0,2,4.51841393951327,0,0,16.0874364338815,0
36.6645318248437,8.06497598764002,1.72107003978454,0.00894776636036113,0.032982089091558,0.56552822724916,0.0149757004197175,0.017955822226631,1.76086899568327,40,55.6011275760829,0,2,3.21566778421402,0,0,21.6281602566596,0
49.7356741879222,8.71994231028816,0.104847770417109,0.0148405240778811,0.0219461545292288,0.965061872731894,0.0279956999641168,0.00497117121127434,2.22625846927986,40,51.4473990723491,0,2,4.06061816983856,0,0,15.0234442285728,0
58.1261702413855,11.7898112178277,3.2254997799173,0.0103106713772286,0.0347398618501611,0.350054496899247,0.0102060824389034,0.00709383650587872,2.10295226215385,40,60.2908249851316,0,2,3.48726109764539,0,0,24.6834814595059,0
53.4352204721092,12.0641074010957,0.514209321350791,0.00890411539236084,0.0335055633075535,0.302839771611616,0.0138082701510191,0.0270017476232257,2.37024735845625,40,65.5140045285225,0,2,2.6587736569345,0,0,24.7159996500704,0
33.1389365102542,6.98412953989913,3.34007572755218,0.0107126796105877,0.0151345157236792,0.0640300635714084,0.0149255063435948,0.00811376666886033,2.16631690692157,40,57.3810472246259,0,2,3.99857350578532,0,0,25.5783116316888,0
31.710890613087,5.52190450678229,2.94665546366014,0.0172507478785701,0.00719045721832663,0.194332250859588,0.0222399121450749,0.0281071964759985,1.81908765039407,40,52.3947887215763,0,2,4.05771858734079,0,0,20.3647269553039,0
20.929408697344,3.1150490407759,2.3666292069247,0.0196951014024671,0.0207936387131922,0.652411977760494,0.00938241777076386,0.0241839614141779,1.72407230478711,40,49.3308648560196,0,2,2.9092045549769,0,0,22.7043691941071,0
19.0934291257113,4.53175507208434,2.33032202732284,0.0162159693962894,0.0111738506201655,0.264357446227223,0.00241134898538934,0.0132066608773405,1.91783761396073,40,63.7186305783689,0,2,2.42044612159953,0,0,24.8591622035019,0
72.4577928675993,14.5698339841313,0.937910406966694,0.0120402791642118,0.018717960304115,0.395508158719167,0.00209983415720053,0.00421926742688985,1.53024837048724,40,65.7746511138976,0,2,3.04715700261295,0,0,19.5407626521774,0
47.3015375056287,10.0518816522609,0.139542432152666,0.0131541431311052,0.0313454720322043,0.858804225921631,0.00274156876439229,0.0128445389527711,2.49698065826669,40,58.9016701746732,0,2,4.28321742778644,0,0,24.3471880978905,0
59.7593625387095,11.8583637343838,4.04571568092797,0.0199334611173254,0.0306842132355087,0.885407365625724,0.0163688770385855,0.0288877779012849,2.18883658782579,40,67.9201816860586,0,2,2.61884036683477,0,0,27.5650992337614,0
48.2828867881627,8.57528380633923,3.48359242652077,0.00606649209745228,0.0144091733498499,0.772072601830587,0.00983278200758854,0.000994129022390116,1.7031872193329,40,37.9165696725249,0,2,3.30459240986966,0,0,19.8054582544137,0
53.7046112973122,11.9629777202243,0.748057854711078,0.00795399997849017,0.00253272509248927,0.922933364054188,0.0153079381884681,0.00805810754918493,2.29248166992329,40,33.581976396963,0,2,2.18669835408218,0,0,17.8045704506803,0
67.455108233428,13.1760045502685,1.50826014729682,0.0136279183230363,0.0220638869446702,0.906846943078563,0.0286368130299356,0.0169724584054411,1.76020934502594,40,32.7176402881742,0,2,3.02661280566826,0,0,24.6819782629609,0
49.7366459409567,10.6046360075466,2.56661353132222,0.0126161563862115,0.0117299756687135,0.382723163347691,0.0148296437761607,0.0140834552913904,2.09774402133189,40,56.9341718312353,0,2,4.84454011055641,0,0,24.3976877757814,0
74.5329634932861,14.2052632735652,4.01976703014225,0.012974807259161,0.024151650256943,0.610057590762153,0.0123546535930154,0.000373367472169921,1.94369325228035,40,49.3509205523878,0,2,4.18992597865872,0,0,25.7705364818685,0
33.4016492673491,5.79027212057142,0.178877135273069,0.00513310762587935,0.0139955142149702,0.906486304942518,0.0138186941119982,0.0160036770622153,1.63118387479335,40,52.9853489249945,0,2,4.20045473380014,0,0,19.845463691745,0
40.9419422692555,7.37935892781052,3.03196810337249,0.0139028691663407,0.0316276078191586,0.454220084939152,0.024665097887658,0.0125884050648147,2.36528282845393,40,69.437179621309,0,2,3.91604367364198,0,0,27.4874959979206,0
61.1469200824552,12.68750420201,3.58663783210795,0.0170560418104287,0.031364466579631,0.93223972665146,0.0170982079915563,0.0140744525250886,2.16002088668756,40,30.2798441797495,0,2,3.2028635002207,0,0,21.8753544590436,0
32.6967584648858,6.40933905138738,3.96700774726924,0.00931054819142446,0.0288943724380806,0.401202972279862,0.0144127031007083,0.00205657809522003,1.50134536088444,40,61.0935729555786,0,2,2.08162240521051,0,0,23.0974757485092,0
71.0443936389182,14.7339662772869,1.15474734606687,0.0187569453893229,0.0256451537036337,0.0254516659770161,0.0041533521099668,0.00583378707628464,2.11427409714088,40,58.5384769178927,0,2,4.13480573543347,0,0,16.7054456064943,0
53.2312014183614,9.68580056855052,0.111448406009004,0.00516472810064442,0.0174444008432329,0.05971455341205,0.0109364560672757,0.00631220603706781,2.47999249375425,40,57.9866901785135,0,2,2.07050014985725,0,0,17.8640317346435,0
57.6989839204465,10.8109158870495,2.50059556332417,0.017071951291291,0.00678776375669986,0.795086450176314,0.0020922257444961,0.0213522214187123,1.95775169879198,40,44.5457867346704,0,2,4.70427469839342,0,0,16.7408764804713,0
46.9328421867671,9.49755139852469,3.4755811082432,0.0150039171543904,0.00435480533121154,0.602412083186209,0.0173732251028577,0.0130605895354296,1.63702221843414,40,59.5533320493996,0,2,4.94160188781098,0,0,21.3187215174548,0
19.829647252553,4.5848127695441,3.94376489007846,0.0138517137127928,0.0136496771182865,0.0612143166363239,0.0088073058798071,0.0292788674467779,2.27916876180097,40,54.7043700702488,0,2,2.37739220773801,0,0,26.3457325904164,0
28.9188843584562,6.24922748295094,3.84050264989492,0.0121748067997396,0.0169255335554481,0.367917347932234,0.0134264018012397,0.0210179604721488,1.60999334137887,40,66.0562746226788,0,2,3.7216396802105,0,0,16.6205441148486,0
38.0163619420576,8.31776501168747,4.36035958025604,0.0123962937644683,0.0332828954774886,0.630922832759097,0.013340086279111,0.0153278602956678,2.30807086336426,40,49.0748485457152,0,2,4.43075334606692,0,0,28.5582556226291,0
19.9955812441069,4.55297535431707,3.14964102592785,0.0176404024788644,0.0271908148853108,0.350872797891498,0.0278124982127477,0.0275888979898533,1.86607114085928,40,68.172974428162,0,2,4.73550687800162,0,0,23.3203714212868,0
51.0926515810462,10.729599871436,1.65564478235319,0.0110026356461458,0.0113991940133274,0.30937503487803,0.0245397718445654,0.00466449901942396,1.64976693945937,40,51.0972859244794,0,2,2.33673467650078,0,0,29.0017588622868,0
32.4467123313255,6.17291710621244,0.595350274234079,0.0186279397865292,0.0315713224448264,0.853758969577029,0.00280839250942227,0.01005558689242,2.24490201543085,40,63.3019293658435,0,2,4.76827462855726,0,0,16.1380653781816,0
37.7126291606028,7.56237354406667,3.379055825877,0.0159144298359752,0.0208161806315184,0.424386619823053,0.0177769986855076,0.0150079232128453,1.51943633845076,40,32.6513907685876,0,2,4.08774259733036,0,0,23.028868973488,0
52.3621333785667,10.1781092867291,2.16428073321003,0.0187712680816185,0.0263985855714418,0.887093198951334,0.0163089926972333,0.0124804638718115,1.69726107898168,40,66.0717971995473,0,2,3.41818254790269,0,0,29.7418073681183,0
56.7169623950415,10.9953936285687,3.96411225234624,0.0176663344562985,0.0338252311293036,0.812191316159442,0.0012516960871499,0.0121681620357907,1.56197565421462,40,33.9705493859947,0,2,3.85810022102669,0,0,28.2934097747784,0
40.0243795063746,8.02646867100473,0.124277102644555,0.0185900097293779,0.00317321517737582,0.99293015524745,0.0147002762443083,0.0122677669996815,1.53032880928367,40,63.9865726325661,0,2,2.28930508787744,0,0,15.4529055941384,0
53.2065478980924,10.6039570115073,0.446589211234823,0.00711785740917549,0.0227276865462773,0.444193438393995,0.0104330733172153,0.026389404061276,1.81172360898927,40,37.1600209455937,0,2,3.45625020936131,0,0,28.1565921474248,0
59.718822208062,12.5149432027346,1.27688566676807,0.0173068122635596,0.0197075596484356,0.679008254082873,0.0133928466948355,0.00934604194198502,1.81211766880006,40,66.7942372988909,0,2,2.23077784338966,0,0,21.771400681464,0
53.2643246827759,10.3039394141873,3.60508586768992,0.0132618708291557,0.0199604275058955,0.0600248100236058,0.00858764244870283,0.00542654737735633,2.46925756940618,40,45.0029523484409,0,2,2.26586670218967,0,0,16.7854538513348,0
53.7825762336133,9.65522427153574,1.02226851973683,0.00707676911377348,0.0053842031462118,0.462217056425288,0.00783485778951552,0.0113842978221527,2.12863618531264,40,65.0562456436455,0,2,2.02400486404076,0,0,29.6778611128684,0
27.1786569359861,5.15010128518783,0.189964730408974,0.0179233353352174,0.00590522311348468,0.898311379365623,0.0245272872790857,0.011662765541398,1.75448903092183,40,60.2508834097534,0,2,3.12120437598787,0,0,17.2528144950047,0
24.5220584318551,5.58092984475691,2.85759036010131,0.00874254433205351,0.0117620088364929,0.181851562578231,0.0229062195513607,0.0228683760517789,2.30652507697232,40,32.1949320286512,0,2,4.82651864294894,0,0,17.0753031293862,0
40.1424529289305,7.99418335977979,2.27786289097276,0.0197441567177884,0.0242978593972512,0.107323717325926,0.0138276664970466,0.0254130363912811,1.60443631769158,40,43.7496375665069,0,2,4.03612905740738,0,0,27.7410456980579,0
62.8829820269984,13.2065502938055,4.43144677241798,0.0108343821554445,0.0056239673672244,0.48670308245346,0.00210479852803051,0.0288155941378535,2.37279782886617,40,39.0455060359091,0,2,3.41205709986389,0,0,17.9696121113375,0
18.4093594428492,3.84584013305002,1.23028214892838,0.0144043033604976,0.0314261490972713,0.927929314784706,0.0248262765330379,0.0177283384262724,2.2219573026523,40,58.7949035968632,0,2,4.93565672822297,0,0,23.2077888795175,0
69.5753135842176,14.1471752192148,2.84313709242269,0.0106289970711805,0.0335084223058075,0.95733802835457,0.023240459347656,0.028249942582387,1.83216046448797,40,46.2198161985725,0,2,4.42573213623837,0,0,15.2977371867746,0
69.7530658727935,14.3580481752816,3.11977148742881,0.00810399721609428,0.0203959874939173,0.751560128061101,0.0220503980755783,0.026479764612338,2.3047389741987,40,38.6126788333058,0,2,2.37714121094905,0,0,19.4976430828683,0
9.33248583105826,2.10726290326528,1.52110480098054,0.0118493761331774,0.0155168557832949,0.406618712702766,0.000437928522550501,0.0136395506913983,2.42826299695298,40,49.6732789557427,0,2,3.25647081271745,0,0,15.9648286888842,0
44.471378290923,8.67355014729497,0.499230981920846,0.0194108687574044,0.0147850957596675,0.630433224141598,0.00201284189631697,0.00142271695290459,2.22625659755431,40,67.474921150133,0,2,2.14110867073759,0,0,18.7407267198432,0
48.8091731289559,9.21112000911397,3.69979377323762,0.0156969193753321,0.0339343719524331,0.956246613524854,0.0281946126011037,0.0216307489717798,2.38450406095944,40,69.0079436358064,0,2,4.68914046743885,0,0,17.2207021841314,0
27.3332189465442,5.49365753366036,3.83984535571653,0.00582599598215893,0.00974239306244999,0.00423103338107467,0.0277549068704899,0.00700500959015684,1.53119782661088,40,49.8365089390427,0,2,2.41365609201603,0,0,15.5145021155477,0
65.609037953243,12.0260363473696,3.50275429850444,0.0179636803688481,0.00238550345692784,0.411862402455881,0.0227628058184986,0.00839681262863567,1.82193788606673,40,56.0669854190201,0,2,3.8517788934987,0,0,15.8451783866622,0
52.677386328589,11.4877608354544,4.48795456392691,0.00809446632512845,0.0156988115608692,0.0503404580522329,0.0103746286534588,0.00725094256203854,1.65307325893082,40,45.2574083022773,0,2,3.08161877910607,0,0,19.8890634672716,0
59.2458693188266,11.6865847067013,2.69199988350738,0.0180049976054579,0.00836709514539689,0.583295017015189,0.015621172640291,0.00198349348677555,2.31933868676424,40,64.2767939064652,0,2,3.86427737493068,0,0,24.6994040824939,0
38.5926469549176,8.22043000595276,1.60764709208161,0.00979780278983526,0.0299968115249649,0.0355106657370925,0.0267164997103601,0.0136450186117785,2.11503030289896,40,64.1854051593691,0,2,2.79757497832179,0,0,20.3535203821957,0
54.2139586335849,9.53545269153993,1.14984162035398,0.0196978240751196,0.027750245408155,0.993447819026187,0.000237675786698237,0.0209427564169094,2.35464544221759,40,45.7245422620326,0,2,3.17752078454942,0,0,28.94343556487,0
33.3200396954307,6.44346064280103,4.05015918973368,0.00889232912333682,0.019800486527849,0.0242162707727402,0.0200685003073583,0.00312732999244705,1.53603474213742,40,42.0525183156133,0,2,2.22818002966233,0,0,18.4872344322503,0
66.7241540788967,14.3684908269234,3.2404281537747,0.00642310538212769,0.0111071629081853,0.510835871798918,0.0139764956691349,0.0193064859965397,1.58355430443771,40,52.9723795317113,0,2,3.3948338793125,0,0,17.9457507119514,0
62.2657323737407,12.7255433903726,0.0126036739675328,0.0126663999760058,0.0317264624992386,0.0494752090889961,0.0218259835219732,0.00859938725754386,1.91772006172687,40,56.8420797586441,0,2,2.07440084801055,0,0,20.2721295284573,0
46.3448658733616,8.77992749345965,3.39802905055694,0.00844234155258164,0.0342000640742481,0.0731528119649738,0.00691215748304268,0.0283480361365247,2.43604827136733,40,47.1583685744554,0,2,4.46823809575289,0,0,16.9454701000359,0
50.2792681741476,10.1235541527774,3.35263080953155,0.0178675607754849,0.0289508052682504,0.624391342513263,0.0198282100929529,0.000955050218668766,1.72254922427237,40,31.6288572736084,0,2,4.88021648977883,0,0,23.4035091369879,0
29.9831257399837,6.31947238858138,2.76662229525391,0.00667437068885192,0.00974700884893537,0.250269212760031,0.0263574431153107,0.0129394969604537,1.96890635439195,40,47.5114153325558,0,2,2.01038613915443,0,0,28.1826401024591,0
59.0427728843703,12.2295771551059,1.14732820505742,0.0164669971214607,0.0124432757445611,0.483268132898957,0.00377541614596266,0.0219789353135461,2.33357556210831,40,36.9790340680629,0,2,3.45775732863694,0,0,19.0326549857855,0
38.615453566844,7.12347782868091,4.37744082184508,0.00683941448689438,0.00152714668726549,0.145274886628613,0.00154762794380542,0.00130758644230897,2.19228802970611,40,68.5291299875826,0,2,2.58840736886486,0,0,16.0608007607516,0
56.9602460732261,10.6342993965979,3.52198593306821,0.00991781250457279,0.0100627241940238,0.187894081696868,0.022726960478106,0.0101142777274223,1.82027058722451,40,30.8133788593113,0,2,2.67598011158407,0,0,28.2735025766306,0
74.3975025614493,15.031149819947,4.45251738186926,0.0082599481579382,0.016753495269455,0.535791562637314,0.00161021303265356,0.0183675677356729,1.96525105298497,40,54.8460226599127,0,2,2.40436643222347,0,0,24.54561465187,0
35.0773908613088,7.07356455249284,4.0763544801157,0.00802787950495258,0.0214464913317934,0.857059193076566,0.0234337236410938,0.0177812019259878,1.6305736633949,40,41.6774899046868,0,2,2.78690072661266,0,0,17.6535557128955,0
24.1199506903089,3.85053564871656,0.725777155137621,0.0054128645232413,0.012748231286183,0.283562935190275,0.0123395531883463,0.00195419225860154,1.74479741649702,40,55.7007130049169,0,2,3.041243563639,0,0,26.6993382491637,0
56.466192484061,11.0549382251721,0.398473366512917,0.0139963999844622,0.0236985092139803,0.216938465135172,0.00460488373825094,0.0136550595357455,1.70956329302862,40,55.2511232718825,0,2,4.9080950350035,0,0,19.7580740356352,0
22.3872590094934,4.68997748107141,2.95176268194336,0.0157103626977187,0.0161296897963621,0.647299353033304,0.0143452876578993,0.00396713040893665,2.43654771335423,40,49.3312244676054,0,2,2.47213680297136,0,0,29.6997649990954,0
30.9082876289368,6.24923556344541,1.66957207617816,0.0150168353505433,0.005376036291942,0.336221671197563,0.00449998240925837,0.0217383128255652,1.9099526188802,40,45.1089116185904,0,2,4.70803528814577,0,0,22.275679379236,0
64.3933151203957,12.4910376216844,0.490059264586307,0.0199489144724794,0.00795193596975878,0.947793049970642,0.00796363846950699,0.00966545912202913,2.40558811929077,40,40.9836908616126,0,2,4.25727244652808,0,0,25.2008115523495,0
7.23263344775161,1.684848511418,3.79679266142193,0.0119935262494255,0.00749643352767453,0.29383478499949,0.0263307746660919,0.0198078169052512,2.12733407155611,40,39.1637850552797,0,2,2.70486049470492,0,0,20.1717029744759,0
31.7337552391746,6.69739583431618,1.31842617981602,0.0181457864423282,0.00937975018005818,0.164459508610889,0.0128118220086605,0.00979308217222337,1.64236499508843,40,46.790277203545,0,2,4.69567398005165,0,0,18.0506144429091,0
66.7015785409716,13.4095954714195,3.67539692181163,0.0151971013657749,0.019030376420822,0.0690911551937461,0.023730805523505,0.00104519209592836,2.45649674278684,40,63.0455931089818,0,2,4.7911197731737,0,0,15.6480599858332,0
55.7758672315775,11.5462026823939,1.49377831094898,0.00665684944833629,0.00827505148900673,0.156637352192774,0.0118937795582204,0.00253578504838049,1.99365554517135,40,34.4920345488936,0,2,4.46914855553769,0,0,28.6640037875623,0
40.1767182877185,7.60894241504115,0.946586426929571,0.0156979054398835,0.00187886734073982,0.977362206438556,0.0287020340678352,0.00301992397314869,1.93370224256068,40,38.1568840984255,0,2,4.69992393883877,0,0,19.119181658607,0
30.6228086227114,6.12917088488981,1.99798254948109,0.0164465968927834,0.0126280839419924,0.398821180453524,0.00899401474224636,0.025585979494513,2.20503267273307,40,49.6884242910892,0,2,4.58346036914736,0,0,15.7894366804976,0
45.6365040458758,9.78452203080605,2.36278409161605,0.0193876775749959,0.0144005993078463,0.949624819913879,0.0177710438900045,0.00530432328049093,1.5655440937262,40,60.6315269786865,0,2,4.01264699362218,0,0,22.2787585132755,0
43.8672281184305,8.99015781131096,4.32287220668513,0.0162555888679344,0.00526176090724766,0.811332353623584,0.00750047089097556,0.0186046613408648,1.53715363889933,40,39.0165816619992,0,2,4.40768713783473,0,0,25.6126824114472,0
53.3222879734594,10.4407036718871,0.0515245373826474,0.0155057756195311,0.0290301423193887,0.0428985878825188,0.029272859262384,0.000993527067184914,2.49927277280949,40,58.6159886047244,0,2,3.81038776482455,0,0,25.1801518513821,0
46.5222330824346,9.17249371076944,0.914532386348583,0.0191958195029292,0.0305030804225244,0.646551635116339,0.0131367947824975,0.00538161506759701,1.82631724025123,40,65.3118960093707,0,2,4.42044020630419,0,0,23.0443408840802,0
5.87030813580756,1.03615080365886,1.7642998091178,0.0137548102368601,0.00725507592549548,0.372384299291298,0.00619089378977893,0.000502817084379494,2.12169888080098,40,37.2933422401547,0,2,2.01496697147377,0,0,19.1050859238021,0
17.9879307747973,4.21051423709518,3.13435585540719,0.0104274270066526,0.00744561217306182,0.54159423452802,0.0250153005573153,0.00597780851800693,2.18385155592114,40,67.3799822572619,0,2,2.48721202393062,0,0,15.1550903019961,0
68.4145713658129,12.8224750138529,2.29074170615058,0.0149609602463897,0.010933304511942,0.024948213249445,0.0282607831247454,0.02514279991091,1.96524080610834,40,52.9507818259299,0,2,3.45546909980476,0,0,16.0751122317743,0
41.4896253121079,8.99962919171134,3.52978842775337,0.0197014215216041,0.0315866827960126,0.941995658446103,0.0290639395879442,0.00330440472968854,1.86451032571495,40,34.8368601966649,0,2,2.11082939617336,0,0,22.0934297377244,0
44.4148699272551,9.52743526336606,4.34320017741993,0.0177008240390569,0.0316490410915576,0.661361626815051,0.0117686386655108,0.0138429855685355,2.49126078560948,40,36.4600443001837,0,2,2.32991401664913,0,0,20.5191940802615,0
45.4161964414253,8.90221470362501,2.68027166475076,0.00621332316892222,0.00347978070843965,0.394102977588773,0.0253774820713163,0.0191257567247842,1.52046262007207,40,33.9138037804514,0,2,4.95231240661815,0,0,24.8211209918372,0
73.3433909847136,15.0333988316917,3.28936476598028,0.0196732975298073,0.0125272134067491,0.548689233837649,0.00995258032440906,0.0132740776398592,2.15953069622628,40,63.5328695829958,0,2,2.89328490267508,0,0,18.1478224892635,0
7.27950922603989,1.25462271949092,3.20504359120969,0.0154266791965347,0.0282057815100998,0.967736558523029,0.0155514795181924,0.0243257167537464,1.5689540868625,40,42.5534323323518,0,2,2.81394500844181,0,0,22.5968658202328,0
46.5458004423233,9.80827192419679,2.08373942482285,0.00933108269120567,0.00890068858256563,0.30205657123588,0.00995621606178814,0.0114300929706823,2.08722942019813,40,63.0435491912067,0,2,4.13040722697042,0,0,27.7510012232233,0
60.8194704847753,11.5762113148446,1.15969931683503,0.0116941246646456,0.0102882163254544,0.0654456492047757,0.00345051667536609,0.00975454078361858,1.67801494384184,40,49.0479699335992,0,2,4.86117547890171,0,0,29.0769597678445,0
54.2682346104234,12.152137368682,3.81270756432787,0.0181796644080896,0.00470980251720175,0.036743380362168,0.00447800837691873,0.00435823819993995,1.92120154388249,40,43.5577479097992,0,2,2.11907754023559,0,0,16.4439555373974,0
41.3076592285519,8.17364726707969,1.45500838046428,0.0103738806641195,0.0197792834914289,0.610668279929087,0.0245543675754871,0.025371703230124,2.06916335877031,40,52.0382819045335,0,2,2.15785341802984,0,0,19.8895369679667,0
44.3032747383049,7.94521486338941,2.77374374039937,0.015593435728224,0.0263075536661781,0.238433554768562,0.00996818952953676,0.0209991264132271,1.8443070393987,40,69.3874829169363,0,2,2.9543354967609,0,0,19.7959734883625,0
54.4704243174892,10.6007363510503,1.11644229793455,0.00780283971340395,0.027441759721376,0.817080092616379,0.0278444289101288,0.0112497399488604,1.53458382165991,40,61.5018039382994,0,2,3.3142916073557,0,0,16.240198505111,0
49.9635477139058,9.15730201390553,3.56551697419491,0.00558054329478182,0.0133270620559342,0.884264321764931,0.0105149765121588,0.0186005698078754,2.37451236974448,40,52.7476174198091,0,2,2.49608510383405,0,0,28.2504247385077,0
29.6480776034779,6.67815935241743,0.0637828706530854,0.0192520625342149,0.00710422089323402,0.872576971538365,0.0128085593441362,0.0180594466980849,2.19147677929141,40,36.1918685864657,0,2,3.3446290132124,0,0,20.8287274860777,0
32.6145647224912,4.85212724106414,1.36831675318535,0.00776345144957304,0.0219447392001748,0.0303119404707104,0.0120511247471743,0.0140889742265805,2.25714055798016,40,58.3544423896819,0,2,2.31818758393638,0,0,28.5158312623389,0
26.6379802010669,5.00620763659195,3.30452231259551,0.0163927662570495,0.0211900373059325,0.0732038030400872,0.0127434131945251,0.0260373276412534,2.35623286757618,40,53.8933729100972,0,2,3.70007128943689,0,0,23.5321452654898,0
36.9076944424359,6.98643634355422,3.63170061050914,0.0189366632769816,0.013669043966569,0.148810437880456,0.00885952281952603,0.0197297246688255,2.22805019258521,40,55.8921851404011,0,2,2.8996135587804,0,0,28.4456157276873,0
41.4698059059059,7.64647710494951,1.52505891455803,0.011143202240346,0.017394037601538,0.265541612869129,0.0267946804441442,0.00660855397235602,1.78596796188504,40,40.4579948540777,0,2,2.51009403006174,0,0,15.1349264779128,0
28.6077241778274,6.04881503704443,3.36631918558851,0.0106435361353215,0.0184502088907175,0.535606667865068,0.0198526552153705,0.0258973198277527,1.85774744697846,40,61.9746121671051,0,2,4.7046849115286,0,0,22.3003965988755,0
10.813467225869,2.34826838792228,1.93512431380805,0.00545665507088415,0.00547664446709678,0.026675084605813,0.0172127399474685,0.0163492688966077,2.32743893703446,40,40.9396944008768,0,2,3.12418455188163,0,0,20.2671687549446,0
63.1399340713726,12.0959983187075,3.71164006576873,0.0186747034091968,0.0252200886812061,0.868241051211953,0.0280116747707268,0.00197017823735718,1.6390635734424,40,32.1901782322675,0,2,4.36303897551261,0,0,26.5850840939675,0
35.986604900622,6.39713287078477,3.36175933177583,0.00610247395583428,0.0254096415257081,0.405528917675838,0.0296529313406278,0.0210775366996904,2.33474793890491,40,58.3413545880467,0,2,4.37382264249027,0,0,26.0766808292829,0
55.9092302311883,10.8869628497378,2.03225510905031,0.00784887991845608,0.0044709781203419,0.260600935900584,0.00338966846413445,0.0227255271407031,1.61143427016214,40,55.7944688666612,0,2,2.25055749900639,0,0,24.7452044882812,0
73.8343361750684,14.571550546464,2.33951576286927,0.0105758394254372,0.00136294530658051,0.308441962813959,0.0143884556344943,0.0100921324051428,1.99315206124447,40,51.9751963671297,0,2,3.43115660524927,0,0,21.9402357854415,0
43.9626014844548,10.0098219349603,3.82865786191542,0.00687764582457021,0.0034637702992186,0.000597031787037849,0.0201947987390915,0.0250850228666444,2.24484567716718,40,33.0301642604172,0,2,4.15614211303182,0,0,24.0133998950478,0
55.9080302028535,11.289828791301,2.050333408406,0.0073762176616583,0.0329160453104414,0.838294280460104,0.00160234758379171,0.0167766540478915,1.859450729331,40,60.440437560901,0,2,2.85477382666431,0,0,25.8483336330391,0
17.728450550391,4.013500692867,0.551179993548431,0.0120703832653817,0.0124045333797112,0.995513290166855,0.013214055301561,0.0131686157694086,1.9988351049833,40,58.8054438307881,0,2,2.4514226000756,0,0,25.462481706636,0
41.3271611680546,8.5137101725891,1.34257601760328,0.0160745430493262,0.031063289381098,0.661083213984966,0.0256503168156953,0.0196582145508612,1.92458236240782,40,38.2023102138191,0,2,2.9639585216064,0,0,29.068097647978,0
38.6362830286326,7.38469300615437,0.658820887561888,0.00849466798943467,0.00944929166557268,0.144552309531718,0.0194004434617748,0.0121615065302979,1.52477828715928,40,47.8001884836704,0,2,3.84704077476636,0,0,27.7697456348687,0
50.8744401515572,10.2092114405613,4.26122079743072,0.0158070574118756,0.0152828786359169,0.383570622419938,0.0192421271480294,0.0264635977705102,1.53022115980275,40,51.3823908567429,0,2,4.98117388924584,0,0,15.5102536536288,0
70.7020704393985,13.0325909501808,1.47145518742036,0.0162667300621979,0.0304748821989633,0.928260024171323,0.00462904678493971,0.0210468190878443,2.44069353141822,40,66.929677054286,0,2,3.58327064919285,0,0,18.207861687988,0
39.1891490052093,7.71308798656034,2.49964495911263,0.0190081633767113,0.0123142486251891,0.913436041446403,0.0118610609243228,0.0246311045678076,2.21237947163172,40,47.1678911708295,0,2,2.74329501460306,0,0,28.8331308402121,0
43.1618576967415,9.20073291400185,4.00959386711475,0.0155745410989039,0.0177561988122761,0.154509387444705,0.00123531203088118,0.00279988955000183,2.25592469144613,40,63.8957883510739,0,2,3.86694769700989,0,0,25.2021151164081,0
61.8834227772708,10.7570013631218,2.46417089563329,0.0141912634472828,0.0226132916659117,0.442633182974532,0.00314688249713974,0.0104017276771693,2.13133256556466,40,63.8798756804317,0,2,4.2157893194817,0,0,26.4838134718593,0
73.7506855725815,14.4924706510645,3.71608214022126,0.0082241411076393,0.00283620613114908,0.576319645158947,0.0201221795552503,0.018007078138385,1.84170977957547,40,63.8962010201067,0,2,3.54439790034667,0,0,15.8596064778976,0
34.5583552961309,6.63432770203417,3.7639070993755,0.0182427057775203,0.011665940800216,0.905867301858962,0.0242904005959956,0.0218672402796196,1.93919015419669,40,49.5544906705618,0,2,4.70095771807246,0,0,28.7567622377537,0
37.3853609205836,7.50138086703588,3.76931790495291,0.0183351134660188,0.00364384342031553,0.239120095502585,0.00715963760856073,0.0162847039359761,2.46073321858421,40,55.6408697087318,0,2,4.09774425439537,0,0,19.2775175138377,0
44.8883715380096,8.40756431456884,2.91509443614632,0.0159421250724699,0.0153676068298519,0.747489603469148,0.0217013820483838,0.0281933748600399,1.50327905709855,40,38.509779330343,0,2,2.42747872625478,0,0,26.2415605480783,0
71.0444631945108,13.5928962234686,1.40670589695219,0.00581013938761316,0.0138566101510078,0.474108939757571,0.0223810782656842,0.0199013230926124,2.09489462664351,40,38.9400997664779,0,2,3.68053805129603,0,0,24.3284738191869,0
38.2380427743405,8.37976493968632,0.852174295694567,0.013318079917226,0.0210897636632435,0.745810473803431,0.0182141288385517,0.00794763961485354,2.11493994412012,40,60.5546630267054,0,2,3.07125246454962,0,0,23.0455945583526,0
57.8548253084145,12.3256382269709,3.94942303514108,0.0110504024743568,0.0344357157046907,0.428903047693893,0.000958640401624143,0.0151807692720275,1.56507995794527,40,54.665031246841,0,2,4.28672821447253,0,0,15.3337204805575,0
35.8835721047976,8.17700724345396,1.53992206044495,0.0129751307761762,0.016718027505558,0.817722657229751,0.0281952345265192,0.0276633848701534,2.21407268475741,40,58.012701459229,0,2,3.98278240393847,0,0,29.572186373407,0
66.6247564446012,11.8044102046034,2.24244159576483,0.0165295255323872,0.0150969792003743,0.0715010147541761,0.022295113318502,0.0151112018924276,2.16969917691313,40,69.8257288802415,0,2,3.74201190494932,0,0,24.0113486268092,0
18.9683338462818,4.58351353781936,0.983441114542075,0.00647745405789465,0.0335171074126847,0.267431598622352,0.00431980594923254,0.00256633717281977,1.69099950906821,40,61.703227981925,0,2,4.66351597104222,0,0,21.260322999442,0
53.8441030179309,10.6436581697957,0.983425930724479,0.0149415397958364,0.00779621241707355,0.44704635348171,0.0115287664988288,0.011189284110365,1.80225891224109,40,50.4830376245081,0,2,4.70184021722525,0,0,20.3362724126782,0
42.1755576174589,8.31276710508867,0.207625381532125,0.0145689036790282,0.0135300225443207,0.0790373766794801,0.0174619534313772,0.00555368684821064,2.3435207977891,40,52.7083919197321,0,2,4.6166074203793,0,0,15.3449649817776,0
51.7966577315816,10.4482871893668,0.928357572876848,0.0186288387142122,0.0160578214423731,0.483075307914987,0.0297516131501272,0.0213440716457274,2.34445780608803,40,60.4691024590284,0,2,3.42761944141239,0,0,15.4268555471208,0
22.6631790863474,3.98318560162816,1.95161349338014,0.0108660110540222,0.00748375231772661,0.791100101545453,0.0120571691572503,0.0166403305566381,2.2180488856975,40,38.0444500036538,0,2,3.42012502113357,0,0,22.8091688279528,0
70.5828143862752,14.183465733246,2.44146801740862,0.0177233372058254,0.00771858373843134,0.799224459566176,0.00585852435729233,0.00628373120552162,1.56900635943748,40,47.8803349938244,0,2,2.58923991816118,0,0,24.1934270225465,0
33.0236860610216,5.49969303706759,3.25676983280573,0.0194489563489333,0.00537582362210378,0.0966295711696148,0.0209088097337843,0.00133422201748937,1.61741721560247,40,32.7487780619413,0,2,3.92651545559056,0,0,15.3929176053498,0
43.1103154334686,8.12942351970586,4.37826810625847,0.00849649718613364,0.0277843605871312,0.222291792044416,0.0279884261990688,0.0243627464742423,2.27819028543308,40,66.7719938512892,0,2,3.03231817297637,0,0,16.4148481038865,0
65.2372689378386,14.1235260605405,1.35978127992712,0.00991830449085683,0.0107134557664394,0.183100634254515,0.0201344795149891,0.0187727215880342,1.66888161818497,40,64.5782036520541,0,2,3.73157364223152,0,0,28.7819398054853,0
71.2659158458223,14.2001517103791,3.31921695603523,0.0167080504971091,0.00939445748878643,0.971161865396425,0.0255826607597829,0.00446944731535856,2.32577643846162,40,47.5230431556702,0,2,3.33520487416536,0,0,26.2421404360794,0
44.5495685964275,8.73858324044,3.01709386717994,0.0195971339591779,0.00660771721042693,0.41342494240962,0.0136069809193583,0.000506117838937789,1.91264528525062,40,63.0067834723741,0,2,3.81341243046336,0,0,16.1307172849774,0
59.4477526670729,12.0667122891977,1.87908622529358,0.00797645025304519,0.0050011585727334,0.742407826473936,0.00819975593640702,0.0181391114489175,1.98680074093863,40,40.9890526533127,0,2,2.2391957314685,0,0,19.7123723302502,0
68.3549691439911,13.6313242033427,3.48775078298058,0.0086030192556791,0.0291415137653239,0.713822989724576,0.0020219458892406,0.00687491899704095,1.66096384054981,40,50.6171495374292,0,2,3.27495748992078,0,0,28.2726219703909,0
49.7400691513731,9.82291338364126,1.56035733106546,0.0132581726531498,0.0127421268187463,0.162000501062721,0.012993253575454,0.016020332894891,2.1778863184154,40,67.87871141918,0,2,2.16417175251991,0,0,16.953121694969,0
64.7014428322888,12.9061573800892,2.04763857834041,0.013805055503035,0.0213263098211028,0.728822750737891,0.0155695117033459,0.00512519197468646,1.64776777150109,40,30.3325341455638,0,2,2.09485464543104,0,0,18.5276683419943,0
51.6216307742681,11.0888892893861,0.807379065547138,0.00842058263486251,0.0108022665483877,0.137883011717349,0.0083900412121322,0.0298070217484026,1.69511667708866,40,58.2744737528265,0,2,2.60647778469138,0,0,23.1796364905313,0
8.57224298141573,2.19616588088922,1.42887151718605,0.0153118361218367,0.0165827780379914,0.033177284989506,0.0279186273326119,0.0247470997326472,2.41302931332029,40,48.4659627918154,0,2,3.17790421680547,0,0,20.4148679820355,0
44.1550986868685,8.7623500618989,0.0895756023237482,0.0167809178179596,0.0189808883592486,0.83276981767267,0.0163506828224077,0.0150147732533235,1.90224340884015,40,67.2012890037149,0,2,4.17840260872617,0,0,25.7035262463614,0
22.4469971053489,5.19492897288638,1.085857023485,0.0131919491256122,0.0183765121460892,0.596441365312785,0.000751739219678566,0.00408200484697241,1.62385612423532,40,61.7448009271175,0,2,3.84005770995282,0,0,28.9721363538411,0
53.1709342891663,10.8188452751995,2.74569587549195,0.01973717277986,0.0261537241614424,0.544579211389646,0.0168931639693398,0.00290852211727062,1.95370246306993,40,46.8103699572384,0,2,4.94258488109335,0,0,28.3259264251683,0
40.3141885776565,8.02464744364942,1.75491023564246,0.0083003357402049,0.00719243042869493,0.0382502796128392,0.00885995185086504,0.0270820733600878,2.10289326775819,40,42.4612417817116,0,2,3.94570162286982,0,0,25.2527176821604,0
52.0319679892613,10.0147694037058,0.207685119356029,0.00973022695048712,0.0202199679794721,0.0756892883218825,0.00485066895152442,0.00790535892307991,2.35355387232266,40,55.7675589434803,0,2,3.21701195230708,0,0,23.7460674124304,0
29.3796458387657,6.31471636069872,4.23502126475796,0.0134439559094608,0.0346816516099498,0.987794887740165,0.0207763607496093,0.00626091775402194,1.55958860157989,40,54.8939646407962,0,2,3.46438825852238,0,0,16.2796268309467,0
63.2645828903959,13.0202011398268,4.20899267261848,0.00662623901036568,0.026321361024864,0.0325069185346365,0.0209936211080546,0.00668081096920185,2.10261465865187,40,67.3837523441762,0,2,2.30658743856475,0,0,18.4107591945212,0
25.8031862402532,5.66767429673742,2.41330902313348,0.0106688758754171,0.0278829906280153,0.172838184051216,0.00412247607011348,0.0110345990930707,1.99715138995089,40,35.9899030067027,0,2,3.97598400013521,0,0,21.4456122089177,0
59.6473893220907,11.101168030121,2.02482308924664,0.00764544883044437,0.00845760429371148,0.788492354797199,0.0267560447137523,0.023865253763136,2.21964424499311,40,36.9402874913067,0,2,2.80028071324341,0,0,16.3890991942026,0
54.2905518412189,11.180500283194,1.44887968478724,0.0111422758095432,0.0276397188152187,0.954187695402652,0.00458166461217916,0.00611385059687775,2.21488820645027,40,57.8493061102927,0,2,3.20888617285527,0,0,20.5460032483097,0
39.4122822736548,6.9589777916754,2.41213460639119,0.0127856755303219,0.00718075997242704,0.517068244284019,0.0276372774581565,0.00263635303725721,1.73793233907782,40,52.7004486322403,0,2,3.16573525452986,0,0,29.9518211977556,0
43.4824376909997,8.16257097994395,1.46788673882838,0.0160317674453836,0.0202979894303717,0.367375706322491,0.00468125401885714,0.0257768730377057,2.36672533419915,40,33.6605410929769,0,2,2.12548504001461,0,0,17.8001123433933,0
28.8631715829175,5.87049505088817,2.13320932828356,0.0173741322662681,0.0144581194813363,0.859932795166969,0.00407009241405176,0.00819629892542725,1.76131387148052,40,30.3422291763127,0,2,4.66209126263857,0,0,21.6909390315413,0
49.6382613668007,9.64917904525255,2.3811092202086,0.0092787302180659,0.0201502763782628,0.732605958590284,0.00651546019776724,0.00277227168486686,1.63149654958397,40,41.6219459939748,0,2,3.27709820773453,0,0,26.087197921006,0
48.9877965943291,9.93602546035553,3.80621875170618,0.0156169447558932,0.0193946123518981,0.126690974924713,0.0141991730867676,0.0250983377529681,1.68874617340043,40,52.3849627375603,0,2,3.12261253432371,0,0,16.9452925189398,0
61.4750339496716,11.8193974295275,2.48513386992272,0.0118518341053277,0.0265380764110014,0.211067978991196,0.019215984369209,0.0231119549687905,1.7280344015453,40,65.6684121396393,0,2,3.34470713115297,0,0,29.9373328615911,0
27.4146787343076,3.77697198707887,3.17774122848641,0.00693690025014803,0.011439021774102,0.869041754398495,0.00856166656777263,0.0100078048685682,2.30996658559889,40,35.9926779009402,0,2,2.74151428067125,0,0,26.990776474122,0
70.7701219739524,14.4664689739196,4.09855542168953,0.0189381538063753,0.0237116884188727,0.546409059781581,0.0293154863116192,0.025070678676581,2.31478956155479,40,46.4836285449564,0,2,2.0261445613578,0,0,17.0327090111095,0
25.9755589852003,5.82264500827133,1.97827035945375,0.00549438640708104,0.0135793360606767,0.244711349252611,0.0158216087529482,0.0178358572702762,2.02929431339726,40,41.9046583585441,0,2,3.09918173355982,0,0,25.7047791522928,0
34.9893311641542,8.18199410296297,1.51207097328734,0.0104994174686726,0.0276039016363211,0.728428612696007,0.0213085460242117,0.0106011320631276,2.2224866040051,40,66.8934373091906,0,2,4.45757921505719,0,0,21.2638056976721,0
64.3627241208421,14.2057848027045,4.14187211031094,0.019720070969779,0.0267553935423493,0.185030228225514,0.0164636284034699,0.0197421379490336,2.08121281210333,40,31.9658314995468,0,2,3.51423856033944,0,0,19.8311747505795,0
63.7523952247993,12.8294654797279,3.76065509486943,0.0162943215691485,0.0121627465984784,0.936736513627693,0.00629164506468689,0.00290846861665836,1.88649644772522,40,55.7032982166857,0,2,2.4036640105769,0,0,29.9441409751307,0
32.7841482624432,5.79592827749928,3.80014354933519,0.0177849946846254,0.0272037373506464,0.113218801096082,0.00607846187604126,0.0147916351592494,1.93042927910574,40,55.7442637998611,0,2,4.99709996557795,0,0,26.1389706702903,0
74.293493983452,14.849337996434,1.1881200192729,0.0116914635640569,0.0315397350327112,0.265304713975638,0.00866983450645348,0.022977441434951,2.01920701679774,40,65.6398622877896,0,2,4.18968505761586,0,0,23.7440414365847,0
34.4526158654997,7.27984246211872,2.52226228429936,0.00877902701264247,0.027285348801408,0.556628431426361,0.0143202383179171,0.0203312665954139,1.68583547719754,40,63.1250275950879,0,2,4.83745905361138,0,0,16.7242143396288,0
57.9265315587798,11.1388179434071,2.64135389321018,0.00799981349497102,0.00339097022730857,0.058877473231405,0.00417342828105437,0.00498664441647706,1.81244702567346,40,48.9388984255493,0,2,3.78718260629103,0,0,20.4772578994744,0
61.0839324454807,12.6313390497518,0.650732968118973,0.0077118486748077,0.0226463360544294,0.128936206689104,0.0255846877151774,0.0114048590528895,2.1931606028229,40,55.7375033106655,0,2,4.13376941578463,0,0,24.7392496978864,0
42.0415785411423,7.80746873440417,1.64157492073718,0.01524571508402,0.033846572351642,0.110178008209914,0.00708241922245128,0.00563097959193168,2.26207297109067,40,60.0833254028112,0,2,2.49703919352032,0,0,22.4728678597603,0
27.3133100335458,5.07150601515938,4.03034978010692,0.0129642613232136,0.0306990743489005,0.865873706294224,0.0130548435333627,0.0256526851639291,2.21134788007475,40,51.3700609933585,0,2,4.84368534502573,0,0,20.1346645527519,0
57.9746867203683,12.3660836852687,3.79246216581669,0.017400075730402,0.0168868236867711,0.55012104427442,0.00733627855233615,0.00739618340854067,2.13630186510272,40,58.122969456017,0,2,3.78666975884698,0,0,15.7139345537871,0
45.9668653676324,10.1178169353038,3.46076059166808,0.00886538152815774,0.0258145974492654,0.386415159562603,0.0104495900776261,0.0286886602344783,2.18359614745714,40,32.7635477017611,0,2,2.32100828993134,0,0,26.560512764845,0
47.8849870664602,10.2301162636497,4.13478309474885,0.0157577610993758,0.0207887107813731,0.60230999509804,0.027638176690191,0.00526159358018544,1.96272876253352,40,44.0580268483609,0,2,4.69695571274497,0,0,21.6376523429062,0
68.2752517286221,12.8315671002035,1.60076208366081,0.0119484581216238,0.0141537832114846,0.695460635703057,0.0215458643780602,0.00337908848414198,2.0929640121758,40,33.7005285639316,0,2,2.29177085170522,0,0,23.3904364064801,0
29.8735499639343,6.55880435524275,4.21943589008879,0.00614856101572514,0.0172115736724809,0.391548061743379,0.0221793990214029,0.028541714993373,1.69894796446897,40,67.7903377451003,0,2,3.71872064331546,0,0,17.0850993983913,0
70.5400923858286,13.571118453922,2.66370092506986,0.00635777335031889,0.0316596611654386,0.592958956724033,0.0173230528752622,0.0286021663350798,2.23501542909071,40,55.3397705405951,0,2,4.61899403319694,0,0,25.1127014332451,0
45.0342310152221,9.40831276938201,3.38930627005175,0.0152628849376924,0.00778638904169202,0.519846052164212,0.00129783173474716,0.0219157707394706,2.10934267239645,40,62.5361341796815,0,2,3.15971221029758,0,0,16.5948724269401,0
74.0523916558658,14.3061608477897,0.360387999680825,0.0136890627699904,0.0129346386753023,0.242204927606508,0.0201244097319734,0.00165217561852885,2.12231572158635,40,69.5010196883231,0,2,3.90222900290973,0,0,22.4153823091183,0
59.1090024648244,11.5151987572377,1.37995024700649,0.00946923862560652,0.0118947346140631,0.378015214577317,0.0238715867287852,0.0189804747298732,1.88632845459506,40,38.1923139560968,0,2,3.5477162762545,0,0,23.8123566715512,0
33.0738819023101,6.72750764635578,3.61410562007222,0.0166787026880775,0.0218096237308346,0.101858913898468,0.022787184941466,0.0200223072419153,1.9224906663876,40,44.7979102935642,0,2,4.68537570349872,0,0,21.2277492473368,0
17.080903957,3.3541145939318,2.02754412218928,0.0126617990236264,0.0328001006357372,0.336718569276854,0.0269969124303292,0.00847631375641329,1.53206128440797,40,65.3131579142064,0,2,3.12761689373292,0,0,18.4304232266732,0
55.8930867943903,10.6231158909606,0.146772716310807,0.0103451928810682,0.0160068504391238,0.376265352359042,0.0113516302100476,0.0295075266685756,1.68059374531731,40,69.3297742307186,0,2,3.62131957150996,0,0,15.9699085657485,0
57.3761346526048,11.4056701378707,2.78289168456104,0.018759447223274,0.0343525907476433,0.987654652446508,0.0122616259016679,0.0256003529555979,1.66967039229348,40,42.6311634480953,0,2,2.16939093731344,0,0,25.4062935628463,0
37.8602152976193,7.87306308516512,3.47733384172898,0.0120472158316988,0.00393959298217669,0.0926451589912176,0.0109120606050454,0.0120480720351962,1.56115875649266,40,42.573504652828,0,2,2.14013337064534,0,0,26.1080560809933,0
60.5745606506726,12.6109833287354,0.0829236558638513,0.0066079837246798,0.00594066198309883,0.534528076183051,0.0273878522062278,0.00464969983674819,1.54578861990012,40,30.1768698263913,0,2,3.69165896484628,0,0,25.0869299063925,0
54.5312714775875,12.0629686384027,2.04226647620089,0.00906931237666868,0.0221506587797776,0.085980603704229,0.00419726015741704,0.0118591530290875,1.58399682445452,40,46.412392295897,0,2,2.65047086705454,0,0,28.5720165458042,0
41.3741879294462,8.89558040954245,4.15014272066765,0.0147462657594588,0.0227191455941647,0.889432162279263,0.0190098104241164,0.0125088546539098,2.32465524272993,40,46.4886584877968,0,2,2.53304562275298,0,0,24.6694390126504,0
46.0868636543091,8.54332047115653,2.86117928673048,0.00890480973524973,0.00301679105311632,0.619887066073716,0.00475853023478528,0.0258783462008019,2.30520464270376,40,52.2770652268082,0,2,4.89204271184281,0,0,29.6308328036685,0
48.5308333065565,9.99013873998839,0.641427693539299,0.013130831993185,0.0110441916342825,0.995580677175894,0.0221918058636622,0.0259508489080425,2.43498085392639,40,37.0822947565466,0,2,2.17223001923412,0,0,23.2863257895224,0
48.7003851236312,9.92511493451233,0.924597631325014,0.0137450903444551,0.0310827940194868,0.391090697143227,0.0239507803502376,0.00326461928077508,1.95972266397439,40,63.3786431420594,0,2,2.16847125464119,0,0,28.4649512032047,0
45.2813210133187,9.30147244360623,1.45345833082683,0.00515191824408248,0.0192233911724761,0.0925224120728672,0.0112270204062271,0.00526469003809616,2.49072082317434,40,43.6683071963489,0,2,2.07781599787995,0,0,25.4791246110108,0
36.2480631751318,7.71066066465978,2.976104574278,0.0116147852956783,0.0244204835039563,0.867162486771122,0.0118649834297318,0.00855609984372975,1.84057020000182,40,69.4227460026741,0,2,3.12423795508221,0,0,29.8402503062971,0
51.4991034187985,10.8864813644695,4.08831762999762,0.0182100774208084,0.0226335885934532,0.445215511601418,0.0277535683496902,0.0154516384170391,2.48368541733362,40,40.9395389910787,0,2,3.0573618307244,0,0,16.9980323512573,0
14.5325712213261,3.314092666668,3.68269201903604,0.0157812692993321,0.0219125786283985,0.835861905477941,0.014587768318085,0.0122824884521542,2.25318547245115,40,60.9786122851074,0,2,3.7559641234111,0,0,29.8838314425666,0
56.4037602859394,11.683586857927,2.9655673422385,0.00559386583045125,0.0112814965480939,0.498935230774805,0.0156475808623084,0.00663551241556182,1.72585303988308,40,30.2906231302768,0,2,4.21123928576708,0,0,16.5017801220529,0
46.1655552932737,8.61689540198694,1.57839350192808,0.00942834405344911,0.0153856934476644,0.0567599746864289,0.0099668377348315,0.0181007188872574,1.82765699364245,40,42.5022642314434,0,2,3.18969113612548,0,0,23.2437651918735,0
51.7928459200145,8.94879173971147,3.06745511165354,0.0118568633764517,0.0218440125267953,0.886073793051764,0.0118167725211754,0.0104815643533575,1.60511454660445,40,42.2998230345547,0,2,2.19245917187072,0,0,18.2234124233946,0
61.6594432224064,12.8127986467145,1.42648248304613,0.0177479381510057,0.00924569426802918,0.844288761960343,0.00898985246164491,0.00137945510933874,2.42257800861262,40,40.8701344858855,0,2,4.12784136715345,0,0,25.17506615608,0
32.2844740518064,6.90689096520965,1.02023153181653,0.0144381549127866,0.033379885558039,0.371286071371287,0.020393089262133,0.0143611574463407,1.76604194380343,40,63.2877482287586,0,2,2.69218968553469,0,0,28.0798433767632,0
22.2594689288052,4.21227256956381,2.2933038653573,0.0193439712619875,0.0314552460596897,0.893579772440717,0.0227481741272332,0.0107101690271543,2.3041375298053,40,58.5082062985748,0,2,4.77811489696614,0,0,29.6190739958547,0
26.2890612688244,5.20605734506171,0.24575364170596,0.0158123646164313,0.00575532939005643,0.623347918270156,0.0136831191824307,0.0127625190647668,2.39832489890978,40,31.8400796502829,0,2,4.01868231873959,0,0,22.2547482792288,0
15.6885536600581,2.72472336706426,1.15765883261338,0.0085280334262643,0.0182717417930253,0.649416590342298,0.0113832663538097,0.0235575571553595,1.63635805109516,40,36.8122277129441,0,2,3.98518026247621,0,0,23.8067021942697,0
44.0120796667018,9.09273641824527,0.964536762912758,0.00956180777400732,0.0127425788519904,0.571998800849542,0.011974515487391,0.0249887442904036,1.66015613521449,40,67.062223451212,0,2,2.29668071493506,0,0,21.5274977975059,0
26.3669914669336,4.60074352282565,1.43729573849123,0.0142478179535829,0.0336642325809225,0.0948341067414731,0.00559075002230005,0.0169096737820725,2.18797866860405,40,41.5335848927498,0,2,3.52608295227401,0,0,15.9471080289222,0
71.9339075803809,14.1321684560683,3.11476474825758,0.0089392746926751,0.0219727795026265,0.646089478395879,0.0229856050264835,0.0220320138351689,1.73933650413528,40,67.4772730004042,0,2,4.80130696785636,0,0,21.179613454733,0
66.4213076633217,13.2968422559949,4.39594439591747,0.0105660705722403,0.0223714102222584,0.680550352437422,0.00587458227768308,0.0111595225060009,1.63394152908586,40,50.5068501550704,0,2,3.08189273672178,0,0,23.4976064809598,0
74.2181961385261,15.2240385161723,3.43517937732395,0.0103578598611057,0.0229499046942219,0.260266114259139,0.0126164858827158,0.0238007913418533,1.72759805130772,40,36.8725658021867,0,2,2.62408465961926,0,0,23.1150881596841,0
72.7982100913551,14.7553479430667,1.67325228906702,0.0130570394604001,0.0343195390286855,0.902734345756471,0.0193060041349172,0.0171733050735015,2.2538377714809,40,33.8199204392731,0,2,2.26403331034817,0,0,20.6937335024122,0
31.823945753978,6.82767785731633,2.32780862774234,0.00999387717572972,0.0189160209554248,0.994994562119246,0.0100946566117904,0.0240423609554605,1.89077095827088,40,69.564945558086,0,2,2.95925513817929,0,0,25.496907524066,0
42.4696051864846,9.63307593457973,0.478115080855787,0.0121926408982836,0.0205328542101197,0.312406168552116,0.00136592649986967,0.00509989447341999,1.94676612713374,40,65.6825233995914,0,2,3.55655551911332,0,0,21.1326817644294,0
37.2913703593247,7.09903258966803,1.5603175725555,0.0183225801074877,0.0226092734131962,0.126999367261305,0.0088225849969103,0.0272565197453368,2.24533993960358,40,35.431741643697,0,2,4.65883113257587,0,0,22.6928889274132,0
28.7178056996152,5.5714262987287,0.053539956570603,0.00666615157970227,0.00682643219968304,0.643583927769214,0.018465292671849,0.0131830208686134,1.73715237970464,40,53.5882637370378,0,2,3.89898275327869,0,0,27.4087820551358,0
51.0701602725473,9.74244225982423,2.91613089828752,0.00521274985047057,0.0157777831666172,0.37837662990205,0.00247630068380618,0.0176973759768554,1.56524926912971,40,52.2847943380475,0,2,4.11824424169026,0,0,27.5485669774935,0
52.1102762491214,9.90973967926151,1.12822708929889,0.0146267989336047,0.0319623564537615,0.934852591017261,0.00232436913955258,0.00311300736462465,1.98078758083284,40,34.8000220581889,0,2,3.57599683990702,0,0,20.0625046156347,0
46.7318817046853,11.3525457368809,1.20073613303248,0.00533946281066164,0.0205615156525746,0.661383914295584,0.0283801700831647,0.02230115212854,1.99137885705568,40,43.8652374781668,0,2,4.41160772554576,0,0,28.4410015982576,0
64.8844157087564,12.9118731062356,1.11688722716644,0.00570407871040516,0.0318870508042164,0.879599241307005,0.00955929226824315,0.0280257324650814,1.92423944477923,40,38.8678311090916,0,2,3.27604732732289,0,0,25.8695486385841,0
51.8162263857435,9.33485391473286,3.12957012921106,0.0163727746810764,0.017068901588209,0.666958688292652,0.00771533967708936,0.0110069031486032,1.53966644313186,40,65.8429075963795,0,2,2.37533788988367,0,0,27.8829684352968,0
60.1482822420679,11.7974308196068,1.56982061080635,0.0199522463837639,0.0103735944428481,0.42644271440804,0.00294075014734175,0.0188272484247177,1.89776876103133,40,44.9285283777863,0,2,2.19948939257301,0,0,27.7153333823662,0
62.0920725345161,12.7467111696072,0.609152250224724,0.0161633914464619,0.0288896761592478,0.12117423536256,0.0105615599044389,0.0136204985801247,2.3497743869666,40,34.2005151882768,0,2,4.568569625495,0,0,23.5503055283334,0
19.1924111085646,3.77870355587038,0.553731651278213,0.00644735770649277,0.0189011153765023,0.958011272363365,0.0289626044776547,0.0174032390091824,2.46108817309141,40,46.1058701388538,0,2,3.5487589542754,0,0,25.6463938183151,0
47.0060534717982,10.3994341525498,4.35895760532003,0.00682913170079701,0.026884822703898,0.440314306179062,0.0160415178525518,0.0211220320249395,2.30576562322676,40,42.8822777699679,0,2,3.4908447181806,0,0,28.819648087956,0
21.5533108410922,4.21944292623804,3.05924734252039,0.00773086232715286,0.00679663320118561,0.445281862746924,0.0223457249046885,0.000639933630388696,1.58363861241378,40,58.0713275261223,0,2,4.98090474843048,0,0,18.800423926441,0
46.7076483650087,10.4073712825902,0.0153690209845081,0.017383476048708,0.0177410824396648,0.0808881823904812,0.00775193222454516,0.011040310908372,2.10470508574508,40,32.7326772175729,0,2,4.05623230198398,0,0,23.4591321030166,0
30.5722954169627,6.76222710680347,0.0385193807305768,0.0166356472612824,0.0152960509140976,0.152905059978366,0.0182583913642168,0.00338574614725541,2.24365780106746,40,58.9629836473614,0,2,4.15222495282069,0,0,25.7355777116027,0
48.4057130524238,9.99059129547205,4.14852991676889,0.00675591790350154,0.0317846167557873,0.820517539978027,0.000666011533956043,0.0106278511151834,1.90853039477952,40,61.9617959018797,0,2,3.53069039434195,0,0,23.7917545821983,0
73.1469413882947,14.7436431067612,3.6131181292003,0.0185016039910261,0.00255818114569411,0.347392267780378,0.0244260166111286,0.015484200200995,1.94647321035154,40,51.2873864173889,0,2,2.27342453575693,0,0,27.6632442721166,0
53.2683263897219,10.9220430353634,1.15260413952637,0.0198532675451133,0.0202999901496805,0.178884231019765,0.0201972203714773,0.0182286311284406,2.34716683696024,40,58.6586430296302,0,2,3.28824728098698,0,0,23.2477258890867,0
14.7367382961044,3.66889716191004,2.48150790471118,0.00942707818700001,0.0296285181082785,0.764815728878602,0.0271195705301384,0.00998963611789979,1.89596940716729,40,35.2695713099092,0,2,3.9225828810595,0,0,20.4681086610071,0
52.1614545588407,10.7433235883607,4.02644982829224,0.00758434564690106,0.0254338801004924,0.130041795084253,0.0209924410990532,0.0281322446149751,2.23150466335937,40,47.9454514756799,0,2,4.94839097931981,0,0,26.489710699534,0
52.2925635054493,9.87664339261486,4.07984193018638,0.0173829788132571,0.0290375789557584,0.815932997502387,0.0017336379745719,0.0233166547562531,2.19036108255386,40,54.6141047589481,0,2,4.28439081041142,0,0,21.0280591039918,0
28.0697362383337,5.25192934484984,0.324474942404777,0.00928159495000727,0.0210647569121793,0.49767216714099,0.0120897862223792,0.00246851711978903,1.62079320009798,40,38.4280704334378,0,2,2.26925848610699,0,0,18.961824097205,0
69.771936903576,13.8437923698035,3.31773315591272,0.0184579046419822,0.00326518759550527,0.879113807342947,0.00624383324611932,0.025521936719967,1.71677995286882,40,40.9790625236928,0,2,4.68045636033639,0,0,23.7627725838684,0
46.2924406464699,9.62743996579077,1.66690067667514,0.00863103402080014,0.010183970249258,0.104533874662593,0.0087980596794351,0.00956462418171577,2.49411873030476,40,36.6084915120155,0,2,4.77056506671943,0,0,18.1799760425929,0
15.6039932655709,3.00206535939188,4.26703624671791,0.019019171850523,0.0155679307030514,0.874156221514568,0.0233297059240798,0.00399033376831794,2.40477480948903,40,41.0154750104994,0,2,2.47785890684463,0,0,22.355015744688,0
68.8384843466185,13.6319527536447,2.62568371568341,0.00931478562764823,0.027130183684174,0.584255188703537,0.00633159316607518,0.0194619759669248,1.76333749946207,40,51.4607503823936,0,2,3.10428285575472,0,0,29.231525027426,0
46.4334775316016,8.80253599207371,2.47582228272222,0.0189321546896826,0.0195271091680042,0.563487589824945,0.00946667209487176,0.0126789877530443,2.10306147881784,40,36.1253862269223,0,2,3.07792890327983,0,0,16.6603184386622,0
49.6420975335306,9.84002925930975,0.703654306707904,0.0105541484744754,0.00209210141701624,0.28923545521684,0.0292405701136938,0.0187617291044956,1.65302862040699,40,33.2389273867011,0,2,2.69071019790135,0,0,16.3112591276877,0
49.1605695135688,8.53386736861599,2.9251375591848,0.00826613010140136,0.0111608357247896,0.595790769439191,0.0198674477855326,0.0290179784213309,1.82962589105591,40,67.1892463602126,0,2,4.47422119253315,0,0,23.8237744825892,0
40.6224466796175,8.32948547442783,1.33380972349551,0.00593075359473005,0.00665712965605781,0.264900410315022,0.0115044538640929,0.00236627018785337,2.16847059270367,40,69.2068212386221,0,2,4.26690490171313,0,0,28.5185505123809,0
64.6505697353683,13.1348204666579,0.352545683621429,0.00533520993776619,0.0167512481096201,0.423443772131577,0.0200063754061703,0.0225785616151709,2.49356263526715,40,41.8666563462466,0,2,2.90151112456806,0,0,20.6447128811851,0
44.4888128605543,9.76717413338926,3.10374227212742,0.00870786838466302,0.0259857728173956,0.0553559535183012,0.0145814969039755,0.00689980360373622,2.10537957702763,40,35.4093528166413,0,2,3.01994771673344,0,0,15.7991863461211,0
61.1139823779605,12.6081140171184,1.88938248599879,0.0069905458658468,0.0166713500660844,0.563323730137199,0.0156596476733335,0.0251079714033497,1.7268198535312,40,68.3484970405698,0,2,2.10738366423175,0,0,24.9164101795759,0
55.8104896189417,11.9509781330257,3.187456414802,0.0116913390823174,0.0313471635906026,0.00663479440845549,0.0162849960247404,0.00393834170992486,2.06022306415252,40,48.8182865455747,0,2,4.45783649827354,0,0,29.4736693846062,0
27.5635478728956,4.89519570854491,0.289851385401562,0.00572551274555735,0.0214900915222242,0.95735769579187,0.0289963679934526,0.00626451003873721,1.85152045194991,40,30.3092410881072,0,2,3.52877229778096,0,0,19.4949215522502,0
58.6313074573754,11.6134943971441,0.493973102071323,0.0112715625134297,0.00324120378121734,0.866564126918092,0.0122700560815423,0.01446004105272,1.57648658542894,40,40.9710483439267,0,2,2.50696349609643,0,0,22.1553663862869,0
55.4739054486083,11.1460667169672,3.85849219851661,0.0144985644414555,0.00639581374358386,0.0498399033676833,0.0150939258450712,0.0251965570915001,1.88798545417376,40,54.1014205385,0,2,3.79270388535224,0,0,21.8800749687944,0
56.0196011030514,10.654282183746,0.706772141042165,0.0082056399108842,0.0309715279308148,0.960839955834672,0.0297474068163591,0.0271660461042309,2.03674792847596,40,45.9084221348166,0,2,2.42560370569117,0,0,29.8820064542815,0
30.2758163761274,5.29920056229687,2.24896854080725,0.00502385395346209,0.0129775683996268,0.935049906373024,0.0135093048543367,0.00142690116582438,1.51220301073045,40,61.6344802640378,0,2,2.43843352934346,0,0,23.6918783944566,0
27.7075119564406,5.38352421988263,2.61927162052598,0.0130839398724493,0.00409641519840807,0.895532578229904,0.0148658304395666,0.0149860721020377,2.15075138397515,40,48.7240258604288,0,2,4.69548648665659,0,0,24.4974321476184,0
55.0743680262617,11.0561772585135,0.0593624571338296,0.00590577749302611,0.0101838899943978,0.386762317270041,0.021899032393517,0.0114069330081041,2.33667241106741,40,58.4354002587497,0,2,2.51296586636454,0,0,22.9718283761758,0
65.0033315036128,14.6010651405848,4.14817724924069,0.0185211722913664,0.0103663417086937,0.467508682049811,0.00415053476018365,0.0124863777563139,2.48757530353032,40,58.230717163533,0,2,4.31186092854477,0,0,19.0723308571614,0
49.9951866222712,9.4798104787067,2.99558742390946,0.0145420899707824,0.0131305350102484,0.379191788379103,0.0164030923489691,0.00822871456375346,1.67355670337565,40,52.749164858833,0,2,3.58182467729785,0,0,16.8300126702525,0
67.8429547329354,14.3154596841652,3.47622839233372,0.0167787919822149,0.00412265620240942,0.558541167527437,0.0186983233168139,0.0296366827326594,1.71726417355239,40,38.1624664273113,0,2,3.30021570832469,0,0,27.1428258845117,0
51.1622246022783,10.4412527454183,2.76586315466557,0.0176102657197043,0.00904484505718574,0.828426464926451,0.00154493468862958,0.0277439606675645,1.98275616695173,40,30.3005912620574,0,2,3.71708038379438,0,0,25.5885326990392,0
57.6962668579931,12.3091834315462,0.289470416377299,0.00681842341437004,0.0155433931238949,0.638554447796196,0.0259033552651992,0.00817253813882358,2.27034019329585,40,36.6270575951785,0,2,4.07836432615295,0,0,24.0627235919237,0
70.3354795551954,14.0129354717414,3.36710303183645,0.0139811683830339,0.0211831392985769,0.167354606091976,0.0148902143106959,0.0109406719252979,2.16452962020412,40,52.6134740002453,0,2,3.6931093945168,0,0,20.8223474991973,0
32.0208198949577,5.7682579343261,1.06083323608618,0.014699359923834,0.0186662489343435,0.368005266878754,0.0046322540216567,0.0163638724759617,1.69532979768701,40,61.3848392106593,0,2,3.56521621276625,0,0,26.4051539660431,0
40.453289879399,9.3475937280915,4.45044168212917,0.0187490438949317,0.00501982972584665,0.785224476130679,0.00340467560233548,0.0105194670094503,2.01011768681929,40,62.124138828367,0,2,2.32493633264676,0,0,21.3820636260789,0
16.0056988887414,3.70019569394227,0.148570118006319,0.00989897849038243,0.0234351820773445,0.688871439546347,0.0285792785469163,0.0110736241657543,2.11868105176836,40,69.1147274896502,0,2,3.59191970247775,0,0,23.991531356005,0
48.7625553112727,9.32269498677076,2.77332212228794,0.0130416953878012,0.0228706878749654,0.576628657523543,0.0173741527400725,0.00702679822772276,2.28200579201803,40,63.5671386495233,0,2,2.48215128434822,0,0,28.081301052589,0
17.713800512813,3.52924852489306,3.5261822846951,0.0135955755971372,0.0124370386800729,0.796692946692929,0.0182562866576714,0.00547204635230591,1.66825214447454,40,60.5586380232126,0,2,2.93889981275424,0,0,28.7570365460124,0
64.5486074878651,13.1265734060803,4.02552431740332,0.0154765065305401,0.0258174389051273,0.578256985638291,0.00856862040446606,0.0161992569992901,2.26526359352283,40,39.3795588053763,0,2,3.2870627574157,0,0,25.6190715485718,0
52.252768936328,10.6127238574739,0.863382784067653,0.0186442635010462,0.0177334343129769,0.82833637483418,0.0128410352701531,0.0218335844493401,1.52287952741608,40,56.8655723333359,0,2,3.81915908702649,0,0,27.4554964515846,0
26.1134220967894,5.18768759102919,1.94445486611221,0.00898596205050126,0.00263940733671188,0.314716486027464,0.0005898766783881,0.0208568504027952,2.22530068620108,40,52.8108576219529,0,2,4.04544059047475,0,0,29.178040571278,0
38.618249756268,7.1366389353813,2.23049274226651,0.0150700773426797,0.022048085001763,0.878077268600464,0.0242157194251008,0.00902353080379777,1.51053014839999,40,52.9960920009762,0,2,3.35696022608317,0,0,20.1832006545737,0
50.586333055884,11.4124432286327,1.55353643896524,0.00853441636427306,0.0325970344417729,0.775542916264385,0.00921977417080896,0.00177500952601433,1.73225014936179,40,37.1426454093307,0,2,4.48993244976737,0,0,24.3346079892945,0
63.1129576680441,12.7409487089144,3.27953112241812,0.0139194166602101,0.00662428808165714,0.33681679610163,0.00241935772400117,0.024075762780027,2.30709242098965,40,51.2305791210383,0,2,4.69746414292604,0,0,23.9069783210289,0
48.0685469742489,9.95030619414806,3.29565441829618,0.00642776280408725,0.029238257239107,0.810602595563978,0.0133351816862426,0.013547805157376,2.20893447333947,40,47.3241465631872,0,2,2.98074431996793,0,0,27.3354346677661,0
41.7306684724764,8.98988841289022,2.01184318517335,0.0113769910065457,0.00921450625406578,0.631037615705281,0.0279267894927133,0.0102552915786696,2.03033551038243,40,31.0751408711076,0,2,2.13834811677225,0,0,29.2444022779819,0
41.3869766172726,7.67461865244947,3.69393645529635,0.0153341987845488,0.0323737281034701,0.281548105878755,0.0270169908079156,0.0280697607108531,1.53477600309998,40,43.7976062763482,0,2,4.75642063096166,0,0,15.6989495898597,0
63.0640867929838,12.1598614010077,0.890068178996444,0.0182441897899844,0.0321428103065118,0.457702845567837,0.00831703730149195,0.0133140311737033,2.14996456494555,40,58.658937625587,0,2,4.23690557433292,0,0,23.6604161700234,0
65.3635747566918,12.7922740924929,0.961945939692669,0.0165456328715663,0.0207429435197264,0.395533009199426,0.02145727429786,0.00985709767975146,1.66914649913087,40,42.0459381584078,0,2,3.23350441409275,0,0,24.9569776409771,0
30.9295328445531,4.60723419113311,2.45624585123733,0.00531566382502206,0.00105347542511299,0.099032066995278,0.00565045442926465,0.00624347164566163,1.51968819182366,40,42.2839322499931,0,2,2.86466922564432,0,0,28.401306127198,0
49.8188704941403,10.1953207829436,4.02924612548668,0.00889656655257568,0.0346086582392454,0.77772238990292,0.0225121469871304,0.00576572241311194,2.10243224771693,40,57.6087437476963,0,2,4.19869330059737,0,0,19.6627274423372,0
68.2809789102936,13.867287280532,0.411925728083588,0.0174691069161054,0.0292343680211343,0.181923298398033,0.0089753674815991,0.0111778555570357,1.94221552624367,40,54.6901368163526,0,2,2.87739790277556,0,0,27.9864898812957,0
45.1296247607375,10.3257587846532,0.873777250293642,0.0139314651745372,0.0281149605647661,0.7487310343422,0.0199995810029772,0.0217888296370441,1.97036830335855,40,60.2304230816662,0,2,3.29127440880984,0,0,22.4914123071358,0
27.7224043337431,5.38399265867407,4.46045689343009,0.00740998458117247,0.0300848064906895,0.388229815755039,0.0153762807098846,0.0194238215465308,2.03902568621561,40,67.3416639585048,0,2,3.43999795126729,0,0,23.9266741275787,0
23.0842539367358,5.05697590521815,1.49418631475419,0.0064407246245537,0.0212703870264813,0.0361216757446527,0.000184788245921955,0.0218165342538897,1.77084054565057,40,54.9117312766612,0,2,4.87362925056368,0,0,20.4318813141435,0
51.8678659321175,10.2440134868598,0.0282736157532781,0.0194073386106174,0.0319959628558718,0.605108516290784,0.00516656650769524,0.000701255128621124,2.45064835669473,40,47.7958865929395,0,2,4.75332372449338,0,0,26.9420430972241,0
55.9675217902003,10.9919145955612,2.61240299453493,0.0191653837577906,0.0177755242190324,0.5545925416518,0.0181723584694415,0.0023383944277023,2.40638424642384,40,44.0743063576519,0,2,4.84776386525482,0,0,28.6673751252238,0
55.0311063875647,11.4789464979588,4.43801895773504,0.016375653760042,0.0126961872442625,0.889584108721465,0.000196769778563175,0.00477274083391763,1.74273508950137,40,58.7759524770081,0,2,2.2313041430898,0,0,19.3813859706279,0
47.0846155147506,9.24312150077128,2.60208247660194,0.016705838998314,0.00587489206437022,0.0595050149131566,0.0235313663502783,0.0287350233609253,1.7550959023647,40,56.1863807309419,0,2,3.58815793506801,0,0,16.102813614998,0
42.3343208022744,8.6475155069944,3.22260611958336,0.0112915813410655,0.0281844331710599,0.794326504226774,0.0167421839846577,0.0183556855653017,2.28824691125192,40,39.5527487806976,0,2,2.54606295516714,0,0,22.2093888069503,0
55.1862707683414,10.3813708613296,2.6757700368762,0.00541827303706668,0.0252051264457405,0.791076211025938,0.00232854284367291,0.0172839628086216,2.23555374494754,40,42.369235092774,0,2,4.82758126221597,0,0,29.8897831735667,0
60.02080619789,11.633415229448,1.25863137573469,0.010488041434437,0.0208997774044983,0.106058237142861,0.0241443899746961,0.00407082945446251,1.98858142318204,40,66.8118484225124,0,2,3.2373994209338,0,0,29.6030955738388,0
63.3129403115645,12.6786771186597,1.51482286525425,0.0132005894358736,0.0185851271506399,0.542363303015009,0.0072204624420777,0.0287054465438495,1.95994687732309,40,68.0899753049016,0,2,2.21863593510352,0,0,17.4831183662172,0
55.0219417769469,11.1652732217741,2.73729708488099,0.0053578458330594,0.00989930463721976,0.726171584101394,0.0125115692199534,0.0251200769118941,2.32379791140556,40,66.9372419267893,0,2,3.70566928945482,0,0,24.0014513349161,0
40.2304076167431,7.7490588530761,1.0767375578871,0.00656222935649566,0.0330404046177864,0.364092299016193,0.00278817822268466,0.00428657139961608,2.31964227021672,40,48.2910927478224,0,2,4.98706949152984,0,0,16.5489278454334,0
70.2070606490425,13.5793045476251,2.1633429575013,0.00870647897943854,0.0251337522156537,0.181740464642644,0.0196531068414031,0.00464842822313542,2.06572462292388,40,61.2029437255114,0,2,3.73007491743192,0,0,28.4231560933404,0
34.8972541982229,7.01291547371034,1.95097648655064,0.0116182317945641,0.0261734208874404,0.615330586442724,0.0191581330581056,0.0163949951898074,1.7126719688531,40,40.7334118988365,0,2,2.00145469605923,0,0,21.745992024662,0
43.5409937630725,10.6617008210417,4.44534149940591,0.0111213933385443,0.0229109413078986,0.816031628986821,0.0233035213474697,0.00582264245605329,2.06193783669733,40,61.4993984345347,0,2,4.92651926493272,0,0,20.0492064713035,0
49.589738020908,9.68230528829135,1.63861471228302,0.0156924162188079,0.00843977514375001,0.348392927786335,0.0144606904476485,0.012353025106159,2.0855702010449,40,37.4426720757037,0,2,4.57886757655069,0,0,25.444973653648,0
54.5925782869361,10.5511829318466,4.4386975922389,0.00596963203279302,0.0128533957256004,0.170074341120198,0.00502344602969009,0.0123124094271753,1.93443806259893,40,54.6644138824195,0,2,3.76797799393535,0,0,15.130553743802,0
51.6979611735697,9.87949614907175,2.7419654581463,0.0156247582926881,0.00725450642313808,0.795883952174336,0.0255164624873246,0.0292175352372508,1.7519204155542,40,50.8267527446151,0,2,2.88578922650777,0,0,26.3046780461445,0
42.027086827661,8.7064972138192,3.50285922735929,0.00661587687558495,0.0119726427360438,0.107322873314843,0.0286754355771956,0.0117859283149545,2.03505178401247,40,55.8809049520642,0,2,3.41726229176857,0,0,17.750978730619,0
47.7286453113487,10.0667934410006,2.36681650055107,0.0117825877526775,0.0309325304650702,0.712990603642538,0.0128968675511028,0.00656284942294471,2.03973438381217,40,55.7046259008348,0,2,4.54288913030177,0,0,25.2203827654012,0
43.0419773308178,7.37709522941366,1.74659271910787,0.00802012778818607,0.0144355564899743,0.532497758511454,0.00622704329881817,0.0120008636242128,2.03420804697089,40,57.6667501218617,0,2,3.71364487148821,0,0,21.0904945526272,0
33.7721364762666,6.28890153269792,3.47997092781588,0.0183486138097942,0.023681441733148,0.0544642379973084,0.0222822296281205,0.0235669114811532,1.59086367045529,40,58.7010325118899,0,2,4.26021949504502,0,0,22.4693858670071,0
41.3710759477331,8.28079951933782,2.52119990426581,0.0120276326325256,0.0245269708661363,0.20808697771281,0.0156089774054522,0.0198397832836723,1.93189008929767,40,47.2979306522757,0,2,2.55292237084359,0,0,16.6741627024021,0
56.7957422260223,11.4435692101293,1.28861385933124,0.00936633548466489,0.0118368726330809,0.890790454577655,0.00934026800257154,0.00404929244852858,2.14122930681333,40,51.1678587645292,0,2,2.94980560755357,0,0,24.7827871330082,0
52.8959674661689,10.66565487239,0.978165240841918,0.0150948100653477,0.0172902084738016,0.856513301841915,0.0289651501208567,0.0214974953347654,1.94153593038209,40,41.6280954144895,0,2,4.30826473166235,0,0,27.0105050154962,0
49.6722696476935,9.02124197454371,1.81658944347873,0.00955609859433025,0.00981087512522936,0.864387021167204,0.0182450084744394,0.0186295235404256,2.18697856552899,40,37.3459765873849,0,2,4.80161967081949,0,0,27.4915640219115,0
53.2942803714791,10.5613989115004,0.761323994491249,0.0152625476673711,0.00399744879640639,0.147084631491452,0.017776251604131,0.00104507532605901,2.30235921638086,40,45.2288518007845,0,2,2.68418082874268,0,0,22.4498953123111,0
39.4271236228635,6.41920497051116,4.17228166339919,0.0135003624891397,0.00223890893021598,0.751525223953649,0.00289170262662694,0.0264790601596795,1.55397798283957,40,53.2628200855106,0,2,4.40657422156073,0,0,24.9563134310301,0
36.2073541470238,7.68596316812437,1.71195303217974,0.0147783412248828,0.0221200834433548,0.697076045908034,0.0146605988649558,0.0248954105870053,1.92621471174061,40,58.0712324567139,0,2,2.52977794618346,0,0,17.5050368439406,0
50.8197274875132,10.4828704134752,2.83820349059533,0.00818166298791766,0.0238199582495727,0.925762370927259,0.00284567296777852,0.0294895265265321,1.52933006244712,40,60.7521158549935,0,2,2.22118623601273,0,0,28.277162744198,0
24.7783216035504,5.25389228613508,4.21695137978531,0.0107285561785102,0.0131315689268522,0.837871357100084,0.0038520991768199,0.027317870800877,1.70173457521014,40,43.9969019964337,0,2,3.99832905875519,0,0,27.9094002989586,0
19.7665294835526,4.39583049621543,0.545334491995163,0.00655251610674895,0.0229201919273473,0.813224558252841,0.00923678007568465,0.00665962137510069,1.98710046103224,40,58.3348234836012,0,2,4.28914536116645,0,0,29.9504627462011,0
62.8601740008396,12.5232663991329,1.42297306191176,0.0166597596812062,0.0274049537088722,0.362547766650096,0.00371553488393314,0.00676625112579204,1.96234615589492,40,31.0811302158982,0,2,4.13726108754054,0,0,20.5860919633415,0
32.9818481164696,6.53891743853666,3.26639525836799,0.0125876261829399,0.0328767817956395,0.225893486058339,0.019197603724834,0.0118695218485454,2.00601902976632,40,56.5814533270895,0,2,3.05924277729355,0,0,25.1174356788397,0
44.3149415716786,9.6458143013502,2.7392051507486,0.0114824937318917,0.0048547164099291,0.674275175668299,0.00876924747003941,0.000897306264901999,1.60237429710105,40,60.8060316368937,0,2,2.17213836521842,0,0,16.847215667367,0
23.4358062794887,3.74344706998582,2.36977571051102,0.0167653132148553,0.0337629734650254,0.0724453069269657,0.0259299497687793,0.0229675193127873,1.6361281585414,40,55.8075798489153,0,2,4.51872127107345,0,0,26.5539004630409,0
37.5083091073178,7.77622515594107,4.05880378384609,0.0167392907792237,0.00195742821227759,0.276399147231132,0.00997565827645594,0.00152719341916498,2.45716761471704,40,53.7259852793068,0,2,4.73178799520247,0,0,21.8427342257928,0
40.8371803710432,6.8540596471589,0.603859034366906,0.0143321326246951,0.00488858922524378,0.505122035974637,0.00636371749768732,0.00050529114904115,1.56439829035662,40,37.5099723413587,0,2,2.9113091356121,0,0,28.852134689223,0
29.8330238914231,6.63311298389874,2.98899451328907,0.0198717974952888,0.011517231750302,0.127874668687582,0.0285542513487302,0.000846287921841722,2.49373472901061,40,39.9790729302913,0,2,2.06450845464133,0,0,23.4316872409545,0
21.2154140335604,3.33402708780695,0.763502695248462,0.0173151309147943,0.0146633306047879,0.995282964082435,0.00849237152318703,0.00215490633424139,2.3072317710612,40,61.1898941360414,0,2,3.78605841216631,0,0,24.64074076619,0
43.5920240062792,8.72043687131355,3.1552598598646,0.0108511736465152,0.00990962960151956,0.00977244577370584,0.00860732004651334,0.0186407818721514,1.9899452063255,40,46.2935390509665,0,2,4.53634029137902,0,0,29.8712566075847,0
33.7523055241881,7.05070042855875,2.64513269299641,0.00613095910637639,0.00755062618013471,0.696188664762303,0.00887517670625355,0.0163321063652332,1.82669723872095,40,41.8565228953958,0,2,3.20921081653796,0,0,28.4707047126722,0
58.5673180653339,11.8554345825877,1.15474803757388,0.0104942147759721,0.0265188122759573,0.177067840006202,0.00378844695953652,0.0221129603243712,2.00280557386577,40,56.2874003034085,0,2,3.57974043604918,0,0,24.0694861358497,0
33.603494494936,5.81215315799961,2.8405549696181,0.0102194091212004,0.0198284635082819,0.0699612023308873,0.0254257204144727,0.00726396252466598,1.78183838515542,40,69.9475944973528,0,2,2.32187461690046,0,0,27.8288813342806,0
44.23753503383,9.43817191941248,2.4678990530083,0.00566062230383977,0.0020466160052456,0.653641873272136,0.0228302350868378,0.0278933481885772,1.66312010632828,40,68.0017750803381,0,2,4.64119835547172,0,0,20.3571921167895,0
66.4814792736376,13.0448435490574,2.11427441623528,0.0178021421376616,0.0319423965048045,0.428377259755507,0.0223167987952684,0.0233674017069489,2.3377039488405,40,34.5104671828449,0,2,3.69713749410585,0,0,24.7049998235889,0
17.4876652157742,3.51725348347535,0.728346985881217,0.0188073069998063,0.00584961316082627,0.529562999494374,0.0169139204542688,0.0188098009826825,2.12066754722036,40,64.3172756489366,0,2,4.14922824152745,0,0,17.4155153031461,0
71.3046520073387,14.3936599989897,2.14336827769876,0.0181978633708786,0.0159463297328912,0.544784125406295,0.00904084629581077,0.0241046294815629,2.43165795947425,40,40.7957309205085,0,2,2.71136631071568,0,0,21.0323667910416,0
27.6707239869462,6.58754968780586,1.01225785247516,0.00558156594634056,0.016295369733125,0.145371443592012,0.0163582834844361,0.0246656571094063,2.33635592297651,40,40.8862233441323,0,2,4.79132714285515,0,0,23.4790336783044,0
58.9831685482685,10.4807088543425,1.58996614732314,0.00531075700651854,0.0234020627140999,0.722712516784668,0.0116175378191611,0.0299857407531561,1.84734342526644,40,58.6938386503607,0,2,4.89169935067184,0,0,25.9218817774672,0
68.796020470286,13.8795129531976,0.552703455789015,0.0165821480110753,0.00884647964639589,0.469091215403751,0.0279777933259495,0.00867122837126954,2.28251376235858,40,69.7263088915497,0,2,3.49869424686767,0,0,20.5392687907442,0
40.605408388674,8.36754522043022,3.91678953159135,0.00709955719299614,0.0349308010977693,0.387506532948464,0.0252994665386528,0.00511993047366152,2.18386987457052,40,48.4882199391723,0,2,4.30739855207503,0,0,19.4089745753445,0
30.3089021252492,7.69632785025843,1.48029590025544,0.0154874637874309,0.0154217147072777,0.00784537219442427,0.0254085911830747,0.00481955104868393,1.99694554088637,40,66.1078817024827,0,2,4.41113730939105,0,0,26.9422356365249,0
63.522529166294,12.6776562831693,3.67947332840413,0.00600037439493462,0.00962610829807818,0.949533937033266,0.019557562742962,0.00496999953250401,1.99516852083616,40,40.0524878874421,0,2,2.25714526767842,0,0,22.3638121504337,0
37.8214724918558,6.87830035834172,2.8402549456805,0.0188571362826042,0.00492360254144296,0.790891911601648,0.0263980483623035,0.0181660969496635,2.39590670797043,40,57.5018922612071,0,2,2.40398687310517,0,0,24.0920574555639,0
24.2063331335279,5.65125336955784,0.170065500307828,0.0190750938269775,0.0173905675564893,0.698152970522642,0.0290816546168318,0.00976555309073301,1.71550833806396,40,63.6273137480021,0,2,2.26485376106575,0,0,18.9403469127137,0
16.7780184017038,2.50062460451818,2.06959840189666,0.0119983833841979,0.00796651328587905,0.192218562820926,0.0121085761164129,0.0189642209547875,2.46137204393744,40,55.9145739395171,0,2,3.37076041917317,0,0,28.9079577836674,0
30.7622311142346,6.92669752373952,0.397296061157249,0.0151191075646784,0.0048944449564442,0.501325460150838,0.00938495562837692,0.0100218122324068,1.90045635937713,40,64.8448026645929,0,2,3.37768690404482,0,0,28.1373849499505,0
34.0984479088158,5.56962164060361,0.74091156036593,0.0051639604230877,0.00708288958994672,0.450231126276776,0.0130170147740305,0.000581964083071798,1.87769236182794,40,42.4134213384241,0,2,4.7617332956288,0,0,23.8203866919503,0
39.233897967911,6.95679082362203,2.88177512737457,0.012590442718938,0.00322282016184181,0.124517096672207,0.0120590494782338,0.0250610596896405,2.1100097456947,40,68.496710723266,0,2,3.17454846110195,0,0,21.4959590288345,0
61.8309096100485,12.5733479537903,0.743502712575719,0.00526127511519007,0.00238009500131011,0.659519320586696,0.0139998041933193,0.0247775891953148,2.1653008305002,40,58.2445321511477,0,2,4.28163973777555,0,0,16.2277953105513,0
54.3476042187818,9.97199469778233,0.68247429037001,0.00901644667610526,0.00563547791540623,0.579439020249993,0.0093333527446934,0.00361407691495493,2.47125610918738,40,40.4054218996316,0,2,2.94830740033649,0,0,29.9988616851624,0
18.9581477070515,4.71784576683404,0.404976989957504,0.0137938323966227,0.0230712356748991,0.197541557950899,0.0061357799127046,0.00810480526742758,2.37586779287085,40,59.877346996218,0,2,2.20444042561576,0,0,17.8493017551955,0
43.6329434429222,8.01646974101243,0.573180405423045,0.00615224179229699,0.0331749803102575,0.00463999924249947,0.0120838462928124,0.0122893539241585,1.5843429332599,40,30.4417737387121,0,2,2.68831088021398,0,0,27.0598808862269,0
51.9679084201168,11.0074132674617,2.97270200040657,0.00729839806095697,0.0110038154916838,0.928750887513161,0.00352249177803053,0.0136666924206354,1.88699409575202,40,48.0596796516329,0,2,2.82214824506082,0,0,22.3692322557326,0
61.7361544002599,12.2928923603785,2.67182617541403,0.0155585847178008,0.00682103096367791,0.432506016688421,0.0286807211332466,0.0204682936804672,1.8946802963037,40,62.270285114646,0,2,3.97045197337866,0,0,27.4928075540811,0
58.1519401122748,11.7701889229456,2.73609046277124,0.00538574900012463,0.0108302688924596,0.620532091474161,0.0195925760447932,0.00466772182731889,2.05281189177185,40,57.1168948058039,0,2,3.65276213479228,0,0,25.896914008772,0
47.2836772684023,10.0691829115444,2.12090192735195,0.0197045402391814,0.0314602410104126,0.162855449598283,0.0120689602536871,0.0260432382369554,1.89980578841642,40,57.1219769492745,0,2,4.18467925162986,0,0,24.3718623288441,0
39.8047097646409,7.1265806511983,0.354088745894842,0.0146490928996354,0.0304533826517873,0.666286082472652,0.0128537785545946,0.0221348155758553,1.63431240874343,40,37.7555765304714,0,2,2.57729057502002,0,0,29.8920394107699,0
11.0043240791602,2.62060631984851,2.51234155381098,0.0192594986653421,0.0256058053742163,0.659434894565493,0.00152815529900603,0.00894611877647461,1.84533531381749,40,64.0036524180323,0,2,2.23336707893759,0,0,17.4427332670894,0
62.5976232515187,11.9173285840564,0.208310187212192,0.0082303797127679,0.0264269462521188,0.791138248285279,0.0150311826633802,0.0106691057571047,1.68936279928312,40,65.1768204849213,0,2,2.66147642885335,0,0,26.2096988630947,0
61.8197652704082,11.793445898317,0.921879893518053,0.0197021275816951,0.0220480426419526,0.752356836106628,0.00392400336429011,0.0103180880654603,1.82821302697994,40,57.5477898679674,0,2,3.27835620846599,0,0,26.0615631064866,0
43.7195735203817,8.82024608146223,2.1242815379519,0.0196098733099643,0.00929401980573312,0.821519922232255,0.0264476636095624,0.00233752346119611,1.50845558196306,40,48.5681561846286,0,2,4.86449737870134,0,0,25.8177570963744,0
28.5268968860938,5.78873049498345,0.94061070936732,0.0123857144685462,0.0180247554657981,0.254239552188665,0.0283218278121226,0.0266269214818114,1.67958875512704,40,36.8820898421109,0,2,3.89081593602896,0,0,15.3834690665826,0
25.0720900393592,4.53452366156445,1.451912448043,0.00990750890690833,0.0285593255828135,0.707057176157832,0.00737154611125356,0.018416177615514,1.74508157209493,40,31.3513394724578,0,2,2.42440467723645,0,0,16.5358277584892,0
59.7611983565316,11.1105953830628,2.43899309285916,0.0145042039745022,0.0192356437970884,0.171804710291326,0.00654683056316804,0.00406974354984006,1.50145842926577,40,41.81590965949,0,2,4.91793303750455,0,0,24.107888181461,0
33.1021348162804,6.39878173230591,0.511596095399,0.00964591879979707,0.0129800300421193,0.991096212062985,0.0292566156190378,0.00150019145346945,1.79879938461818,40,42.9792223032564,0,2,3.75880867452361,0,0,24.6005238674115,0
51.3209556512611,10.0281024779781,2.28307500772644,0.0198206647008192,0.0265234877271578,0.636586774606258,0.00493706697994843,0.000823723860562313,1.84972738707438,40,56.5556938853115,0,2,4.30161448498257,0,0,16.209984269226,0
36.8531417060551,8.83333582948224,3.82919634680729,0.00508582331589423,0.0123268890744075,0.273222994757816,0.00988501763970358,0.0127425089140772,2.35685841739178,40,54.2927773855627,0,2,4.40136575512588,0,0,16.4172543177847,0
33.6521453847313,6.99308495569937,2.20205392863136,0.0128462009632494,0.0233750512381084,0.213070908328518,0.0210132612721948,0.01890267732637,2.06084565655328,40,66.0982078965753,0,2,2.74558440083638,0,0,22.2358063026331,0
53.2641376493476,11.2907017010692,2.13123288180213,0.00761473752674647,0.020247280985117,0.940719202859327,0.0234802068471583,0.0152371407207241,1.6368559896946,40,59.1310887318105,0,2,3.74590987898409,0,0,19.2112542805262,0
11.9029049712347,3.02667612405038,0.894054289441556,0.00838285430218093,0.0046805494306609,0.0422126778867096,0.00915324687168002,0.00288237095235847,1.78449222678319,40,62.3524910863489,0,2,3.6955497066956,0,0,26.1881981114857,0
52.8314574426444,11.060195854192,2.21435284707695,0.00954779056017287,0.0198997591855004,0.0878943304996938,0.00385832310232799,0.0298965962063521,1.96610686625354,40,34.9555081222206,0,2,3.28830288723111,0,0,27.0962436497211,0
41.4348223714837,8.53487130931034,2.76202012016438,0.0144150461524259,0.0190284449923784,0.163324359804392,0.0281518992610089,0.0116547057879763,1.99139382480644,40,40.1379042491317,0,2,4.15454913163558,0,0,28.4395796677563,0
33.8759331707505,6.98514509055383,3.28907823481131,0.00928959650336765,0.0165440455051139,0.305725058540702,0.0182316030727886,0.0208624823302729,1.83871149946935,40,50.9083578363061,0,2,4.2422222266905,0,0,27.4505412485451,0
42.473066596779,8.10086801104364,2.37475862621795,0.0127358468167949,0.028497988039162,0.710601230850443,0.0126791777633107,0.00469248596337158,1.90275448583998,40,44.7035425156355,0,2,3.41136896167882,0,0,25.4911337897647,0
47.8302168220487,10.0969390240371,2.9830371447606,0.00527297444990836,0.0146178608988412,0.316214383812621,0.0066834065728425,0.00305242573475232,1.85067845787853,40,48.3923680800945,0,2,2.94176100823097,0,0,20.0871544587426,0
54.0101263566073,11.2232593732306,4.06332950864453,0.0156704021210317,0.0192160974796861,0.58888992946595,0.0264847875740891,0.0121055532061332,2.23379632690921,40,66.1697954963893,0,2,4.26394288870506,0,0,23.2126227964181,0
51.7207100655345,9.11078500183365,1.67162801977247,0.00908926559844985,0.0232845945032313,0.184547388926148,0.00691898670143448,0.01940466261558,2.05506883678026,40,42.6759282127023,0,2,4.82871282543056,0,0,19.3231671431568,0
9.28014058288337,1.34100831245455,1.39066799695138,0.0143828622531146,0.0216337215825915,0.00123186316341162,0.0131490899451962,0.00647630508130882,2.34774755802937,40,37.7802196703851,0,2,3.72392477560788,0,0,28.6269757908303,0
60.4703556181793,11.006555587651,0.577357167494483,0.0133146001491696,0.0295576200559735,0.543111039092764,0.00314256294065854,0.0138252544447756,2.43351721274666,40,36.8417211901397,0,2,2.83895115158521,0,0,20.9021086036228,0
33.041715468429,7.2690618737339,3.71043157030363,0.0119099941791501,0.0134871306121349,0.109269488602877,0.00318541282532038,0.0263098281220184,1.89044444146566,40,31.1647739913315,0,2,4.06061230180785,0,0,26.3958929968067,0
24.0796813747592,4.7449015210032,3.96652666688897,0.0151223692321219,0.0127924642059952,0.742114985594526,0.0148007808941021,0.0176224203831516,1.6238560390193,40,33.4813136328012,0,2,2.36780072748661,0,0,29.5624350907747,0
63.022519390934,12.9429559180523,0.779597370070405,0.0140397033584304,0.0328218728420325,0.835416200570762,0.0200041118526622,0.00878132812055992,2.1013957222458,40,56.4418387785554,0,2,2.43660832941532,0,0,20.6580087484326,0
39.3338879894525,6.88763320229133,0.196021487354301,0.00734728900715709,0.0325083490451798,0.205973142292351,0.0232984409189946,0.00160112128021196,2.25066567864269,40,53.5982768516988,0,2,2.00129923969507,0,0,15.0524775451049,0
34.4571760828947,6.98615695830367,2.73657073325012,0.0168228242499754,0.00211653273645788,0.635961947962642,0.000724564413907938,0.0291316482786275,1.75338221946731,40,42.1452716179192,0,2,3.87804246670566,0,0,22.0594690879807,0
37.9723400432684,8.77490403752844,4.12254821928218,0.00648024580441415,0.00786322859767824,0.64048726321198,0.0129592980314209,0.0286087375537166,1.74394204234704,40,35.3512529935688,0,2,3.82647797977552,0,0,21.7107206722721,0
31.339990967605,5.62754946007859,0.658743984648027,0.0155582615919411,0.00934419973101467,0.170905116014183,0.0110024902139325,0.0271315320157609,1.68051586183719,40,52.4647224973887,0,2,3.8791660789866,0,0,21.2791457609273,0
57.4058884272912,11.7975469591722,1.32413378020283,0.0196724208386149,0.0342291664513759,0.736739259911701,0.0118681444835919,0.0213526325187576,1.62934700213373,40,38.566463412717,0,2,2.4683640608564,0,0,27.9838536889292,0
11.5009913931888,2.8794547550617,3.72468931227922,0.0110288503521588,0.0326192059274763,0.769072376191616,0.000227782949521206,0.00599478758180281,2.34295140579343,40,38.2899381406605,0,2,3.20572504843585,0,0,16.3397227402311,0
53.5800793308084,9.71403223148315,4.41462759836577,0.0170098631642759,0.0279951656674966,0.538960768608376,0.0100801731260191,0.0106058623844897,2.30159392394125,40,61.2430146709085,0,2,3.56242577102967,0,0,21.5290426381398,0
24.9635311514887,5.31969395225752,3.0409779389156,0.00549648089450784,0.00706767401099205,0.589215198531747,0.022575575943049,0.000220606703339145,2.10798748373054,40,49.030298339203,0,2,3.99373043235391,0,0,27.7752316743135,0
41.5927695931942,8.61643247025373,1.88495829538442,0.0108646002295427,0.0132010145941749,0.211512635927647,0.0226426725048921,0.000648855272948276,1.59951494983397,40,42.1308299619704,0,2,2.17776118475012,0,0,16.7821116128471,0
53.7349978428377,10.6247179338767,1.72038171789609,0.0149882867559791,0.0284732568287291,0.566438921494409,0.0285154022932006,0.00532310879644006,1.60993258818053,40,33.5260150674731,0,2,4.27336301282048,0,0,19.3874094402418,0
46.8641936609552,10.2330935286018,1.3080326722702,0.00938306469819509,0.00157004830101505,0.135167126310989,0.0255988014448248,0.0196429536164249,1.67075059982017,40,54.8717761971056,0,2,4.50322561454959,0,0,26.1363502743188,0
51.5281171239627,10.431584905879,2.00003713835031,0.0183377312112134,0.034009054498747,0.0786903495900333,0.0145646503627743,0.0176335300834454,1.5538298888132,40,40.1104317046702,0,2,4.9087028298527,0,0,23.5668197565246,0
48.0078648710306,9.45494234259658,2.32393734622747,0.0119345709146,0.0127400936665945,0.197202248964459,0.000433362990336027,0.00244585476457607,2.34411511383951,40,63.9105430524796,0,2,3.23146173660643,0,0,27.1477047284134,0
69.37798306957,13.8189574387832,2.85403281846084,0.00679220840102062,0.00790929837850854,0.027465095045045,0.0200195219631726,0.0195241162926564,2.44814701355062,40,37.1412569470704,0,2,2.87285405490547,0,0,26.837255700957,0
73.9995663267334,14.1438985286478,4.07739901193418,0.0196951894543599,0.0133784167277627,0.69826542516239,0.00923175228896318,0.00356529005436227,1.95739781600423,40,53.2898789271712,0,2,4.6017083087936,0,0,16.6507029463537,0
33.2958838938656,7.0276142725321,3.1629779728828,0.0120183249516413,0.0215223645283841,0.139816589886323,0.0157372671185224,0.0244606526086549,2.2684720356483,40,64.5390929281712,0,2,4.59425343153998,0,0,19.2345574311912,0
56.0210680768566,10.9324270617125,0.158287612488493,0.00818432250642218,0.0324759880262427,0.962651110254228,0.0243215965572209,0.0211890178149589,2.44302403717302,40,51.2408825848252,0,2,4.08971765311435,0,0,20.6560047995299,0
60.4824436230218,12.1462586793049,4.01587018801365,0.0085902413376607,0.0327604650575668,0.97550954669714,0.0278514023120422,0.012121494538202,1.58166074217297,40,67.8811200056225,0,2,2.92715047299862,0,0,17.1918104938231,0
45.4331476581094,9.3831951416766,1.70570444595069,0.00728319750749506,0.0229853961435147,0.274244121043012,0.0281775472394656,0.0230646723887254,2.49662410700694,40,40.9504986926913,0,2,4.47740021930076,0,0,26.1762239760719,0
53.7532763405288,10.7691400158316,1.53745571058244,0.00647356690838933,0.0200596314584836,0.348678966984153,0.00190583489718148,0.0249060312755033,2.21273686061613,40,34.8927002493292,0,2,4.58502626302652,0,0,15.7520543143619,0
30.8448543345625,5.25979103987408,2.77125950250775,0.0131091164832469,0.00216601797984913,0.92949345195666,0.021553917232682,0.0105823158726562,2.07879058923572,40,38.8913637213409,0,2,4.13466806197539,0,0,18.291009577224,0
27.7595257823237,6.02927500021704,1.20794114156161,0.0149632040085271,0.0277361922105774,0.350599888246506,0.000220841751317494,0.0114588029339979,2.40188490226865,40,45.2800773270428,0,2,3.82001644326374,0,0,17.0005376636982,0
27.3652263829246,5.15838998951181,2.51432177843526,0.0122686144860927,0.0216534085161984,0.149740478256717,0.013444121752854,0.0015158453192492,2.27654292248189,40,37.7385276090354,0,2,3.75068404967897,0,0,22.2513498191256,0
56.4385053040789,10.8046205409348,4.4909403717611,0.01038663350977,0.001498265854083,0.434290336444974,0.020077807326098,0.0197928392056539,2.36603546328843,40,34.6518733445555,0,2,4.45231536729261,0,0,25.7844124780968,0
22.4708614018221,4.26789099362118,2.45769537461456,0.00564809431321919,0.00687824714556336,0.283847544342279,0.0218534817683417,0.000288770393617451,2.0451175889466,40,55.5435054004192,0,2,4.80594280990772,0,0,21.0748601518571,0
73.444850166049,14.1846054473931,0.817458917037584,0.00844355505309068,0.0345603989288211,0.517021700739861,0.0243957239877013,0.0167602443166357,1.87590625928715,40,66.9491754099727,0,2,2.16707009449601,0,0,25.3037638496608,0
35.9929178226673,7.50941569705172,1.679498868878,0.00602495295344852,0.00251237210212275,0.469395657535642,0.0175870967819588,0.00243106381437508,1.78676108294167,40,31.2516439054161,0,2,2.99726838921197,0,0,21.4759285119362,0
74.0891787401965,15.1517595253372,2.80611242924351,0.0173768369387835,0.00225516677740961,0.600409092847258,0.00303223617336946,0.0263402389048506,1.56971693760715,40,54.4885692279786,0,2,4.79181098891422,0,0,26.1321787058841,0
32.9713544844362,6.52356185545936,0.57180047489237,0.0170470566477161,0.0289127021715976,0.333607867127284,0.0210216635636007,0.00729655384498183,1.7363845766522,40,56.503990823403,0,2,2.29151270794682,0,0,21.476264577359,0
42.1755137985807,8.26460241612536,3.85343678458594,0.0188099302805495,0.0135589711721987,0.851307636825368,0.016313364811677,0.0145577256085724,1.8853677699808,40,49.5292044524103,0,2,4.63525096699595,0,0,19.6330016409047,0
46.5196353114601,9.51731170319719,4.49050766439177,0.00699264316470362,0.0256947093144991,0.570774040650576,0.0203417804712174,0.00496162943084259,2.35911365645006,40,34.7844397183508,0,2,4.93531747558154,0,0,28.5119081963785,0
48.5807563750001,9.01405555023791,0.0202999112661928,0.00956643637269735,0.00494344015279785,0.761711694765836,0.0155852441442222,0.00622376919680973,1.83740598103032,40,61.323925498873,0,2,2.17426901566796,0,0,24.5113710011356,0
48.79368892595,9.43616807958875,0.330012319958769,0.00504815088002942,0.0127153761908412,0.798118999460712,0.0280119084780477,0.0187848624075414,2.26705687493086,40,52.7182523626834,0,2,3.16832861606963,0,0,27.96307901619,0
6.59506846767846,0.636855049540818,4.03144035476726,0.00537203031824902,0.0262563044466078,0.991920858621597,0.00429861679503461,0.0299465614140895,2.09429804515094,40,40.2652490325272,0,2,4.60070427064784,0,0,23.1060022884049,0
52.4251769963802,10.3155179951302,3.76820686168503,0.0168091204669327,0.0324400716410019,0.852369654225186,0.0191424018601305,0.00619964370249538,2.18153964355588,40,65.8902336284518,0,2,4.4892961285077,0,0,25.2346233045682,0
21.8139225248518,4.6003488629012,3.59829724591691,0.0173797554371413,0.031048202148173,0.977323266444728,0.0129827290791296,0.00316616122142179,2.38901621731929,40,50.5353391356766,0,2,4.9108205169905,0,0,18.6975182918832,0
62.7102763457905,12.7378845614965,0.602843293338083,0.0195300110534299,0.0138330355035141,0.777117992285639,0.0103560270449915,0.0204568227916886,2.31298893154599,40,57.8721251618117,0,2,3.13902678177692,0,0,21.2408805219457,0
60.2762905223319,11.9269606419534,1.43411619553808,0.0155478406825569,0.0337319614370354,0.874345179181546,0.00651962397264317,0.0175828219769034,2.24990053777583,40,48.0449735745788,0,2,3.06626029033214,0,0,23.2729696878232,0
30.2545443015898,6.45562906063498,0.102644948638044,0.0174394381046295,0.00256254548067227,0.0660953915212303,0.0254108801811445,0.0265222982694185,1.62848856230266,40,45.7101310323924,0,2,3.80569293373264,0,0,15.7246024359483,0
58.4074318794712,10.9048980232074,1.45938096474856,0.0178637170721777,0.00602592826774344,0.0222172578796744,0.0120922711170395,0.00604277529882034,1.83606130466796,40,41.060003945604,0,2,3.23065616027452,0,0,16.7544408270624,0
74.029968018394,15.6829639325736,2.51956210343633,0.0159024100296665,0.0288405494107865,0.277357569430023,0.0063559796207631,0.00984438152267597,1.63618886820041,40,54.9412167724222,0,2,4.10222250269726,0,0,17.6261579431593,0
